id,teks,tanggal,sumber
e113ae49-d462-4dd3-baa1-429a1905f41c,"woi cs bales komplain gw di alfagift, pesenan gw ada yg kurang nih",2026-08-20 07:00:54,playstore
8781d527-5694-4fea-8ed2-dba49940755b,bagus tapi sekarang poin kecil dan kupon ngaco ga ada yg bisa dipake enakan yg dulu poin besar ga banyak neka neko kupon,2026-08-20 06:49:02,playstore
d5676f3e-d0f8-4dca-a972-3882edc941fb,harga jauh lebih mahal dari toko sebelah,2026-08-20 04:18:08,playstore
4e7be2a7-1fdf-4925-ad10-00d51d77f726,"lambat bagaikan siput pengantaran kurirnya, rata² makan gaji buta.",2026-08-20 03:02:15,playstore
7c04ce40-53e6-4855-a792-ed15ca533912,mantap,2026-08-20 00:03:46,playstore
f1c42818-d4b2-4a56-8969-2a6199605f7e,"pengembalian dana nya buruk, dana tidak pernah kembali",2026-08-19 22:41:44,playstore
23013a5d-3a1d-4b57-b9c2-302db73945d4,Apk Scan nih ( penipuan) masa katanya bisa beli produk seharga 50% giliran sampe di kasir gak muncul kode nya ternyata malah harus bayar lagi sama aja boong beli vc + beli produk nya lawak,2026-08-19 13:43:56,playstore
eb16f96c-d2e3-437b-968b-2e357050c86e,"maaf saya kasih 1 biar di notice. tolong buat agar bisa refund hanya item yang kosong, jangan 1 struk dibatalkan semua. masa udah 2x beli flash sale susah2 ngewar, tau2 dibilang stok kosong di gudang terus batal semua.",2026-08-19 13:40:07,playstore
663f7e36-5ff6-473b-8dbc-5b781818880b,"transaksi pick up pada 17 Agustus 2026, dan sudah lunas, tapi ternyata tokonya sudah tutup. komplain dan mengajukan pengembalian dana tapi sampai sekarang tidak ada respon. pelanggan selalu diminta menghubungi nomor tertentu tapi solusi nol besar.",2026-08-19 13:33:50,playstore
43211bf4-31b6-4ec3-87f6-a1d37a86292e,"jujur padahal alfanya deket, cmn aku tetep pake jasa alfagift. enak dan praktis.",2026-08-19 12:50:25,playstore
c6674816-20a0-4b3c-9be3-d94db5bb5a7b,"pengiriman lambat,lama,bukan sekali dua kali,tapi sering,kadang tokonya di chat baru mau otw,sampai pernah saya ambil sendiri sangking lamanya 😒",2026-08-19 11:01:05,playstore
c6c627db-6747-4014-bc75-cf5982276993,apa tidak bisa verifikasi lewat sms? nmr nya sudah tidak bisa di pakai Whatsapp,2026-08-19 10:55:04,playstore
d5c97cf1-ee77-49de-85d2-50aa02cc77c3,pengiriman lambat mkasimal 1jam pembayaran malah sampai 3jm baru dianter 👎,2026-08-19 09:53:19,playstore
2e353755-6e15-4bf9-b7f7-e8f267da6546,kadang server ga bisa pdahal internet aman bikin terganggu check out,2026-08-19 08:59:23,playstore
1fa81651-d90f-46f2-bbad-a8c0dfae4757,"Aplikasi gak jelas,, buat estimasi 1jam datangnya 5jam dihubungi tidak diangkat, chat no respon",2026-08-19 07:53:22,playstore
ef3b5803-a130-43bf-9a00-b486f5e07193,"dulu aku langganan banget alfagift, cuman kok akhir2 ini aplikasinya berat banget lama banget dibukanyaa, akhirnya sekarang pindah ke aplikasi indomaret",2026-08-19 07:13:16,playstore
7fd50bd0-6b6f-4ecd-a9fc-2fdc01a83eca,beberapa kali ini belanja pake alfagift dikirim nya lama bangetttt padahal biasanya enggak. ini sudah pilih opsi yang maks 1 jam setelah pembayaran. nyata nya ini udah lebih dari 2jam ga di kirim kirim. minta tolong konsistensi waktu pelayanan nya di tingkatkan dong :) tau gitu beli di mart sebelah.,2026-08-19 05:11:36,playstore
441771db-87ab-42d6-b4b6-2057a8ef1253,"Pesan di sini aneh, mau ngajuin pengembalian karena barangnya lama bgt tpi statusnya udh direrima tpi hrus konfirmasi dulu pesanan, udh konfirmasi pesanan gk bisa ngajuin pengembalian karena pesanan sudh diterima 🙄",2026-08-19 04:25:50,playstore
0f8e6952-88a4-44d5-8bcf-00b16e95fd01,"Mempermudah bagi saya seorang busui,tidak lagi repot kluar rumah Bwah"" baby😍🥰udah gratis ongkir, belanjaan ad diskon peritem juga,AP lgi diskon rupiah nominal belanja 🥰🥳",2026-08-19 01:08:33,playstore
565fd1de-edfc-43b5-aee5-4f2377304d9c,"aku pribadi kalo eror aplikasi masih bisa la di toleransi asal kita jeli aja. Tapi yg kesel ini pelayanannya LEMOT. Itu estimasi di buat biar apa coba, kalo misal memang brng blm bisa di krim stelah 1jam payment.. ya 1jamnya di close. tiap pilih yg 1jam kebanyakan brang sampe 2-3 jam. bahkan bisa lebih, yg tugas bales cht juga. Minimal konfirmasi kalo emng blm bisa di krim, jadi kami sebagai customer tau. Apalagi klo malem, Udah di tungguin berjam-jam, taunya ga di kirim mlh besoknya baru di krm",2026-08-19 00:13:41,playstore
3a6c4465-ba23-4873-9a50-9459a4702e2f,"point saya gak nambah nambah masih 1900 aja padahal belanja terus dan kasir selalu tanya ada member ? sy kasih nomor member saya,masa riwayat point di Alfamart itu2 aja.",2026-08-18 21:34:03,playstore
5b89c8d7-fadb-4089-9b93-8cd2ddd02aa5,Bagus sih tapi kok dana cicil saya nggak aktif ennggak bisa di pakai transaksi,2026-08-18 18:35:23,playstore
3b2e44cb-7d79-46a9-a103-b65d9cc467fd,"Duit gue nyangkut gagal isi pulsa, pengembalian 2x24 lama banget kerjanya, tidak recomend",2026-08-18 16:38:02,playstore
30c755fd-84bb-4367-99c9-12006a8726f2,terima kasih Alfa gift sudah sangat membantu saya❤️🫶 semoga Alfa gift semakin sukses dan maju terus aminnn😊,2026-08-18 16:07:17,playstore
21934043-936e-421e-9166-37dbe5e39cd8,bagus banget,2026-08-18 14:02:52,playstore
31afe88d-8162-43b8-a9ee-903543d1c6a6,Min... Alfamart cabang Rajeg - Daon (Kabupaten Tangerang) kok gak ada delivery-nya ya ?,2026-08-18 12:26:20,playstore
dac9b6bb-9ece-4f9b-b854-6ff0babcc7fd,respon admin Alfamart nya lama bahkan ga di respon klo di chat nnya soal pesanan dan pesanan di aplikasi sudah di trima padahal belum saya trima,2026-08-18 10:14:32,playstore
7ce8effe-228f-4a2a-88bf-8257fbae203f,sangat bermanfaat,2026-08-18 07:47:22,playstore
5ba59604-ac8d-49c0-9ce7-01634ef670b0,"voucher potongan 50% udah dibayar tapi tidak bisa digunakan, mengajukan refund suruh nunggu 7x24 jam tidak ada dana masuk sampai saat ini. gimana sih niat kasih voucher nggak sih",2026-08-18 06:27:41,playstore
5779a279-0c5f-4064-b9dd-65ffbd11bdfe,"aplikasi nya lemot bgt, susah dibuka padahal sinyal sudah oke",2026-08-18 05:29:22,playstore
928feed4-2a9b-4538-9ead-354be23fb74d,"Tolong dong min stok barangnya dicek lagi beneran ada apa ngga, terus diupdate stoknya di app alfagiftnya. Saya kemaren order 12 barang tpi 1 nya ternyata stockout padahal di app alfagiftnya keterangannya produknya avail, akhirnya kecancel semua. Mana refund uangnya lama ini udah 3 hari uang saya belum balik, padahal kata karyawannya max 3 hari. Saya minta kepastian kapan uang saya kembali min. Ga semua orang berduit, itu duit buat beli keperluan bulanan yg sampe sekarang saya msh blm bisa beli.",2026-08-18 05:00:45,playstore
38dbd7d4-5dfb-403e-aaca-c6a958cbada0,"Sengaja kasih bintang 5 biar di lihat semua orang, tolong banget aplikasinya di perbaiki. saya sudah 5 tahun menggunakan aplikasi ini, baru kali ini mengalami masalah. alamat yang selalu di gunakan untuk mengantarkan pesanan tiba² tidak tercover, udah di ubah pun alamat nya tetap aja tidak bisa. tolong banget di perbaiki aplikasinya, baru kali ini saya kecewa dengan alfagift",2026-08-18 01:09:56,playstore
dc23e383-53cf-43ef-b77d-4ff32136f957,sangat membatu,2026-08-17 15:49:32,playstore
ff2ef9b5-3505-4be4-bdbf-b0d1b1d0725b,"tolong d proses refund uang gueeeee.. kocak uda 3 hri lo yak. ini klu uda tau di alfamidi gak ada barangnya, d close kuantitinya. uda nungguin tiba2 blg mau d retur, maubalikkin uang tp gk d balikkin smpe skrg. greget bgt nunggunya yak.. ini uda mau masuk hri k empat. respin pngembalian uangnyya lama bgt.....",2026-08-17 15:27:06,playstore
3921c50f-4aea-4594-9611-0ee24238e3f1,pelayanan buruk,2026-08-17 15:25:33,playstore
5a17d63e-54af-415c-bdff-c44dd6a93c66,pelayanan-nya kurang memuaskan lama banget antr pesanannya dan slow respon kalau di chat,2026-08-17 12:59:04,playstore
972b5341-c0a1-45ce-8b1c-57d752c77d44,kurir tidak mempunyai atitud yang kurang sangat baik di alfamart raya bawen kurir naik motor vario knalpot brong,2026-08-17 11:59:36,playstore
cc8edfec-3e29-499b-9afa-c7f64c6f0f46,"bukan gk mau belanja online, tapi aplikasinya lemot banget.",2026-08-17 11:46:01,playstore
5dae768d-2aca-46b3-9074-ec4a1117199c,"eror lokasi gw aja salah, plis lah daftar nya juga g bisa udh baca syara ketentuan nya pas di kali g bisa apk nya eror apa gimana",2026-08-17 09:46:36,playstore
e691ef72-3127-47ce-9748-96e85dd86fd2,mau msuk LG gak bisa knp ya,2026-08-17 06:32:54,playstore
869fcf1f-68d1-4c75-a13a-6e691c77c003,haloooo alfaaaa plis deeehh gausah ndetect lokasi ku. jelas error kan!! akutuh diluar negri. aku mau beli barang buat kluargaku di rumah. malah kamu ndetect lokasi ku yg diluar jangkauan iniii.. hadeeeeehhh ga penting km tau aku dimana. yg penting lamat kirim jelas. yg pinter deh.. kyk shopee gt loh pinter,2026-08-17 05:55:19,playstore
2f07414a-9172-42ac-a878-f6e542167d1e,"ALFAGIFT keren banget sekarang, udah ada metode pembayaran QRIS 🤭 Alhamdulillah itu yg udh lama aku nanti kan. mana qris nya berlaku buat spaylater juga😌 super gampang banget udahh. seneng. rekomend banget buat kalian guys promonya banyakk",2026-08-17 05:41:03,playstore
dc70066b-2e1f-4f23-9240-c6014d18e927,"sering update, bukannya lebih baik malah tambah buruk. loading lambat, muat halaman terasa berat",2026-08-17 05:22:07,playstore
d6dc10cd-8874-4c25-9365-5f2d2da0af20,"Aplikasi sudah kembali normal, no bug.",2026-08-17 04:25:56,playstore
316a8208-cf38-40ca-aa9a-4cd126976fd4,"saya udah checkout dan bayar, uang nya kepotong tapi di aplikasi masih ""menunggu pembayaran"" sampe sekarang duitnya belum balik ilang dah 100k",2026-08-17 03:55:51,playstore
3cf707aa-8dad-48e9-85da-104a4e721c8c,aplikasi berjalan lemot kurang memuaskan.,2026-08-17 00:59:51,playstore
f9b37346-3722-4b41-9609-79d362671d76,"alfagift memudahkan pembeli dengan berbagai fitur nya, sejauh ini saya benar-benar dibantu oleh alfagift dan tidak menemukan adanya masalah. Terimakasih developer telah membuat aplikasi alfagift 😭🙏",2026-08-16 22:38:35,playstore
5d603451-bd69-4342-900b-069714039b58,kenapa aplikasi ny ga bisa kebuka,2026-08-16 18:22:43,playstore
7a2d9dab-a44a-44c1-9a02-a8f29e471379,belanja oke tp kl beli galon NO banget lamaaa banget sample kehausann,2026-08-16 12:25:04,playstore
8c3f972f-be38-44e6-98c3-a4dc35b500e0,mantap bgt,2026-08-16 11:50:59,playstore
8fd9434c-fc3c-4c06-a0a5-60cb643e95c6,suka pengirimannya cepat dan produknya selalu lengkap,2026-08-16 08:46:32,playstore
7f16f38e-815b-428f-b253-cb910f98816c,"pesen dari jam 6.52 buat pengiriman jam 8. sampe jam 3 sore ga ada juga. jam 10 pdhl statusnya dalam pengiriman. dichat ga dibales padahal aktif, giliran ditegasin minta cancel malah nanya ""pesanan yg mana ya"", ga sopannnn!!!",2026-08-16 08:13:22,playstore
3afa48ec-7086-4dd0-a867-e4bbeac29cf0,"Banyak oknum, barang tdk komplit. pesan 5, di kirim 4. kurir kebanyakan tdk kredible",2026-08-16 07:55:15,playstore
108bc157-714a-47fc-a861-1828bf8fbdf9,Sangat membantu pemesanan delivery terimakasih,2026-08-16 07:50:18,playstore
c8e338f6-1d56-4f1a-a032-82b32fad902d,"saya pesen ,dari jam 9 Sampek jam 3 GK dtang"" ,Giman sih Alfa ini",2026-08-16 07:23:42,playstore
4e29821a-c7f1-4921-b6c0-0fbc9f2cf21d,"lucu bngett adminya bales, aku juga mau dibales adminn😭😗",2026-08-16 06:33:54,playstore
d3347b53-9afa-4d13-bb4e-8648da83a676,"mengapa harus update terus, menuhi memori",2026-08-16 05:44:28,playstore
6edec9df-1909-4864-85f4-c31b7233fb78,aplikasi nya ribet tidak memudahkan pendaftar,2026-08-16 05:38:20,playstore
137c2298-2fc6-46cc-9c3d-dac15bfe9025,kenapa tidak di perbolehkan memakai aplikasi HTTP Cosume & HTTP Injektot kemarin bisa tetai sekarang malah tidak bisa lagi kita mau belanja lewat aplikasi ini bukan mau ngapa²in,2026-08-16 05:13:16,playstore
d4b6ef49-2b58-4946-af17-3a0e41334e2a,mantagg,2026-08-16 03:26:11,playstore
e6913fb9-c330-42a0-9513-313dccdac754,ok,2026-08-15 23:26:46,playstore
92dbdcc3-87b1-4083-8059-68b3ffe6cb25,promo gak bisa diambil,2026-08-15 11:48:18,playstore
d719fe5c-b6a3-4a80-a770-51d4d1ea3f1a,"Izin saran, aplikasi belanja digital Alfamart belum tidak bisa di edit pada sudah di check out dan tinggal melakukan pembayaran, tolong berikan fitur edit untuk menambahkan/mengurangi pesanan, supaya tidak mengulangi pesanan yang sama. Terimakasih banyak 🙏",2026-08-15 10:16:53,playstore
5ac2f083-d1d8-4068-94f4-2b082a3aedb9,"pengiriman lelet, gak pula bisa di batalkan",2026-08-15 07:32:26,playstore
db746a15-fee8-4ed7-b65c-a9df0a941b34,mau liat E-receipt aja malah loading error monyet.,2026-08-15 07:17:08,playstore
0dbbfe64-ffb6-4878-95f3-e8c8cf78cde0,dua kali belanja di Alfa gift uang ga kembali barang ga keterima chat di pemesanan ga ada pergi ke Alfa terdekat kasir tidak bisa mengatasi heran perbaiki lagi sistem y kalo engga bintang gua ga bakalan naik wajib uninstal duit ga kembali barang ga ada buat kalian duit 30ribu ga ada harga y buat gua berharga makan aja duit gua bekal akhirat nanti jangan mau belanja di Alfa ganti indomaret aja,2026-08-15 07:11:50,playstore
4624b3eb-9431-431f-933f-cbbb349f9e8e,gak bisa verifikasi. notif gagal memuat.,2026-08-15 07:11:03,playstore
d72f51fd-0bd5-44ac-b40e-bae30e93cd43,"beberapa bulan terakhir aplikasi tidak bisa digunakan. setiap kali membuka aplikasi selalu diminta mengatur cara belanja. setiap saya mengatur cara belanja di,selalu muncul notif alamat tidak dapat dijangkau, padahal sudah bertahun-tahun saya menggunakan fitur delivery dan tidak ada masalah. saya iseng mengecek toko terdekat pun yang muncul toko di daerah bandung, padahal saya tinggal di kalteng. mohon perbaikannya untuk aplikasi ini, karna sebelumnya aplikasi ini sangat membantu saya",2026-08-15 06:52:20,playstore
6d0bcaa3-7c52-410d-b339-fdf3f944efb4,bolak balik udh masukin kode otp tp ttp aja GK bisa . jelek aplikasi ny,2026-08-15 06:47:25,playstore
dfb24a31-9dc5-4338-aafc-90d663d07643,"Order siang biar cepet malah di anter malem,KOCAK!! SLOW RESPON!! KURIRNYA MAGERAN",2026-08-15 06:38:43,playstore
11e2ada7-fa83-4aaa-a285-e24a3ab63420,kasih promo ga jelas arahnya anjir cara pakai kode vocer gajelas,2026-08-15 06:29:28,playstore
a9987070-a95c-40f3-ae71-062b63ad6d79,"aplikasi ga jelas,, pesanan dibatalkan dari sana uang refund 10 hari ga balik balik",2026-08-15 05:27:50,playstore
ff30ab58-8593-4e1f-b9c6-d72ab6cfc8bf,"yahhhh...... udah gak bisa lagi delivery di wilayahku, padahal saya tengah kota loh. kita belanja di sebelah aja klo gitu",2026-08-15 04:36:55,playstore
ea5d5d7c-b209-4fb7-94af-461ae11ae2ea,"Aplikasi mudah dipahami, lancar dan selalu dikirim tepat waktu",2026-08-15 02:14:36,playstore
32b3e71e-7822-4433-a241-54ddb7b5e3ce,"saya sering belanja disini, tpi ada 1 hal yg gapernah ditingkatin pelayanannya. di keterangannya bisa dikirim 1 jam setelah pembayaran, tpi saya selalu menerima barang lebih dari 1 jam, bahkan pernah 6 jam kemudian baru dikirim barangnya, bilangnya krn keterbatasan kurir, saya gabisa percaya itu",2026-08-15 01:50:50,playstore
c92c3b8d-6b3b-4f32-82a4-9be6a419f608,sip bagus,2026-08-15 01:38:33,playstore
440ca291-2d3f-4270-9edb-d371e72a2f02,Pesanan dibatalkan alasan tdk sampe ke lokasi yg ada. Ngapain dibuat pesan antar lewat aplikasi. Kalau nggak bisa diantar juga. Setelah pesanan dibatalkan poin pun tidak kembali.,2026-08-15 00:29:26,playstore
1a4e2033-602c-4d06-a053-71602a012936,"gajelas. saya pesen udah 24 jam belum dikirim juga, chat adminnya gak dibaca.",2026-08-14 15:33:03,playstore
8c0d1c1d-7c3c-4de0-ae03-813d49531cfd,"voucher potongan harga di aplikasi hilang, padahal belum di pakai dan belum kadaluarsa ... baru kali ini dapat pengalaman gak enak",2026-08-14 13:43:40,playstore
fd5db98c-c8d9-4dd6-8941-c206f9691cc6,udah langganan padahal tp makin kesini pengiriman nya sangat lambat pesen jam 9 dikirim jam 4 gajelas banget dahh mending pindah ke apk sebelah dah ah uninstall aja,2026-08-14 12:01:03,playstore
df581e0c-15f7-4826-a2a6-34ff8994bf2d,pesanan tidak sesuai dan DIKORUPSI,2026-08-14 11:25:08,playstore
63f3858d-61a9-41cc-bcf2-019179efdf47,"Pelayanan ok bang, ngga ada barang minta refound langsung gercep. thank you Alfagift",2026-08-14 11:24:39,playstore
48e5f8c2-7106-4be9-b791-16779b48f810,"untuk CS alfagift lama bgt pesanan sudah dicancel tp saldo belum kembali, mending perbaiki dulu csnya sy beli vocer sehagra 25rb tp g bisa dipake pembodohan",2026-08-14 09:12:05,playstore
cc6b17ad-79a9-4d58-b9f8-7fca40d9bf54,"apa²an ini? produk tidak tersedia di wilayah anda? padahal tadi pagi masih ada stock, sekarang malah semua produk tidak tersedia? apa maksudnya ini? ga becus!",2026-08-14 06:32:10,playstore
a86e55a2-6cac-4472-b5ee-be2ad72c1c55,Aman sampai rumah,2026-08-14 05:55:25,playstore
ba59672a-bb52-4afc-8e44-9a4d6c621430,sangat menarik 👍,2026-08-14 05:22:41,playstore
5d3b371e-e170-40f9-918b-348e3cb46582,"aplikasi nya eror, tolong diperbaiki",2026-08-14 03:26:55,playstore
d0ad113b-13b0-47a8-8423-7b2712dc3c5d,pengiriman nya lama banget maksimal 1 jam dari pembayaran ini 2 jam belum nyampe juga,2026-08-14 03:10:01,playstore
22d2a7c7-700f-431d-a620-55c4f64e0dec,"gak ada rokok, tapi kondom ada!",2026-08-14 02:54:08,playstore
cbdb904c-2b14-417c-b3d3-843233d0c40a,"pelayanan udah ada peningkatan bgt, makasih banyak",2026-08-14 02:44:06,playstore
f911e295-4cf1-4363-9ed4-3a5f10a239c4,tempat belanja yang nyaman sekali,2026-08-13 17:40:27,playstore
900b5b97-8273-4d16-8b68-022b73ded108,"Kalau bisa dikembangkan yg bisa menampilkan posisi driver ketika mengantarkan orderan kita (spt s*pe food). Kadang udah nunggu diluar tapi driver gak datang2, ternyata ada pesan masuk kalau orderan agak terlambat krn antri pengiriman.",2026-08-13 13:49:23,playstore
cdb5b178-ef79-4bd3-b21e-66bb77b53dc5,"cukup kecewa karena untuk membuat alamat pengantaran, tidak bisa dilakukan secara manual. Harus memilih dari peta, padahal di peta alamat saya tidak tersedia. Saran kedepannya bisa ditambahkan membuat alamat secara manual bukan berarti menghilangkan fitur menyimpan alamat melalui peta.",2026-08-13 12:34:00,playstore
9c662ce4-7f56-4df9-8147-d77927001074,apk selalu lemot dan susah buat masuk sistem lemot gajelas,2026-08-13 11:49:04,playstore
9630548e-aeb2-4f00-ad0e-2cdc4fda7b7c,"Aplikasi tidak jelas , isi ulang galon Grand kok kosong terus tiap hari!",2026-08-13 11:32:34,playstore
eeeb58d4-4c48-4503-92b8-f93f4450b318,sekarang gambar produk nya sering ga muncul jadi susah belanjanya,2026-08-13 11:15:49,playstore
061bbb45-27d7-476f-941b-6ae064dd54e2,aplikasi bagus,2026-08-13 10:24:10,playstore
12a602ca-b4d9-4f25-82fb-68718ef020ac,baik,2026-08-13 09:44:32,playstore
75f2587d-4bbb-4212-a64a-42de23ad8b27,"bintang 1 dulu... baru pertamakali pakai Alfa gift, pesan makanan kirain bisa langsung dikirim dari alfa terdekat, ternyata harus nunggu 3 hari, keburu laper 🤣🤣🤣😞",2026-08-13 09:26:17,playstore
7728c7fa-6d54-4307-8098-da3886c49bf6,ok,2026-08-13 07:21:09,playstore
8596ec09-c057-420f-a2e1-b80aa5b6a7f9,Baru kali ini saya kecewa banget pesanan diterima tapi barang belum dateng di chat katanya dikirim besok nah ini sudah besoknya tapi mana barangnya mana gak bisa refund karna di aplikasi bilangnya barangnya sudah saya tapi saya belum menerimanya sama sekali baru kali ini saya pesan tapi barangnya gak sampai sama sekali tapi status pesanan diterima,2026-08-13 05:20:20,playstore
2e613310-8fa6-493a-9af4-ad0339f9ea15,"kesel sama alfamart, kadang ga sesuai dg yg di rak harganya,,memang kelakuan binatang tuh ,,, ga jauh beda sama koruptor",2026-08-13 04:58:39,playstore
6ae65d40-cc2c-45b2-aa83-dcd4201cb95f,Toko lengkap,2026-08-13 02:25:59,playstore
f794ff99-4fed-47b9-836c-1e7b5244f5ba,"Stok aplikasi dan toko nya beda, Uda order melalui aplikasi tapi sama aja datang ke toko stok gada. Sudah payment, nunggu refund kelamaan",2026-08-13 02:22:08,playstore
101211c1-e1e8-4e2b-bf34-6edf9681d95b,"tiba2 alamat tidak tercover pengiriman,padahal kemarin bisaa",2026-08-13 01:25:37,playstore
0025ae99-98c8-4916-9e1b-436ffa4e15f0,"pengiriman nya buruk, udh sering kali beli kopi bean selalu cair mulu, kalo cair aja dikit gapapa tapi ini cair sampe rasa nya udh ga karuan",2026-08-12 15:17:10,playstore
7e36251b-97e0-4831-91e2-282d964acb57,halo atasan gimana ni gak pernah turun langsung ? parkir banyak woi 2 rebu siapa yang mau ganti di aplikasi gratis parkir kenyataannya bayar 2 rebu,2026-08-12 09:43:41,playstore
677a9d31-ba96-4c7b-8a25-2fb1acaf5a9b,Aplikasi belanja terbaik 😍🔥,2026-08-12 02:48:08,playstore
b6c1794a-35df-4473-82ad-aa0a4926a480,aplikasi sangat bagus,2026-08-12 01:55:16,playstore
7605710e-1382-4c22-af78-cd20a4739665,kenapa stok beras selalu kosong. terimakasih,2026-08-12 00:17:37,playstore
cc714549-af49-41ed-b577-d470e7ffa070,Aplikasi sampah. Crash terus pas dibuka.,2026-08-12 00:07:26,playstore
70167a32-e380-4300-b8d3-e8bde90d1004,"bagus ,pelayan an nya baik",2026-08-11 22:13:16,playstore
ef693f08-13b1-496c-9b76-553ae336ab00,gak jelas kurir nya,2026-08-11 14:02:07,playstore
8168f84e-220c-4704-a83a-ba1d5bf2fb90,LEE MINERAL GALON KOK KOSONG TERUS YAAAA....? APA SENGAJA DI KOSONGIN YAAAA TOLONG YA DI PERHATIKAN,2026-08-11 13:16:41,playstore
374ba769-bc64-428b-9c28-7e244cf54905,ok,2026-08-11 13:00:00,playstore
6aa146c8-5616-494a-b746-fbcc24bb9595,kmrn bsa di pke di tablet pas login disuruh update hbs it udh ga bisa lg dipke gimana sih,2026-08-11 12:53:01,playstore
e9a4ec0a-0bca-48a0-93aa-3f23b74cc118,murah ada poin discount,2026-08-11 10:23:22,playstore
11902bfe-113d-4b20-bbed-b43ca09d468a,"Pelayanannya buruk banget, aku minta tolong dia buat nganter sampe jendela rumah aku soalnya aku kekunci dirumah, tapi dia malah ninggalin pesanan ku di jalan.",2026-08-11 07:47:14,playstore
643cae07-efbf-4399-9aaa-64f6600b8882,"bagusan apk ini sih mnurut ku. belanja mudah, pengantaran tepat kdang jga cepat, respon bagus, diskon lumayan lah, free ongkir pula, sya senang menggunakan apk ini 🥰",2026-08-11 06:34:23,playstore
ee9bf2c1-4642-4155-b561-00cb59fe3c4e,sangat berguna,2026-08-11 04:00:22,playstore
8a0c954a-abc5-4688-95f1-dd46363bd3f0,"udh cekout udh d bayar lunas, eh taunya gak d antar-antar",2026-08-11 03:21:34,playstore
8eedabd0-e169-4ccb-b06e-d086cfb42c2a,"Dihalaman Beranda loading ga berhenti berhenti, sehingga tidak bisa akses halaman, untuk halaman lain lancar tanpa kendala",2026-08-11 03:20:51,playstore
db1070b0-6847-4b7f-94bf-546f30eaa231,makin sering belanja secara online bukannya ditingkatin kinerjanya malah makin nyepelein. kecewa sbg pelanggan.. makin kesini malah makin lelet.,2026-08-10 14:47:50,playstore
2e1c2f47-9644-4c50-a7b7-a44084f97be8,KINERJA PELAYANAN SANGAT BURUK DAN TIDAK RESPONSIF !!,2026-08-10 14:43:30,playstore
fbb76517-adf9-4f82-bde5-79128c4bfc34,"Pengiriman lama sekali, pesen jam 5 sore dikirim jam set 11 mlm, pdhl udh pilih fitur maximal 1 jam setelah payment",2026-08-10 13:45:19,playstore
b2e0dbf6-3f76-49d0-a58a-421d894f7811,"beberapa produk disuruh dibeli di web, udah di web malah server gangguan mulu. Gak Niat?!",2026-08-10 13:35:39,playstore
908f757b-8a2c-45c9-9d2b-8f6f953380b3,"sayang bangat, sekarang gratis ongkir minimal harus belanja 25rb",2026-08-10 11:33:48,playstore
2d562bb4-91bb-401a-b889-43510aa8f8cb,"scam, masa layanan jasa kirim minta data KTP!!!!!",2026-08-10 10:00:50,playstore
4ffa77fc-67f0-4a79-af9f-c97806455263,"setelah di upgrade malah banyak bug. mau masuk kode otp gk di kirim kirim, di sruh nunggu 1 jam. pas udah 1 jam disuruh nunggu 1 hari. astgah",2026-08-10 10:00:09,playstore
edb4b80d-81ea-4e8c-a89e-3cf82efd7915,makasi,2026-08-10 04:38:37,playstore
78922b3e-9052-44ca-bc3b-472fbd4c7403,sepertinya keluhannya hampir sama.. aplikasi sering hang.. mau di uninstall dan install ulang pun sama tetap tidak terbuka.. ada apakah dengan alfagift??,2026-08-10 03:48:55,playstore
000c0c8f-7045-4787-9fa2-259abb39d4ab,"Area Bandar Lampung, Pesenanan katanya estimasi 1 jam setelah pembayaran, 5 Jam setelah pembayaran belum di anter pas di chat gak di respon. di telpon malah marah marah karyawannya",2026-08-10 03:28:15,playstore
7901b3bf-48f1-421f-82f0-5b9708b019c5,"fitur chat ke toko selalu ceklis 1. tp status toko di chat terlihat online terus. tp selalu chat. klo di chat itu utk memberikan arahan, titik tujuan rmh pemesan. tp selalu ceklis 1. alhasil pengantar selalu di rmh yg salah. ditmbh lagi, kurir berganti². perbaiki fitur chat toko. untuk mempermudah komunikasi pelanggan dg toko.",2026-08-09 23:44:18,playstore
45924aa7-aecb-487a-abd5-7888505ad422,sangat membantu cuma lama nunggu nya,2026-08-09 13:25:18,playstore
49ff5608-b6e9-4c04-9e42-1c1959359753,"aplikasi gajelas udah tau ada alfamart deket ruma malah pilih yang paling jauh, drivernya lama semua lagi",2026-08-09 12:29:38,playstore
ea77a58c-39e6-43b3-a9f8-f2c7a01c2bd8,"kenapa sekarang lokasinya tidak akurat ? saya tidak berdomisili di banjarmasin, tapi di aplikasi munculnya banjarmasin. sehingga tidak bisa pesan antar. bisanya cuma ambil ditempat. padahal yg sudah sudah selalu bisa diantar",2026-08-09 12:17:27,playstore
3a0bdff6-2794-4855-b72d-6eb60ac44502,"maaf maaf nih ye, Baru tau kelakuan kurir ente Ga Ada attitude, sampe Rumah konsumen di lempar tuh Barangnye, gokil sih Alfagift sekarang,",2026-08-09 12:10:32,playstore
673543c8-d930-4b38-a560-cf4d86273ed1,"Tolong kembalikan lagi fitur chatnya didalam detail orderan, biar gak bolak balik saat lacak pesanan dan membalas chat kurirnya, udah bener kaya dulu malah diupdate jadi bikin ribet",2026-08-09 11:28:30,playstore
7cb97363-1053-4f2f-91b0-701bfd653be4,"Tukar point ke paket data statusnya berhasil tapi gaada paket data yg masuk,komplain ke customer servise gada balesan apapun,kecewa.",2026-08-09 08:32:55,playstore
5cd6341a-1c06-449f-875e-6d40c3806170,mantap,2026-08-09 08:07:31,playstore
6ed10b6c-4a3e-49a3-9509-05e15800c850,"saya sudah lamaa banget jadi member alfa gift, tapi beberapa bulan terakhir, sayaau redeem point saya untuk potongan blanja tidak pernah bisa padahal pin benar, gak salah. udah chat cs yang jawab bot Asisten AI gak jelas dan gak rekomen lagi alfa gift sangat kecewa",2026-08-09 06:34:58,playstore
02e3f4b7-621a-4f9b-b83b-78ec646aedda,aplikasi ini sangat bagus... Alhamdulillah setiap order di sini juga selalu amanah ... hanya saja fitur chatnya ituloh untuk menghubungi pihak toko ketika ada kendala sangat sulit ..semoga kedepanya bisa di perbaiki ..,2026-08-09 02:40:01,playstore
e333e357-71f6-44aa-82ea-eb9c0af4bd97,gimana sih alfagift ini pesanan saya dr jam 21.00 sampe jam 23.00 keterangan sedang di proses mulu padahal sudah bayar lewat tf dana harusnya klw pun tidak diantar malam itu setidaknya ada info atw cet biar kita tidak menunggu klw bisa cancel saya cancel saja,2026-08-08 22:50:07,playstore
5f72a3e4-9621-4e76-bffe-133b4137af3e,"aplikasi nya gaa bisa dipake, tiap kali lagi liat produk, atau nyari barang, selalu balik ke halaman utama, gimana mau belanja.",2026-08-08 13:30:14,playstore
fe183bf9-a2b2-4901-b843-2b14cb7d18ca,barang yang dikirim kurang. mungkin disengaja orang yang bagian packing.,2026-08-08 13:05:06,playstore
3f96655d-ad16-41b6-97a4-c77eb125a79c,"berguna bangettt buat aku yang mageran inii, tambahin produk fast food dong",2026-08-08 12:28:53,playstore
8853998e-def2-4134-87a3-58aaf25dee65,"alfagift telukjambe timur karawang lebih cepat pengiriman ,dari pada alfagift di cibitung kabupaten bekasi tolong kinerjanya di cibitung lebih di tingkatkan",2026-08-08 12:27:19,playstore
f19b9c8e-f7c6-4e65-86e2-40564c19dd53,sangat terbantu 👍,2026-08-08 09:25:35,playstore
722c40ab-2602-4dcc-9bad-17652506f1ad,"Kenapa saya tidak bisa log in,, mohon bantuannya",2026-08-08 06:22:48,playstore
82f55dc5-883f-43bd-8457-e7c07480ea9c,"Pas mau masukin barang ke keranjang di promo flash sale 8.8, kebanyak stok tiba² kosong. Padahal pas dibaca stoknya masih banyak dan tombol (+keranjang) masih biru, tapi pas dipencet mau masukin ke keranjang stok jadi kosong. Setiap promo pasti ada aja stok yang kosong (Online & offline) entah barang sengaja disembunyikan atau emang bener² kosong, tapi setelah promo selesai langsung stok barang jadi ada (banyak). Kalo mau ngasih diskon yang niat dong",2026-08-08 04:50:57,playstore
65f5fa92-400b-4693-a12e-c62df844ced9,pengiriman selalu tertunda dengan alasan pembeli tidak ada di lokasi.. maksutnya apa??,2026-08-08 04:40:35,playstore
6cdc2e3b-f9dd-48f1-b3d2-0900054b4e41,"jangan pesan pakai alfagift , sering di berikan barang expayer ,",2026-08-08 03:27:42,playstore
ece1d36f-bf78-42b9-834c-911c9f559f19,kenapa tiba tiba akhir akhir ini waktu mau milih metode pembayaran muter mulu ujung ujungnya ga bisa bayar😭,2026-08-08 02:50:20,playstore
60b6d79f-b50e-43a2-8f7d-55940cefc6db,ok lah lumayan baik,2026-08-08 02:36:19,playstore
ab8254c1-405a-461f-9a1d-805712deea91,"lama lama semakin sering error tiap kali mau bayar. buang buang waktu, padahal sebelumnya lancar. maaf ya alfagift aku ksh 2bintang",2026-08-08 02:26:29,playstore
69d955f7-d14c-4b7f-b0b3-1102fe3fb0f6,Good all,2026-08-08 00:05:16,playstore
d6c60b9c-1ff0-4da4-85aa-07de78d0c151,ok Sip,2026-08-07 22:12:38,playstore
b281a0b4-67ed-4463-802d-82ed4473fbe8,aku kasih bintang lima untuk aplikasi alfagift Karena banyak untung belanja di alfa,2026-08-07 16:48:08,playstore
2c7da2ab-6f94-4289-971a-b499e53f49d6,banyak banget barang yang kosong ya didaerahku,2026-08-07 08:50:23,playstore
c102d221-9d17-4774-a1fa-34e88d40cb23,mau belanja jadi lebih mudah sukses selalu y....,2026-08-07 06:59:36,playstore
a17c619f-06aa-45f2-a972-6b11065c04f4,poin tidak bisa di gunakan,2026-08-07 02:28:54,playstore
6d5ff19b-c125-486a-ab81-a8a8f02b4c3f,bisa ganti nomor telpon donk kalo nomor ude angus gimana ? mo hapus akun jg gak bisa di aplikasi. masa musti bikin akun baru untuk orang yang sama cuma gara gara nomor hp angus gk bisa ganti.,2026-08-07 01:55:13,playstore
e324bcf5-7cea-480d-8ce2-afb2d034a481,"sangat buruk, masa pesan di cansle gada pemberitahuan, saya udh bayar Qris udh 3 hari uangnya belum di kembalikan sangat buruk",2026-08-07 01:11:03,playstore
0761f70a-067d-4f8e-b2d9-ae0c07d4dbcf,"masa ngasih voucher baru sehari udh ditarik lagi, gajelas bgt",2026-08-06 23:02:02,playstore
324a838f-9b8b-4424-a93c-1259733cd303,"saya sempet pesan stok nya di alfagift masih ada, tapi pas kesana pick up ga tersedia. harusnya kalau memang sudha dipesan di pisah dulu stok nya",2026-08-06 13:59:16,playstore
fd94e422-9ef7-46f4-9933-3f689b906ecf,"pengiriman lambat, tidak kooperatif, dichat tidak membalas sama sekali",2026-08-06 13:45:38,playstore
aeea0cf6-e683-4b7c-9e2f-461dfe919344,hapus aplikasi ngak jelas,2026-08-06 13:17:24,playstore
b09aaddb-ab88-4996-88c0-93196c03de38,suka banget,2026-08-06 11:54:11,playstore
81d3d7fa-05e2-4db1-b7db-e590f3ea45ab,apps lemod susah di buka padahal pakai iPhone 17 masih aja susah di buka,2026-08-06 10:21:37,playstore
b4216fb1-3786-43b8-a2b9-bd29656741c3,"voucher belom di pakai , sudah lenyap saja.",2026-08-06 09:40:38,playstore
86a212d7-dff1-41d3-8179-ca1e65446807,"barangnya sampai dgn selamat dan sesuai, cm pas mau cod msi g ada uang kembalian pdhl jelas"" sblm klik cod di kasi keterangan bayar pkai uang gede, eh pas nyampe kurirnya ngmong klo di apk g di kasih tau ke kurir bhwa hrs ada uang kembalian, tpi sejauh ini sudah sgt baik, hanya saran sj klo mau cod kasih uang kembalian ke kurirnya",2026-08-06 08:03:11,playstore
da7ae178-edaf-482b-a283-1d8a1c5444e4,"aplikasi yg sangat memudahkan para ibu yg sudah lelah dengan pekerjaan dirumah, yg males mau keluar rumah tapi pengen belanja kebutuhan.",2026-08-06 07:07:42,playstore
56539524-05ac-4fec-8acb-8229689385c8,"baru login duhur tadi, peseb galon sma sabun, baru bgt nympe rumah set 2 an, mau buka aplikasj eh nomer hpnya ga bisa login, keterangannya nmor tidak bisa d gunakan,nomor pernah terdaftr tpi sudah tidak aktif atas permintaan mu, apa coba maksdnya anehh anehh, apa krna rumah sya jauh org alfanya gamau ngirim ke rumah lg, jdi tiba2 d nonaktifkan gini🤣",2026-08-06 06:39:53,playstore
ccd34b8e-2810-4070-8c92-aad57d3018e5,aplikasinya memudahkan pengguna cuman voucer tiba tiba hilang padahal belum habis masa berlakunya sudah beberapa kali mengalami,2026-08-06 04:31:52,playstore
eaa4a923-323a-49cf-a893-a85353b560f5,"saya mau tanya, untuk sistem poin itu hanya bisa bertambah jika sinyal aman kah? soalnya ini udah mau 3×24 jam tpi poin saya tidak masuk², memang untuk data saya matikan jika saya sedang main game, dan saya nyalakan hanya saat saya butuh saja (apa ini yg buat poinnya itu ga masuk²? atau emang ada kendala di sistem poinnya? makasih). makasih ya aduan saya udah ditanggapi lewat email kemarin kalo gasalah",2026-08-06 03:50:33,playstore
ab0d0fc2-f1af-48bc-ad80-654e4ed2b8a8,kacau harga di etalase tidak sesuai dengan aslinya.malah jadi lebih mahal..jadi males belanja di Alfa. padahal sya udah member dari 5 tahun lalu.,2026-08-06 02:26:03,playstore
3ecd6a8b-6e6d-42aa-a3cb-666432d8797b,belanja jadi lebih mudah 👍,2026-08-05 23:50:51,playstore
dc498328-78df-4ca0-a0d3-859c5d805c36,"nyari popok buat bayi aja suaah, banyak stok kosong. padahal di toko nya masih terdisplay banyak, pas giliran mencet produk yang lain, muncul tulisan stok tidak tersedia juga, apalah coba. gada guna nya ni aplikasi, pantes aja orang malas pakai",2026-08-05 16:23:55,playstore
84615367-037c-4288-b9dd-9fb656682678,okeee,2026-08-05 15:26:00,playstore
4154117d-c18d-4819-b4cc-2b98adc05af4,Pertahankan.,2026-08-05 14:32:52,playstore
e0c39802-2f55-4fe2-9b09-efd4a4c9d304,kenapa setiap buat akun tiba tiba nggak bisa dipakai lagi,2026-08-05 13:43:16,playstore
8a378201-3d52-4f5c-adbe-5849c2ec7c81,"Alfa susah banget d buka apknya ,,, d tambah sekarang kalo mau pesan biar gratis ongkirnya harus ada minimal belanja ..",2026-08-05 13:10:24,playstore
aec15c7f-4ab2-4aa0-94b0-1c3e2c0ad8e6,ok...,2026-08-05 12:04:13,playstore
7ab42345-f081-4ac2-b5e2-55a497287556,"pelayanan LAMAA BANGEET, SANGAT MENGECEWAKAN",2026-08-05 11:33:38,playstore
3cecbef6-ac07-47cc-9d87-cc3b1f6a9678,"nyebelin banget, co barang online, barang nya ngga ada. udah gitu refund udah sebulan uang ngga balik, di hubungi toko yg bersangkutan ngga ada respon, ni uang saya gmn nj, lumayan 300ribu😤",2026-08-05 11:06:32,playstore
638816d4-f066-42ee-b147-8d98a870b5ba,"pengembalian dana sangat lambat ,sudah mau satu Minggu tidak kunjung dikembalikan mohon diperbaiki sampai Skrang blm dikembalikan",2026-08-05 09:57:11,playstore
2f043747-dfc5-4fde-99d4-6b54dd8df86a,bagus pelayanan dan pengantaran semoga terus konsisten,2026-08-05 08:58:31,playstore
a4206d45-ea30-4b5b-bc8a-25c05a0e7a7f,"banyak ngelag nya, sekelas perusahaan besar tapi aplikasi jelek bgt",2026-08-05 08:39:34,playstore
8256373a-6aa7-4f85-913f-e8f9c9d2fbc0,"setelah sering belanja lewat alfagift, baru ini produk yang dikirim kurang lengkap. sudah ditanyakan lewat chat otomatis yang ditoko responnya sangat lama, dan nggak ada solusi sama sekali. kemudian chat lewat cs, juga sama aja respon lama dan nggak ada solution sama sekali",2026-08-05 08:38:59,playstore
d8e1b35a-711d-4a46-bc9b-29678f4dd09f,"ngebug, produk ga ada yg muncul sama sekali",2026-08-05 08:06:51,playstore
ea11b9be-6b80-446c-9584-5d3dca2c5b73,"penip*an!!!!! ada voucher 25rb diakun saya, tiba2 voucher hilang!!!!!",2026-08-05 06:29:19,playstore
a8785179-c9d4-4464-8bbc-e6fcb2da3cd0,ga perlu jalan lagi deh,2026-08-05 06:19:12,playstore
10bfe1bf-5077-4425-b889-45c05171c764,"saya menginstal apk ini karna capek di tanyain trs sama kasir nya "" ada member ada member""",2026-08-05 06:08:53,playstore
593f15ec-79c2-4dc1-8369-60e5241960a1,mending belanja di Indomaret pelayanannya bagus tidak seperti Alfamart,2026-08-05 05:10:57,playstore
eeee4100-18c7-473d-8af6-55b742a377f5,"pengiriman selalu lama, status pesanan sudah diterima padahal belum nerima sama sekali, bukti pengiriman cuma pake foto jalan aja",2026-08-05 04:23:01,playstore
108e3c11-4f0a-4b6a-9614-7161cd469de6,susah banget daftarnya gila,2026-08-05 03:49:20,playstore
74b67b7e-fe4d-4b41-8eed-6f7d1cf2fdaf,ALFAMART TURUNIN HARGA WOY !.,2026-08-04 20:44:55,playstore
76c86f80-fae1-4246-9dba-c76967c5b54b,sangat2 membantu,2026-08-04 17:35:19,playstore
0442e55d-2b64-4b3d-bae6-560e3857c2a5,"pelayanan buruk untuk wilayah ringroad Kota Medan, bapak klen lah kalo kerja yang bener beli jam 6 magrib di apk batas waktu jam 10 malam he di kabari jam 12 m malam mna jam 12 pas itu pun ngabarin ny krna gak ada Dengan alasan terlalu banyak orderan, he klen pikir aku gak tau dunia bisnis? aku juga terjun ke operasional jadi tau, ini gak 1 2 kali udh ad ku rasa 5 kli tpi msih ku maklumi tpi ini uda ke 6 kli dan aku udh palak kli smpe ku ss, buat management cocokny bukti ss nya ku kirim ke mna?",2026-08-04 17:22:48,playstore
a7b7e9b8-b885-4ccd-b89e-bbbf0fe56be9,"Poin saya sekitar 7.000, tapi semua pilihan penukaran kuota tertulis “produk ini tidak tersedia”. Mohon diperbaiki karena poin jadi tidak bisa digunakan.",2026-08-04 16:44:54,playstore
93bd8e10-e447-4b3c-bc9c-801d4800d5b7,pengiriman lelet tidak sesuai yang ditentukan,2026-08-04 13:41:00,playstore
d4811fe0-c8e0-4410-8a3d-3a5bf8405618,"pas pilih metode pembayaran server tidak ditemukan, payah banget",2026-08-04 13:36:12,playstore
bc33d1f0-b9a2-4df8-9676-948e5bbf6908,"untuk aplikasinya bagus, namun untuk barang barangnya mohon diupdate. terkadang barang di toko tersebut ada tetapi di aplikasi pada toko tersebut 'stok kosong'",2026-08-04 13:15:24,playstore
13bae471-e818-4d18-b6a3-b79437d8e295,kenapa sekarang ada min ongkir nya yaa? dulu g ada min ongkir dan selalu free ongkir huhuhu,2026-08-04 12:23:41,playstore
99d14263-b4ac-4cc3-8303-f8256330d98f,"aplikasi dah lumayan oke akan tetapi ada sedikit bug, terkadang setelah masukan banyak barang terjadi delay dan aplikasi nge freze, semoga masalah ini diperbaiki.",2026-08-04 12:14:41,playstore
b986576b-051f-4e2a-953c-008631facba4,"Tadinya saya pakai kartu lalu hilang. Pakai aplikasi ini kata pegawai Alfamart harus nomor lain, Saya coba telpon call center mahal kena pulsa walau ada paket telpon semua operator belum sampai bicara dengan cs",2026-08-04 11:40:26,playstore
926cf064-3c58-44af-b4ea-e926a311449d,bagus,2026-08-04 11:35:41,playstore
1b9f5e43-47e2-476c-a57f-15afafe52e54,refund nya bertele tele mana udah lebih dr 3hari kerja aja duit sy blm balik..pdhl kesalahan dr sistem nya Dy.masa bayar pke qris saldo udah kepotong pengiriman barang malah di batalkan oleh sistem?kan aneh..,2026-08-04 11:27:57,playstore
1b486ac5-de8c-4a04-92c8-e6f1fbfa84f5,"Parah ini Alfa gift. 1. beli produk dan sudah bayar, gak ada info jelas barang dpt diambil di Alfa terdekat atau dikirim 2. kemudian tanya ke cs, pelayanannya minus. 3. lalu tanya produk ke alfastore juga gak faham. hal ini menandakan bahwa karyawan tidak diimbangi dengan produk knowledge.",2026-08-04 09:20:54,playstore
9be913fc-cd56-4889-9bdc-b9c4dd01e84f,belanja murah dan cepat bisa hemat uang belanja😍,2026-08-04 08:04:46,playstore
411508f6-fd0a-4047-ab67-f7ecc3d9ef4d,"sudah sering saya pesen lewat aplikasi ini, tapi sudah 2 minggu terakhir opersionalnya sangat lambat minta hantar jam 12, jam 14.00 belum juga di anter, jangan kan di anter di bales chatnya aja pun enggak. jadi TOLONG UNTUK PIHAK ALAFAMART bisa di tangani secepatnya ya!!!",2026-08-04 06:15:28,playstore
ed821c78-edfc-4849-ae33-e36f3dcd31dd,"kirain pelawak aja yg bisa ngalawak.... ternyata aplikasi alfagift bisa ngelawak jg loh... pas mau check out ternyata ada voucher yg otomatis terpasang, belanja 35 rbu dpt potongan 10 ribu.. pas mau bayar , jengjeng... voucher tidak bisa di gunakan dan hilang ntah kemana.. langsung tertawa terbahak-bahak saya... aplikasi bwatan alfa bisa ngelawak jg ternyata... 👍",2026-08-04 05:51:37,playstore
974b1539-d25b-4891-aef6-4cfb8c01e537,"padahal ngambil pengiriman instan 1jam, tapi sampe 2jam, 3jam belom dikirim juga dengan alasan lonjakan. kalo emang lonjakan ya opsi 1 jamnya non aktifkan dulu. kadang org ada keperluan lain masa mau nunggu seharian pesenan alfagift. mana di chat gak respon, di ajukan pengembalian dana gak langsung di setujui",2026-08-04 04:44:04,playstore
2f582c0a-3155-4ad7-baec-33d7239abf65,jelek banget pelayanan nya terutama admin nya,2026-08-04 04:25:21,playstore
2e1b36a3-857c-45a3-8703-776dfa4a6fd7,"Aku belanja barang2 pengiriman dari gudang tanggal 9 juli 2026 estimasi 3 hari dan udah aku bayar, nah Tiba2 dibatalkan kan, dan sampai sekarang tidak ada pengembalian dana sama sekali, udah aku coba chat cs kirim Email jga tapi katanya dananya udah di kembalikan tapi nyatanya ngak ada dana masuk dari App, kecewa bangett.",2026-08-04 02:35:25,playstore
1f380ac0-9b8f-4ab0-85bc-a88f45743dad,"tolong dong perbanyak kuantitas le minerale 15 liternya di daerah parongpong, lembang.. saya pesan sering sekali kosong",2026-08-04 02:12:51,playstore
954dad78-b6b9-4592-bb94-7aa8b6ac8d80,"WASPADA, JANGAN GUNAKAN APLIKASI INI APLIKASI PENIPU ORDER PRODUK TAPI TIDAK DI ANTAR",2026-08-04 00:29:12,playstore
6fd301d6-16d8-48b0-8ea6-d34d81ededc8,"makin jelek ih apk nya, banyak bug nya. kadang tampilan tebus murah nya hilang lah, harga diskon nya tiba tiba langsung berubah padahal baru ja masukin ke kerangjang, terus kadang ngelag bgt dan ga bisa muncul tampilannya. sudah semakin sering eror😣",2026-08-04 00:29:07,playstore
00244ec0-a03b-494d-9477-97effcfdc3f2,aplikasinya jelekkkkkk sering bugggggggg bikin kesel,2026-08-04 00:07:09,playstore
70e3e5a8-7bd0-4682-9358-9d45d5d1480f,👍🏻👍🏻,2026-08-04 00:05:57,playstore
22ce1c73-8be1-4d3e-9d3b-a115f69da6f1,gangguan 4 agustus,2026-08-04 00:05:20,playstore
0a0e060c-7919-4c58-bebd-96f2c2283881,"heran sama aplikasi ini tiap belanja di Alfa suruh masukin member,tp di masukin poin ny ga masuk bahkan lihat riwayat transaksi di aplikasi ga ada masuk,belanja juga bukan yg 10rb atau 5rb ini sy tiap bulan belanja 350rb tp ga pernah masuk poin,tolong di benahi percuma update tp semakin ga jelas padahal udah pake aplikasi 4tahun tp Masi begitu aja",2026-08-03 23:02:50,playstore
aaa150a8-44cc-4910-baec-2a338fe5a8a5,"apk ga jelas, padahal sinyal udah bagus tapi tiap mau belanja pas harga diskonan selalu ada notif koneksi buruk kalo ga niat kasih diskon ga perlu pasang diskon, sampah banget",2026-08-03 22:50:32,playstore
a3efc294-9e64-4cab-9ba9-f748c01f381f,"knpa skrng ga bisa pesan buat jarak. jauh, pdhl sebelumnya sangat membantu.. ah jadi males pake alfagift",2026-08-03 22:50:07,playstore
8a11747e-6d37-4037-92bf-b55e8563bc31,good,2026-08-03 15:09:18,playstore
e1995241-6320-479e-b21d-63489c426c75,sekarang pengiriman nya lelet banget,2026-08-03 14:48:06,playstore
cd85d190-e7d0-4baa-b3ff-245a727bfd67,"update yang ke 3x, Pengiriman lama Sudah 5 jam belum sampai",2026-08-03 14:03:17,playstore
5f5393d1-c8c9-489d-8217-9ca69d1c2a04,"saya member dari 2019.pakai alfa gift tidak pernah Bermasalah, namun sekarang mengapa ketika mau checkout harga berubah sendiri dan promo tebus murah pun jadi harga normal. tolong perbaiki sistemnya jika ingin lebih baik lagi.",2026-08-03 13:03:12,playstore
9e8ae54c-6173-4dde-8e5b-54ca1c60c0a3,"aplikasi taii, udah mau co tebus murahnya ga bisa udah di gimana gimna in pas mau co gagal terus server sedang sibuk, kalo mau ngasih promo jangan asal asalan lah",2026-08-03 12:55:28,playstore
291b96f4-d93e-4982-b46b-b9e2680a96a7,setelah update sering bug/eror. harga juga suka berubah pas mau di checkout,2026-08-03 12:12:12,playstore
6bf8eb34-4ace-441a-8dd7-3f7afa314b4f,selalu banyak bug,2026-08-03 12:01:39,playstore
a18215cc-25c7-4430-a68d-5e3d2ae7e3be,kenapa gk bisa di update,2026-08-03 11:57:51,playstore
7cdb1280-ed61-4be7-9b34-0e374368fab3,"kurangnya di apk krn kita TDK bisa memilih lokasi Alfamartnya, sehingga KLW belanja sering terjadi kekosongan dn tdk bisa berpindah ke alfamart yg stoknya ready, ujung2 harus keluar rumah juga",2026-08-03 11:24:39,playstore
2ecbb73d-f341-429d-9de8-03ae4d382cc7,"aplikasinya ok, tapi kenapa setiap saya order titiknya selalu ga sesuai, ujung ujung nya saya yang diomelin pegawainya, sudah saya jelasin sudah saya sesuaikan titiknya tapi katanya masih jauh dari alamat saya, masa mau order harus ribut sama pegawainya perkara titik lokasi",2026-08-03 09:33:15,playstore
07e49b96-678a-413e-8ef0-2ba959f42224,"gimana sih mau bayar kok gk bisa mana udah pake poin 16k pembayaran gk bisa jaringan oke,udah hotspot sama aja gak bisa, mengecewakan. terbuang 16k poin aku",2026-08-03 08:27:52,playstore
f23a5f34-d31c-438d-acbf-1d1f884462b8,susah masuknya,2026-08-03 06:38:26,playstore
8f01bcfb-2baf-44e7-95bb-fa07b0b5345d,kenapa gada gambar produk nya (?) jd susah utk order karna acuan kita kan digambar.. tolong diperbaiki harusnya aps memudahkan tapi ini jd tidak membantu sama sekali,2026-08-03 02:15:20,playstore
4b17de08-8298-4dac-9798-4dc906c38fd8,pelayanan sangat mengecewakan.... orderan dicancel tapi uangnya lama bgt kembalinya,2026-08-03 01:57:13,playstore
881414c5-f2dc-4c13-a726-76dd56b8464a,"sistem refund ribet tidak seperti aplikasi lain, hilang 200 ribu ku gegara beli token listrik dan kebetulan sistem sedang ada masalah sudah mengajukan refund tapi dana tidak kunjung kembali, ketentuan disuruh menunggu 2×24 jam tetapi ini sudah sampai 2 hari lebih masih belum kembali, perusahaan besar tetapi sistem masih bobrok dan ribet.",2026-08-02 23:35:19,playstore
a83b493d-9858-4531-81bf-df5a6b9dc06a,"sya sngat kecewa dgn pelayanan Alfamart ini,di Alfamart Raden Wijaya 2 dijambi .sya ngantri lebih dari setengah jam, sya hanya ingin top up dana tapi dsaat sya ngantri ad ibu² ddepan saya dia top up dsegala mcam bidang, maksud sya ada batasny gitu top up minimal 5x transaksi gitu, ini ngga udah mau selesai dia balik lagi eh mas bisa bayar wifi jga ga. ya ampun bukan cuman dia yg mau pembayaran yg lain antri jd MLS, mn strukny cmn setengah lagi tau gitu nga usah pkai struk, kerja lelet banget.",2026-08-02 15:00:46,playstore
26c23bb0-a1ba-4127-bf3e-106bca89741e,sangat membantu mantap,2026-08-02 13:46:17,playstore
671e941f-61dc-4546-8828-3b306b872f17,jujur sebenarnya aplikasinya bagus....hanya saja setiap pengiriman...pasti barangnya yg jelek yg di kasi....bukan sekali 2 kali aku beli di apk ini...aku beli coklat...coklatnya cair.... semuanya lagi....padahal pengiriman ngak lama....tapi emang seperti sudah di rencanakan pengiriman yg antar ke rumah ini seperti barak buruk dan sisa....aku juga beli mister potato.....kalau kripiknya hancur satu dua itu masih maklum...hanya saja saya buka itu isinya sudah hancur semua seperti di sengaja,2026-08-02 12:43:27,playstore
9b291b9e-189e-4d10-8586-a73edfd7ea82,"ga tau bug ga tau apa,pesan vidoran harga 49.400 pas di cekout JD 52ribu",2026-08-02 11:46:40,playstore
d0270fbb-beb9-4dcd-a7ab-4fd4856b13ae,jelek,2026-08-02 11:36:44,playstore
08e5028b-5a80-494c-aba4-6fdb3d368182,"Alhamdulillah sangat membantu anak"" kos seperti saya yang tidak punya kendaraan pribadi, sementara alfamart lumayan jauh, terimakasih banyak ya mas"" drivernya dan semua crew",2026-08-02 11:25:36,playstore
adc2d4d8-f30f-4fb6-a35e-d1d8db907169,lemot bgt udh sejam error aplikasi ngesellin amit2,2026-08-02 10:57:08,playstore
d7b7983b-41bf-490c-a834-c0b79d514569,lebih mudah dengan belanja online,2026-08-02 10:42:45,playstore
06e2eff9-d1b7-4407-bdd2-f83a71482cba,sekarang gak seperti dulu. tiap mau CO selalu berubah harganya malah makin mahal.,2026-08-02 09:31:38,playstore
1688c737-1b05-45c7-9cae-152aad6dbd0b,"apk bagus tapi pelayanan karyawannya kurang, aku dh order trus di pending pengiriminnya, okelah saya yg salah karna saya g cek dia chat. tapi setelahny langsung saya respon tapi tidak ada kabar lagi udh berjam jam saya tunggu, saya sangat butuh barangnya tapi malah g ada respon dari kurirnya, padahal keterangannya online sudah berulang saya chat.",2026-08-02 09:04:38,playstore
b794c850-083a-462a-9ea3-324dc90bc3d8,"pengiriman lama, terus sering barang yang dibeli tidak terantar/ketinggalan tolong perbaiki lagi pelayanan nya",2026-08-02 08:07:36,playstore
5d574984-688e-481e-a399-093fd815795e,Promo tebus murah sy ambil tapi pas dibayar harga normal Gimana nih,2026-08-02 07:44:06,playstore
0562b8ef-8886-48ba-aa49-4315645a05dd,skrg aplikasi suka eror kenapasi bikin susah co udah langganan lamaa jadi kesel bgt memperlambat transaksi. udah mau co harga berubah eror gimanasi gajelas. bacaan server eror terus,2026-08-02 07:38:30,playstore
f9e36821-b1ee-4511-9c59-82e33fb5b0e8,"Entah kenapa Alfagift cabang Palembang sekarang pengiriman lambat. Aku pesan barang dan pilih pengiriman satu jam, pesan pagi, dikirim siang. Mirip aplikasi sebelah K***I*******t, mana gak bisa dibatalkan.",2026-08-02 06:22:17,playstore
c3b7a4e9-33f2-4c42-abe7-cb6cf4563fca,"alfagift ini kenapa sih, akhir2 ini kok sering banget eror, harga di display diskon + bisa tembus murah.. saat di check out harga berubah semua jd normal.. aku pengguna alfagift dr tahun 2019 bener2 kecewa",2026-08-02 06:00:53,playstore
caed5bb1-b758-4c6c-9827-d6a908f7a821,"padahal selama ini langganan , tapi beberapa hari ini sangaatttttt kecewa.. harga produk jebakan.. di beranda diskon, giliran di klik harga berubah.. nggak jelas banget",2026-08-02 05:59:50,playstore
184210d8-86cc-41a2-8fb2-452e79e9766f,"setelah update aplikasi nya makin error, barang yang di cari tidak tersedia, pas di cari satu-satu banrang ny ada,untuk promo setelah mau ceckout harga berubah, tebus murah pun berubah saatau pembayaran",2026-08-02 05:49:44,playstore
d91e6f1e-4d4c-40f0-83ee-619a27822b8b,"setelah update jadi gak jelas aplikasinya, harga setelah dimasukkan ke keranjang berubah terus, barang tebus murah setelah dimasukkan ke keranjang harganya malah pake harga normal.",2026-08-02 05:35:44,playstore
64690fe1-264a-46b9-a347-cb30011dcd06,"pesanan lama, -1 menit batas pengantaran baru dikirim. setelah lama tidak bisa klaim garansi ongkir kembali. apk gajelas",2026-08-02 05:05:37,playstore
96b355fa-7b4c-4501-9943-944e6e006a09,gajelas aplikasi mu,2026-08-02 05:00:15,playstore
2a6c3c72-e78a-4c6a-a4cb-0da134cd6d8c,"ngantar pesanan ko lama, sudah di bayar lama nya aduhh di refund GK bisa",2026-08-02 04:49:43,playstore
c5a3b87a-6a50-4df4-841c-22f7a0f6bc61,akhir² ini sering eror. barang sudah dimasukkan keranjang dengan total harga sekian. tapi pas mau dichekout harganya berubah. sempat ngelag juga aplikasinya keluar sendiri. sebelumnya aman² saja. semoga segera diperbaiki 🙏 aplikasi ini sangat membantu sekali.,2026-08-02 04:39:54,playstore
73c7eb06-9dda-42e5-95bf-c3d3d6883de6,"buset kok akhir2 ini pengirimannya mengecewakan banget? tulisan estimasi maksimal 1 jam pengiriman, gw pesen pagi2 eh dianter pas malem banget hampir abis jam operasional (jam 10). kalo gabisa maksa 1 jam dihapus aja lah, kasi tau estimasi yang bener jam berapa biar orang ga ancur ekspetasinya, kecewa.",2026-08-02 04:30:50,playstore
3c3da44c-5e52-4bef-b99d-6458984f6254,sejak pakai alfagift memudahkan dalam berbelanja dari rumah..klik langsung sudah sampai depan pintu.trimakasih alfagift,2026-08-02 04:08:36,playstore
46009d27-36cb-426d-8c72-9392308b6372,"Aplikasi mengalami masalah serius pada proses checkout. Sistem terus meminta konfirmasi perubahan harga secara berulang. Setelah perubahan harga disetujui, aplikasi kembali menampilkan permintaan konfirmasi yang sama sehingga proses checkout tidak dapat diselesaikan. Kondisi ini sangat mengganggu dan membuat pengguna kesal karena terjebak dalam proses yang terus berulang tanpa solusi. Mohon segera dilakukan perbaikan agar setelah perubahan harga dikonfirmasi, pengguna dapat langsung CO",2026-08-02 03:59:01,playstore
b18afc91-c393-44ee-8b66-feb1d891ec3e,bagus mendukung alfamart,2026-08-02 03:23:36,playstore
55161f08-c4fb-4ab8-a980-3d47599cfb37,aplikasi aneh dan tolol . dah di masukin no hp no otp dah dikirim dan sukses tapi gak bisa masuk. dah di scan juga gak bisa masuk. di masukin no kartu format no hp salah trus ngapain Lo tulis masukin id kartu. PENGELOLANYA MASIH PINTERAN LULUSAN SD,2026-08-02 03:02:29,playstore
e0ae731d-cb33-43fa-bd27-0a6367410c9b,untuk saat ini Alfamart tempat belanja ternyaman tanpa ribet.,2026-08-02 02:44:14,playstore
8688508b-6d88-4381-be29-57886850f1a5,"kenapa makin kesini, makin lemot siiii. loading terusss, udah gitu pas masuk ke kranjang harga berubah terus. sedih banget.. padahal aku selalu belanja disini karena tadinya bikin simple dan fiturnya mudah. Tapi sekarang emosi terusssssss kalau mau belanja 😭😭 tolong perbaiki segera 😭",2026-08-02 00:07:12,playstore
44d3ba5e-23d1-4562-8959-77d8452e30ed,Berbelanja sangat mudah,2026-08-01 23:42:43,playstore
08749289-3694-48eb-9681-f0f415df1e75,struk di aplikasi beda dengan di kasir alfa aku beli ice cream harga 16rb disuruh bayar 20k di kasir,2026-08-01 16:56:38,playstore
b4a85b4c-266f-4fd3-a6b4-695fad629a21,"pesanan ku di cancel tapi uang ga balik balik sampe sekarang, mana totalnya banyak banget lagi",2026-08-01 15:24:55,playstore
b0825ff5-30b3-47d9-820f-4199e74cc793,"awal awal pake aplikasi ini enak banyak promo, fitur fiturnya juga bagus tp kenapa setelah di update trs malah jadi ga jelas ni aplikasi. saya klik kategori minuman (untuk smua minuman) kenapa hanya muncul beberapa produknya saja harusnya kan smua yang termasuk kategori minuman ada disitu, saya coba tutup aplikasi, instal ulang, tetep gabisa. sy cari minuman yg saya mau di kategori minuman tidak ada tp saya ketik manual baru muncul jadi buat apa dibuat kategori di pisah pisah gitu",2026-08-01 14:58:07,playstore
3cde6dc4-0779-4899-8b86-6434e9985aca,lama hampir 3 jam menunggu,2026-08-01 14:50:54,playstore
83f5095c-af6f-47a1-9322-2aa1df80330e,"Aplikasi sering error, memilih tebus murah namun saat CO menjadi harga normal, sangat merugikan",2026-08-01 14:24:19,playstore
3db059e5-d438-4ac3-a5d0-f1cfd4ae0167,aplk ny udh bgus tp keseringan update Mulu trus klw msk aplk lemot bner ..,2026-08-01 13:45:44,playstore
8e524735-8cda-45db-ac48-0eefa5488f1b,"burikkkk, orang mau bayar kok muncul tulisan koneksi mu hilang koneksi mu hilang mulu, padhal wifi lancar jaya, mana sering ngeleg lagi apk nya",2026-08-01 13:24:29,playstore
994e9d93-8007-40c7-b3eb-5164f2355c25,"aplikasi yg sangat membantu buat belanja kebutuhan sehari"" , bisa belanja langsung ke toko lewat self servise, maupun dikirim ke rumah (tambahkan opsi belanja rokok lewat apk)",2026-08-01 13:13:12,playstore
745067c4-653a-447e-82b6-d0f4755f22c4,"ribet amat daftarnya segala pake minta izin menggunakan data diri kek mo nyaleg aja, jadi curiga",2026-08-01 12:17:22,playstore
2d754275-addc-493b-80bf-e43de06a5140,"Kacau Ni Abis Update Error Mulu Pas Di Keranjang, Pas Blm Di Masukin Ke Keranjang Harga Diskon 14.900 Pas Di Mau Di Bayar Jadi 17.400 Itu Yg Lainnya Juga Jadi Pindah Harga Yg Promo Juga kek Gitu Beli Barang Yg beli 2 gratis 1 juga error malah jadi beli 3 yg gratis 1 nya di ubah ke beli non promo aneh gini ntah ngebug apa emng udh jadi fitur, gitu mulu kacau banget",2026-08-01 12:02:02,playstore
72c46eeb-6954-452b-81a7-fda1833d6f34,penikmat aplikasi ini tapi gak tau skrng d klik harga brpa mau bayar harga berapa tebus murah gak bisa mau komplen harus lewat IG pdhl gak punya IG kyknya bklan unistal kalau gak ada perbaikan,2026-08-01 11:53:32,playstore
1e8d842d-fe47-4408-a864-68a72ee9d892,bgs si cuman minusnya g bisa bayar cas gtu lo :),2026-08-01 11:35:52,playstore
e77c05d9-7099-440d-a41c-b73c75441c3b,"too much bug. udah pilih barang tebus murah, add to cart, mau payment, harganya berubah semua.. setiap refresh berubah2 harganya. capek bgt udah tutup buka apps, clear memory, ga bener2 ni apps",2026-08-01 10:20:56,playstore
fd7b6b8f-4bb6-4216-8a7d-00683dfd472d,"Aplikasinya lemot poolllll,belanjaan dikirim kurir chat/telp melalui aplikasi sangat tidak rekomen krn aplikasinya lemot jadi gatau mas nya di depan barang dibawa kembali lagi padahal ditunggu² katanya satu jam sampai tp berjam jam ,gak lagi² pakai apk kl belanja",2026-08-01 10:18:11,playstore
2fa8309f-d0b4-419c-8008-bc8aebdf8343,"semenjak kenal alfagift saya ga usah repot repot berangkat belanja, bisa atur pengeluaran juga dengan memilih barang yang promo. ketika tidak punya uang bisa dibayar dengan pay later",2026-08-01 09:21:49,playstore
1cd8f29e-3114-40b1-b657-9bce54b89925,"ada masalah apa sih hari ni, masa harga nya berubah2. udh di co ambil tebus murah berubah lagi harganyaaaaa. ga jelas. sebelum nya ga ada seperti ini",2026-08-01 08:37:42,playstore
5d594d22-67aa-42a4-a848-58358c29dd21,"kenapa makin buruk aja apl nya. masak udh masukin di keranjang , setiap mau dicek out berubah trus promonya.. perbaiki napa",2026-08-01 08:33:56,playstore
7c41c5bf-57ae-4266-8acc-d4b5a373f620,beberapa hari ini harga promo tiba tiba berubah normal. tebus murah jadi harga normal. gimana mau belanja kalau gini. semua yg di promoin pas mau bayar otomatis jadi normal,2026-08-01 08:30:11,playstore
a284ba59-ebca-43a9-8b37-d962935823d7,lama bgt ditunda tunda,2026-08-01 08:21:47,playstore
7d0e2135-8d0e-4bc6-803f-8eaebe76b71b,Pelayanan jelek... suka cancel sepihak,2026-08-01 08:20:40,playstore
b71395bd-c976-427a-833e-0e1cda07ad8d,aplikasi ga jelas. mau dicek out malah berubah semua harganya jadi lebih mahal.,2026-08-01 07:58:17,playstore
b0270056-69fa-41fd-aeb7-59aa31a7ba78,"apk nya lelet, susah daftar",2026-08-01 06:41:06,playstore
6727aa1d-1669-4a20-898c-82eb5720c31a,"sengaja pilih pengiriman estimasi 1 jam, supaya cepat, tapi dari jam 10 pagi - jam 2 siang belum di kirim kirim, sudah di chat berkali-kali, tidak di respon. andaikan tau selama ini, mending pergi ke toko nya aja langsung beli sendiri, udah nunggu 4 jam lebih belum di antar antar.",2026-08-01 05:55:13,playstore
8a0991d7-a06c-408c-b8c5-05bea2d66082,"Percuma join member, kalo pointnya nggak masuk, gimana si nggak amanah banget",2026-08-01 05:53:06,playstore
f1c6def8-6625-45ce-9ffe-c924835f3fda,"sangat tidak rekomen untuk belanja online saya pesan dari jam 8.29 pilih pengiriman maksimal 1 jam setelah pembayaran sampai sekarang sudah 2,5 jam saya tunggu belum juga sampai. sudah diinfokan jam 8.54 barang pesanan saya dalam proses pengantaran tapi belum juga sampai sekarang sudah jam 11.06. saran untuk aplikasi tambahkan navigasi posisi kurir biar kami pembeli bisa lihat posisi kurir dimana dan gak capek tunggu. baru sampai jam 11.42 itu pun setelah protes melalui chat",2026-08-01 05:35:09,playstore
dbb70696-0417-4c76-a99f-6ff068118620,"kenapa ya aplikasinya mau tebus murah malah gak kemasuk di keranjang mulu, habis itu error2 mulu, perbaikin dong, padahal udah sering belanja pakai alfagift tpi hari ini error2 mulu",2026-08-01 04:47:50,playstore
7f6fdece-d434-4498-8a7b-efbc86ed31cd,aplikasi berjalan aneh untuk promo tidak bisa di beli dan harga berubah ketika cek out menjadi harga normal . dan setiap penambahan pembelian item promo harga berubah lebih mahal atou promo hilang. jadi berkesan promo abal abal dan pembohongan publik. dan jadinya harus jeli dan hati -tiap cek out.,2026-08-01 04:42:01,playstore
bcded32f-5012-40df-bf0d-140ffed956fa,"kenapa sekarang jadi susah banget sih aplikasi nya, sebel banget pas mau payment malah berubah harga, terus tebus murah jadi suka harga normal Which is bedanya hampir 6ribuan satu barang. tolong dong diperbaiki lagi.",2026-08-01 03:31:03,playstore
d40ccf03-e50b-442d-aece-d49c4fa48baf,bagus pelayanannya bagus di sistem harganya berubah ubah ya,2026-08-01 03:20:44,playstore
b5d5c585-1e83-440a-bf62-beefb6ef3197,"dulu gak pernah ada masalah. sekarang harga waktu di checkout tiba2 berubah sendiri. padahal waktu masuk keranjang harga promo. hanya selang beberapa menit. Kl dibuka produknya masih harga lama, menjelang CO baru ada keterangan adanya perubahan harga. Mengecewakan",2026-08-01 03:14:20,playstore
2f0c5dae-2af8-48a3-aa34-ac69c5f28cc2,error kah? kenapa produk promo ketika mau di check out harganya kembali normal???,2026-08-01 03:10:18,playstore
5d385c51-446a-4e9a-a601-c0a0048e8da6,harga barang saat di masukkan keranjang dengan saat pembayaran bisa berubah. sungguh mengecewakan,2026-08-01 02:50:31,playstore
c6bd63e2-a6e6-47f5-b2b3-45f739d2126c,"aplikasinya tiba-tiba berubah harganya, pas mau co berubah lagi.. ambil tebus murah berubah lagi.. males bgt blnja online klau apk nya kyk gini",2026-08-01 02:32:03,playstore
103f5f0e-8efc-4a72-8806-3948a22c0c5f,suka blanja dialfagif krn banyak diskonnya,2026-08-01 00:36:08,playstore
3c825009-ee94-49ef-ad7b-98daca4e9208,mantap bermanfaat alfa gif blanja d rumah aja pesanan lngsng datang,2026-07-31 23:59:32,playstore
82c0fe73-d0c0-492e-9447-f23aed54534f,nda jelas belanja beberapa kali kasih member poin nda masuk ga jelas,2026-07-31 17:26:11,playstore
4f47ae6b-62e1-4eb7-8cc9-76e1100163c9,"saya baru kali ini setiap belanja pakai estimasi 1 jam selalu dikomplain dr toko alfa sampai ditulis diplastik kemasan,. padahal saya memilih estimasi pengiriman sesuai pilihan yang ada,.. paketl selalu diantar telat atau diantar smpai beda hari saya udh maklumin, tidak pula saya protes.. jujur wkt sy pakai dijakarta semuahnya bagus² ajaa,.. skrg saya pakai didaerah malah sprt ini,.. cukup kecewa dengan cara nya sih 🙏",2026-07-31 14:07:08,playstore
e62512d6-a53e-408b-b50e-39624e93960b,di rak produk harga 48ribu tp masuk kasir 88ribu kok bisa ya 😌,2026-07-31 13:35:13,playstore
165d74d2-ece1-4c25-8635-7d20e52bb4ec,"kurir sombong , paket selalu ada yang rusak dan pengiriman lama tidak ada respon dari toko Berjam"".",2026-07-31 13:24:14,playstore
5f468d9a-f583-4c8e-aa44-5db9ae6ab243,terlalu sering update app,2026-07-31 12:26:35,playstore
90e57d75-75ed-4a4d-a123-e783c72f31d1,"apa""an ini memprosesnya aja bisa sampe 1jam lebih, pdhal cuman 1 produk, di chat ga di balas , toko merapi bengkulu",2026-07-31 11:51:16,playstore
4446a83e-9b95-4e16-8b48-9b9dc8e5266d,tadinya saya ragu soalny paket ny tertunda dan setelah saya tunggu beberapa menit datang dan hasil ny 2 barang saya dateng terimakasih alfagif,2026-07-31 10:13:36,playstore
61c046f3-d713-446a-8986-122da92d821c,lemot parah,2026-07-31 09:13:23,playstore
1df1b540-76ac-49a6-84ff-be876ac44875,kenapa gopey saya membayar Alfa gift,2026-07-31 07:09:52,playstore
73168bbd-ee8c-49ad-9113-6b7bebc1ca0d,harusnya point yg sdh diberikan jangan hangus,2026-07-31 04:47:43,playstore
bf76a109-63f4-4b56-b62a-842b2adfd931,good,2026-07-31 04:07:15,playstore
01edc491-8fd6-4d6d-a7f5-77283baee6e9,Tolong untuk menu Daftar Belanja Rutin tambahkan tombol hapus karena saya jadi sering salah order popok karena masa transisi dari perekat ke pants. Karena sering pakai fitur itu cuman minusnya dia tidak bisa hapus listnya jadi kadang keorder yg disitu.,2026-07-31 01:40:28,playstore
aeb59edd-42f9-47bc-9e68-47b549be61b7,apk nya perlu diperbaiki kembali. poin yg mau sy gunakan tidak bisa karena terkendala apk yg error,2026-07-31 00:53:47,playstore
80418945-e126-4833-af87-8276af39e57c,"poin banyak tapi voucher ampas semua, kurang menarik",2026-07-30 10:39:56,playstore
8599c410-8b59-4626-b76a-264af5ca0203,Cod Minimal 50k ?,2026-07-30 09:56:01,playstore
5e2136b4-7ce4-4308-965c-dc6bb76becca,"sangat membantu untuk irt seperti saya, gaperlu jauh2 tinggal pesan langsung sampai",2026-07-30 09:49:34,playstore
284c82ac-1ab2-4c95-973d-bf6bd697731b,nomor tidak bisa digunakan katanya aku yang nonaktifkan lah siapa yang nonaktifkan?gw ga merasa padahal poin gw udah banyak apa apaan,2026-07-30 09:47:06,playstore
70ae00a4-5255-436a-a30d-86e12e99438c,"aplikasinya bagus"", tp pelayanan pegawai di lapangan buruk, beberapa bulan kemarin ada pesanan yang ga lengkap, beberapa hari kemarin pesanan tidak sampai tapi di laporan udah status terkirim dan hanya ada bukti foto jalan aja, di komplain pun ga ada respon. padahal udah make ini bertahun"".",2026-07-30 08:30:29,playstore
6cb87718-7231-445a-b568-7c917c99c55f,bagus,2026-07-30 04:17:50,playstore
d0d3fa0b-fe91-45c5-8447-4e0286a48335,sangat terkendala saat refund dana..,2026-07-30 03:27:08,playstore
691b5d3d-ac47-444a-a649-24c8d6d34f5f,"gak berfungsi dengan baik, sering hang",2026-07-29 23:59:23,playstore
6bd7e81d-e109-4300-8a2f-7f4fdb8d8242,sulit sekali saya untuk masuk . verifikasi link selalu gagal terus,2026-07-29 23:06:51,playstore
5e0a2448-bcef-4bee-a484-ff00c9b956cb,"saya sdh kirim keluuhan ke customer care terkait tidak bs byr memakai e miney krn gangguan dan terjadi selama 2 hari, sangat aneh.",2026-07-29 20:47:05,playstore
1fcf4321-0afa-4df2-b0e5-f56fd86c5210,"Prosesnya lamaaaaaa, dari yang butuh barang jadinya gak butuh lagi. Mau cancel proses returnya sampai 3 hari ??? emang gitu??",2026-07-29 14:43:37,playstore
a7c3adf8-8c32-460e-8a8f-3c69e1e28d29,"Untuk aplikasinya sendiri terasa agak berat di hpku yg memorinya 4/64gb. Untuk kegunaan aplikasinya cukup memuaskan.. tadinya pilih yg sebelah karena lebih banyak toko2 terdekat dan harga lebih murah sekian perak tapi ternyata ada batasan untuk pembelian susu 1000ml cuma bisa 1x per hari jadi coba yg ini dan ternyata ga ada batasan, dan walau pengirimannya ga bisa 1 jam sampai, tapi es krim ga encer pas sampai yg berarti baru dikemas pas mau dikirim.👍",2026-07-29 06:34:31,playstore
d87573e5-e452-46e7-96f8-875b7c7307cb,"Kalian kalian semuaaaaaa. yang belum jadi member dan pake apk ini buruan dah download. Buat yang sibuk dirumah, ngurus anak, banyak kerjaan. mending belanja pake apk ini aja. dianter sampe depan rumah, promo"" dan cara pembayarannya lengkap. cuss",2026-07-29 05:38:23,playstore
bd9ff6bb-f337-4708-bc08-1125908987cc,sangat membantu,2026-07-29 05:24:40,playstore
21495127-d2f8-48bc-bb4b-a540d39de316,bagus,2026-07-29 05:16:51,playstore
8df2acdf-b2de-4f70-b71e-0692f803a9fe,"sumpah ini aplikasi memudahkan sekali untuk berbelanja, tapi mungkin di daerah tertentu ada yang tidak bisa terjangkau alamatnya. jadi saya berharap sekali semoga bisa digunakan dimanapun. terimakasih 🙏",2026-07-29 04:57:32,playstore
b8107d51-a782-4de2-a809-e7af3f86d51b,pengiriman nya lama banget woy,2026-07-29 04:26:01,playstore
7e43e8db-80cd-4824-9920-b337e5bc7487,oke siap,2026-07-29 02:33:38,playstore
f3058ad4-1edf-4bd6-9f94-b0178aa36497,"kadang sy bingung dg aplikasi ini, skrg klo update atw lm ga tepake ngelog out sendiri giliran udh log in berubah trus lokasi orderannya pdhl dulu"" engga loh. klo utk waktu antaran dl gercep skrg sdkt amat lambat dr estimasi wkt antaran. Tp tetap salute utk yg ngantar semoga sehat sllu dlm perjalanan dari & kerumah costumer",2026-07-29 02:20:35,playstore
5f71ba4d-4a93-4b37-b192-11aa0e1404eb,pengiriman lama,2026-07-29 01:17:05,playstore
988c67a4-037f-4f8b-998a-fe14d54b7f55,"pengiriman ya sudah sangat bagus cepat, saya sering pakai alfa gift, tapi sudah beberapa kali dapet kurir ya gak ramah, jadi males pake lagi, padahal saya tidak cuek sama kurir ya, selalu menghampiri kurir ya,",2026-07-29 00:09:28,playstore
6662674b-39b2-46a5-b1c6-b2cbea0b669d,"sangat kecewa melakukan pemesanan dengan alfagift, pingiriman lelet, barang gagal di kirim tidak di antar kembali, order di selesaikan oleh kurir sendiri.",2026-07-28 23:46:16,playstore
dcb7397b-f949-4a3c-8271-95c8d8976537,kalo belum siap dgn manajamen nya jgn buka fitur online,2026-07-28 14:56:56,playstore
c1885b2c-d619-4eac-af58-b288a48ea6fc,"aku coba instal nih aplikasi, pas dibuka terdeteksi aku pasang aplikasi apkhappymod, jadi apa hubungannya, baper sendiri nih aplikasi, aku copot lagi instalasinya bye-bye",2026-07-28 14:53:23,playstore
61acabbf-6434-418a-a35d-c982f32cf69a,bgus,2026-07-28 14:28:05,playstore
5a555b98-a5ff-4a62-b2bc-024ef827c8c8,so far so good,2026-07-28 13:13:28,playstore
23070327-2f1c-4cc0-9ff9-5098f50145be,"maaf, update jd bintang 1, karena sering durasi pengiriman tdk sesuai dg yg dipilih, sebenarnya klo emang perlu wkt lama, gpp ditulis aja bs antarnya di jam brp available, atau estimasi brp jam pengantaran, jd org bs berekspektasi bhw datangnya tdk cepat,. tdk perlu ada pilihan maksimal 1 jam pengantaran lagi, sebab saat kita pilih itu, berharap mmg dlm 1 jam atau (ya lbh dikit oke lah) barang sudah diterima, apalagi klo saat pesan obat yg butuh cepat, ini malah seharian ga sampe2",2026-07-28 13:00:47,playstore
bfb76fb1-fb64-4267-bf72-a37540fcf2cd,beli susu dialfaghif 2 jam aja gak dianter anter dichat gak dibales gak rekomendet banget nyesel pake alfaghif,2026-07-28 12:54:00,playstore
444f66c7-7ff7-4ba5-9f1e-1355743b550f,sangat membantu apalagi free ongkir💝💝,2026-07-28 12:48:38,playstore
efac99cb-4b0f-480f-9c27-cfa66871ccb4,Goof,2026-07-28 12:34:14,playstore
41a2670e-d232-4793-8297-5337f482db3a,aplikasi yang simpel,2026-07-28 12:31:30,playstore
ea36200a-10e9-49b1-9149-88f6af723620,aplikasi busuk.. vouchwr tipu tipu udah beli voucher mahal mahal malah barang g ada dan g bisa di claim. buat pengguna baru jangan tergiur dengan voucher disini semuanya hoax tipu tipu. cukup aku aja korbannya sampai voucher nya habis masa berlaku gk bisa dipakai.,2026-07-28 12:14:29,playstore
1648b30e-4b80-46aa-a4ac-2159a63bcabc,dulu happy banget klo belanja di sini enak sat set tanpa drama nunggu lama tp skr2 minta pengiriman 1 jam datang nya lamaaaaaa banget kadang berjam2 trus di chat ada notif minta di tunda pengiriman oleh pelanggan padahal saya tdk ada permintaan tsb,2026-07-28 11:49:34,playstore
8daf065a-8544-48f0-b54d-7ae98e9cc711,"Harga berubah2 saat mau Check Out, tolong systemnya dirubah jgn seperti ""Jebakan Batman"" saat mau bayar. Lama2 bisa ditinggal konsumen.",2026-07-28 11:42:47,playstore
98f90b35-e814-4cc7-bb88-68077e565990,"Aplikasi sebenarnya bagus, hanya saja sudah 3x kejadian tidak menyenangkan di pelayanannya. yang pertama mau beli mie Singapur dianter nya mie laksa dan hanya dituliskan diselembar kertas di plastik nya tanpa konfirmasi ke saya. yang kedua, waktu beli Chiki dikirim yang kadaluarsa nya dihari itu. padahal saya mau makan Chiki itu buat besok, buat pas diperjalanan. dan yang ketiga ini, saya mau beli pembalut, tidak ada stok & dikembalikan duitnya kalau stok abis, seharusnya di aplikasi habis dong!",2026-07-28 10:37:37,playstore
2c36d74c-3283-4c84-9431-b481ad667bbc,"Tiap belanja ada kembalian 100, 200, 300, 400 gk pernah ada mlah minta didonasikan sma kasir, tpi sy kasih uang blanja ""receh 100 200an, cuma Rp.5000 gk mau katanya ""gak laku"". pdahal sy ngasih receh biar mreka ada kembalian, biar gk selalu mintain uang orang yng blanja wlwpun cuma ratusan perak. Pdahal Alfa juga kadang suka ngasih kmbalian kita terima, tpi knapa uang dari mereka kita belanjakan kmbali malah ditolak mentah-mentah dgan bilang ""Gak Laku"". Apakah ini emang praturan dri pihak Alfa?",2026-07-28 08:41:38,playstore
5e1de23b-75b2-44a0-a62f-e024920ae996,Aplikasinya sekarang buruk. harga promo sampai keranjang sering berubah. pas Checkout bisa berubah juga. gak kaya dulu.,2026-07-28 08:32:58,playstore
e51e9faa-067a-4b26-8f51-ef06dc262c60,"barang yg diantar kurang 1,padahal sudah dihitung masuk struk pembayaran cod. saya tanyakan di chat alfagift tidak direspon. kenapa alfagift selalu gk respon..ada fitur chat fungsinya apa😥",2026-07-28 07:34:50,playstore
f32f93e0-4acd-4ea7-ad29-c8a21360d49e,"Kasih tambahan utk pembatalan pesanan,",2026-07-28 06:23:55,playstore
cad08a51-8f83-49a3-af75-1579c2aeee99,gak suka sama pagawai yg di depan kota bunga karena judes ngebully terus padahal saya hampir tiap hari kesana saya jatuh malah di ketawain bukan dibantuin parah bangett padahal saya lebih tua dari mereka tidak mencerminkan seorang pegawai,2026-07-28 04:32:37,playstore
13fb2745-867f-473f-ad84-23d727fbada7,"mulai males blanja , belakangan area ciganjur jagakarsa pengiriman max 1jam gabisa alasan penuh atau apa , kirain eror system tapi setelah berhari2 pas mau pesan 1jamnya tetap ga bisa jadi malas mau blanja2 lagi",2026-07-28 03:03:12,playstore
f7c8dbd0-8b25-4006-af09-5fdfb649ee6a,sangat membantu dlm berbelanja online praktis,2026-07-28 02:26:03,playstore
584201b4-3601-4754-9f8c-9d5962927f16,setiap voucher nya gag jelas,2026-07-28 01:02:12,playstore
60ec1249-5a08-4f9f-8a07-534b27a0a019,"alhamdulillah orderanku lengkap dtg dan fast respon di jam kerja dan di anter cepat terima kasih lancar dan sukses selalu, alhamdulillah dengan kemudahan dari Allah Ta'ala adanya aplikasi alfagift sangat membantu belanja via online",2026-07-28 00:43:01,playstore
ea872220-bb6d-40e6-9484-44f7eb65ab58,"udah 3x nomor aku keblokir hadeh, lawak bet. di telpon alasan nya aku yang minta di nonaktifkan akun nya astaghfirullah.. heran bet sumpah",2026-07-27 15:50:19,playstore
1c1c4ef1-3979-4871-87ba-02cddc57f40b,"aplikasi gak guna, saya pesan barang dari jam 7 pesan air minum gak di kirim kirim sampai sekarang. di chat malah gak di blas hanya di read minta cancel gak di balas juga gak guna sumpah, aplikasi hanya branding nya aja. pelayanan pada gak jelas 0 besar",2026-07-27 15:15:53,playstore
f89efc84-0e0f-4b66-839c-7be2ecf1fb7b,okeeeehhh,2026-07-27 14:43:21,playstore
689085bb-a7dd-49b0-b489-748ad62021d0,"aplikasi buruk, saya jadi member tiba-tiba kena blokir katanya melakukan transaksi penipuan, padahal kalau transaksi kan karyawan anda yg input di sistem, gimana bisa pelanggan melakukan transaksi penipuan?",2026-07-27 14:02:57,playstore
fb3bd8de-4ae9-4ba3-abef-200045302ccb,"Saya pernah mendaftarkan no.hp baru kemudian hapus akun. Karena ingin mengganti no. di akun lama, eh malah tidak bisa digunain no.barunya karena sebelumnya sudah terdaftar. Aturan macem apa ini. Jadi sekarang bingung, no.hp lama mau di nonaktif, sedangkan no.hp baru tidak bisa di daftar lagi. Masa harus beli no. lagi gara-gara Apk. Alfagift.",2026-07-27 13:46:20,playstore
adfe0d37-d37f-4d47-a0c7-e3195723e2bd,pengiriman 1 jam setelah pembayaran. Sangat tidak efektif malah dikirim nya hampir di jam 8-9 malam. klo memang tidak menyanggupi pengiriman 1 jam setelah pembayaran sebaiknya di nonaktifkan aja.,2026-07-27 13:25:35,playstore
8840e5cd-d74e-4025-abf3-3201573b1b65,sangat membantu TAPIIII PLISSS KASIH FITUR PILIH TOKO BIAR BISA BELI BEAN SPOT 😭😭,2026-07-27 12:55:15,playstore
dd62dc37-8df3-43f1-ac13-96d4bf6c9597,baguuss,2026-07-27 09:02:56,playstore
99d97b79-f856-42a4-89b0-ba39b1db4802,Aplikasi nipu.. harga di aplikasi dengan ditoko ga sesuai mahal banget jatohnya harga normal. entah oknum toko nya yang main atau emang aplikasi nya yang nipu.,2026-07-27 07:56:36,playstore
71a10777-ddb9-48ae-856a-72366726343a,"ada voucher tapi gabisa dipake, katanya min belanja 100rb, udah 100rb gabisa dipake, yaopo se gajelas ra umum",2026-07-27 07:00:34,playstore
5407e2b2-2480-4491-aaa3-eb1edf9f7366,"lag terutama di bagian beranda / homepage terlalu banyak animasi yang ga berguna fyi device gua redmi note 14 pro 5g, fix it pleaseeee asap I need to buying weekly stuff it's been 1weeks+ I can't open the homepage at Alfagift app edited 23 june 2026: impressive, thankyou, it's fixed ? —sekarang bug nya di keranjang, saat ingin checkout malah berubah (konteks, yang dari tebus murah malah berubah ke produk biasa, dan yang promo seperti buy 2 get 1 saat checkout malah berubah ke produk dengan harga",2026-07-27 05:58:52,playstore
97c42524-2b6b-40e4-99d0-0a285989ac6b,kok g bisa yh mendaftar katanyah masuk kan no hp trus udh d masuk in malah g bisa kata nyh,2026-07-27 05:26:35,playstore
67b39941-9978-431d-8272-b3ae2228e5bd,sangatttttt lambat dan tidak ada konfirmasi kendala,2026-07-27 04:56:10,playstore
e47c6aff-c3f5-46c4-b5fe-4992b4a002e1,"belanja cepat, aman, cocok buat kaum mager, tinggal klik delivery, bisa ditinggal gawe depan pc, barang nyampe depan rumah. sudah langganan belanja di alfagift, sangat puas..",2026-07-27 04:27:06,playstore
265c905b-673c-4198-ad97-e967cad14e91,mendukung kita yang kaum mager dan memudahkan sekali,2026-07-27 03:09:38,playstore
f3626f0f-33bf-422c-9687-e607657e043c,terima kasih,2026-07-26 21:34:15,playstore
085fbea0-0575-42e3-8fa8-b8e5620b07f4,sering amat update versinya,2026-07-26 16:26:03,playstore
ea9bf6c3-bbf8-4f2c-a766-5c72c333aad6,"KAAAA APLIKASINYA TOLONG DIBAIKIN DONG KESEL BNGTTTT BEBERAPA PRODUK KALAU DIMASUKIN KERANJANG HRGNYA BERUBAH MULU, BANYAK PENYAKITNYA ABIS UPDATE PERASAAN 😭",2026-07-26 12:05:46,playstore
35bd1c11-31b1-4334-ab23-ab28e8ae0410,"secara aplikasi sudah sangat bagus,mudah dipahami dan di aplikasikan cuman minusnya semoga pengiriman bisa lebih cepat lagi semoga kedepan lebih ada perbaikan di pengiriman",2026-07-26 11:30:43,playstore
6a121d63-6d8d-476f-8ca0-4c3e75ea8af4,"abis diupdate harga tebus murah pas dimasukin keranjang kok ya balik harga normal, harga promo yang lain juga pas dimasukin keranjang malah balik harga normal atau nggak pas mau pembayaran malah balik ke harga normal🫩",2026-07-26 11:19:57,playstore
10fcbd7a-c891-422f-9dcb-e838f2bd0205,udah masukkin ke keranjang giliran mau dibayar harga barang yg diskon tiba2 balik ke harga normal trs😭😭,2026-07-26 10:52:48,playstore
e06fccc7-923f-4719-8549-a481ef26d336,"untuk melakukan reset password untuk login tolong tambahkan otp via email, dikarenakan nomor HP yang terdaftar adalah nomor HP yang lama, jadi kesulitan bagi costumer untuk login jika di kasih 2 opsi dengan nomor yang sudah lama hilang",2026-07-26 09:17:19,playstore
d48e5244-4a56-4791-b7fe-5b9048e3abe7,"sesuai dengan perating bintang 1 lainnya, pelayanan nya kurang banget",2026-07-26 07:37:29,playstore
71b00275-bd23-4f9d-a4ba-1283200718a8,"belanja mudah dan nyaman, serta cepat sampai di rumah",2026-07-26 05:40:28,playstore
1f3865c9-05de-4800-a3c8-020864a6d2e3,"hey hey lihat sini ☝️ suka bgt sama pengirimannya, cepet dan free??? omg.. sehat sehat buat abang kurirnya 🥺 btw developer tolong ini apknya sering loading lama, jd kudu force close dulu baru bisa",2026-07-26 04:25:07,playstore
90a8180d-35a8-4dd4-9a6f-5bb47a40b906,baik dari pelayanan maupun produk semua oke,2026-07-26 04:20:05,playstore
5d33d4a0-caec-4046-b369-541db73cc95d,Mantab,2026-07-26 04:16:21,playstore
4b53bbd2-aa8e-4b5f-9953-f54092f5fcb2,sangat bagus anak saya suka sekali Terima kasih,2026-07-26 04:13:12,playstore
e61896c0-5ae1-4926-8169-82a623dfa8dd,waktu itu lumayan udah dapet koin 35rb terus ganti jadi belanja 35rb. jadi ga ada salahnya instal aplikasi ini. banyak untungnya,2026-07-26 04:08:09,playstore
0543cb32-aa64-4172-ad8c-fb37d8ca1616,belanja hemat dan puas cuma di alfamart,2026-07-26 04:06:59,playstore
3be2b1ab-a2ae-460a-9ed0-231ec1092c49,banyak promo dan gratis ongkir . sangat membantu ibu rmh tangga seperti aku,2026-07-26 04:05:27,playstore
c2f8e679-7764-49a7-b093-e4c6c24b2e02,bagus dan enak,2026-07-26 04:02:01,playstore
ad1b3951-1c95-43c4-851a-8774fe781466,banyak promo..belanja online bebas ongkir mantappp...,2026-07-26 04:01:10,playstore
bd86f701-86f4-4782-a338-1585aa2a6292,banyak promo nya cepat anter nya,2026-07-26 04:00:59,playstore
b955f26e-4906-49ec-a912-86c4e1ec548d,belanja selalu dpt harga murah,2026-07-26 04:00:28,playstore
9a058a68-b3a9-4063-b31e-2eb99a78878d,"banyak yg murce, tokonya bersih2",2026-07-26 03:58:40,playstore
d4c1a5e4-79a2-47e0-9f79-5021a48c42e9,barangnya lengkap dan pengirimannya cepat,2026-07-26 03:56:21,playstore
de46f453-d715-4d98-8685-8370aa17beb0,"aplikasi bagus, lengkap barangnya, gratis ongkir",2026-07-26 03:55:31,playstore
8e2d7edb-bf06-4989-a22c-80c536cc3e98,oke banget,2026-07-26 03:53:19,playstore
9ded36ba-bd76-49a7-a1bc-5a4c0b2ed61b,pelayanan nya bagus,2026-07-26 03:52:43,playstore
fb189c39-1134-4f1d-b37b-148d05ad740b,banyak promo dan diskon gaes,2026-07-26 03:49:57,playstore
3076e379-94b4-4619-b174-18cf8657f29d,bagus toko grosir lengkap dekat dari rumah,2026-07-26 03:47:25,playstore
413072b0-b920-4300-aead-4f9d725b24cb,keren,2026-07-26 03:46:19,playstore
4a721b98-406c-43b2-99dc-6aac7d0e67ab,banyak promonya,2026-07-26 03:45:03,playstore
731fa058-00ba-4b31-a03f-fff1061cb158,kerennn,2026-07-26 03:44:53,playstore
2c17fa17-6e2d-410c-be86-e7d1a0313d87,tempat belanja yang lengkap,2026-07-26 03:44:07,playstore
3e79b23d-cf34-49af-b2d5-db325e5d3598,banyak promo dan jadi langganan,2026-07-26 03:43:32,playstore
3472fbc9-a4a5-45a7-b0a7-0f1bf1150fc0,banyak promo nya,2026-07-26 03:41:41,playstore
2e694d62-d7b1-4443-9ccf-f0d87f2a4d72,banyak diskon,2026-07-26 03:41:37,playstore
17638a55-df5f-403a-967b-365c74b59a6c,"promo menarik,harga pas",2026-07-26 03:41:26,playstore
df57188c-f373-42dd-88a0-46b6be2b2619,banyak diskonnya,2026-07-26 03:41:04,playstore
9f3ce881-c8b3-4de9-86c6-9996f3e822b8,Alfagift the best pokonya ❤❤,2026-07-26 03:34:58,playstore
25484d49-ccc6-4922-8c7d-ba920cfcef8f,nice apps... good apps,2026-07-26 03:33:05,playstore
2adcf121-4372-453d-b332-7c0074cddad8,Banyak diskonnya,2026-07-26 03:33:02,playstore
d5c95880-f902-47e3-80cb-52f1e293003b,mantappppp betullll point nya bsdituker barang lain juga,2026-07-26 03:32:46,playstore
b3a7330f-3788-4138-a77f-7e91a9dce7f5,aplikasi OK,2026-07-26 03:32:37,playstore
e728fc98-ec91-472e-b42b-b248ea266c12,mantaf,2026-07-26 03:31:04,playstore
e5ba5aa6-27bc-4401-bfac-07dfe216db4c,mantap bagus banyak aplikasi,2026-07-26 03:29:34,playstore
fd9812c2-7fbb-46d8-9481-1dab80dcf61b,mantap banyak diskon harga murah,2026-07-26 03:28:22,playstore
e471dff5-6e3a-48aa-a0ad-4665b2eda178,ok bagus,2026-07-26 03:25:51,playstore
88283a17-a58c-4a41-ac02-19fc72b5aefd,alfamart keren,2026-07-26 03:24:31,playstore
b76a3152-be19-46aa-9260-efa96bb740b1,aplikasi keren,2026-07-26 03:24:05,playstore
3276c322-2005-428d-a11a-0adb54c1780e,banyak diskon nya,2026-07-26 03:23:59,playstore
9313037b-5ee7-415d-a7e4-a8c8443f4021,"seringnya belanja di alfamart, banyak promo, sambil kumpulin poin",2026-07-26 03:23:52,playstore
7a4d1de8-25d7-4441-aeb2-6bea48d5a128,bagus,2026-07-26 03:22:45,playstore
4f171d31-88b2-4458-a445-21724bd7d26d,mantep alfagift,2026-07-26 03:21:16,playstore
6b96e12d-1e49-46e4-93aa-333724ad3b2d,alfa memudahkan untuk belanja,2026-07-26 03:20:21,playstore
fcf2dd12-3b47-4a79-8052-2fbaa9a0a524,Tidak perlu cetak resi belanjaan jadi ramah lingkungan,2026-07-26 03:19:19,playstore
ed124be8-6824-432a-8900-f0a730a22143,banyak promo dan discount,2026-07-26 03:18:18,playstore
5259d442-8b4a-4169-93b3-4ebe9a996b3f,aplikasi ini bermanfaat,2026-07-26 03:16:03,playstore
341b0e91-eb68-4b99-b0ff-46b6d2745990,banyak diskonnya,2026-07-26 03:14:52,playstore
d3ece891-b494-4488-82d3-1be1d74658f8,banyak gratis ongkir,2026-07-26 03:12:36,playstore
51fd0b3d-2e6a-4fb7-822c-b4ff3f0a3c2b,"Menarik, mantapp",2026-07-26 03:11:25,playstore
558b32b5-f154-4850-a58f-7d5003870d94,okok,2026-07-26 03:10:30,playstore
f8f47d0c-d07b-4f71-8b0c-07f277214714,"belanja praktis dan cepat, pokoknya belanja di alfa gift mempermudah bgt disaat butuh mau belanja apa",2026-07-26 03:09:14,playstore
2d387fb8-3c91-462b-88d8-4e25c250b373,mantappl baguss,2026-07-26 03:08:47,playstore
b560f8e8-33a4-41c7-a887-1b111bab1b99,alfagift okee mantap,2026-07-26 03:08:22,playstore
b9a23020-af7a-41c6-bb0f-aff0d07b9c2b,banyak hadiahnya,2026-07-26 03:08:06,playstore
8fa2dbb8-02b8-4b84-b7a2-9eebb838a3a4,W speed,2026-07-26 03:07:53,playstore
a8cb646d-381b-448e-916e-efbc01f4bd08,mantap,2026-07-26 03:05:53,playstore
10bccabd-a219-4aa0-a9b5-4a74464e8a5f,banyak diskonnya,2026-07-26 03:05:50,playstore
3ee97326-741d-47bb-8fc7-7ec572261fa8,keren,2026-07-26 03:05:41,playstore
25554eb8-cf50-42f2-8222-573f1ea0c86c,Belanja jadi lebih mudah dan ramah lingkungan juga karna ga perlu cetak resi belanjaan.,2026-07-26 03:05:16,playstore
0b77696b-9e45-413b-b848-21b4a73ca0c4,banyak diskonnya,2026-07-26 03:05:05,playstore
339bb89e-504a-44e1-b647-b9e0a8ee376b,aplikasi ini dapat digunakan sebagai tempat belanja murah,2026-07-26 03:04:29,playstore
6b51db57-9f7e-4c35-9bf7-f35bea54648d,banyakdiskonnya,2026-07-26 03:04:23,playstore
ed885d5e-6b62-4fda-b8cc-c71c5baabc0a,grtis o gkif,2026-07-26 03:02:33,playstore
f0fdb183-fca8-40a2-83ac-c9151990dea8,Keren dan Bagus gratis ongkir,2026-07-26 03:02:20,playstore
fcf5de12-7873-4c13-9917-9bddf63e3255,banyak discontny,2026-07-26 02:59:59,playstore
665cc3c3-64c1-4a97-8e15-9f7ef4ecd74c,Bisa dapat poin dengan belanja lewat aplikasi ini,2026-07-26 02:59:41,playstore
4ebd44d1-4394-4daf-8267-d41b836b0016,banyak dapet diskonnya.,2026-07-26 02:59:23,playstore
352b7fe4-3724-409b-924d-25c1ff1ba16c,aplikasi ini berfungsi,2026-07-26 02:58:11,playstore
d1e33e36-cae6-411a-92da-26421323f32d,banyak hadiahnya,2026-07-26 02:58:05,playstore
71137479-a90b-45c4-8c47-3807adacd352,byk diskon,2026-07-26 02:57:00,playstore
6089af8c-f0c8-48bc-8bf4-c0529f59fbd4,aplikasi yang memudahkan,2026-07-26 02:56:55,playstore
cb7b2908-d1be-4b9c-9b6d-0e737e7d7165,Alfamart bagus,2026-07-26 02:56:49,playstore
d1c1e5d5-7721-42fd-b334-4be2c1b80280,Keren dan banyak diskon,2026-07-26 02:56:47,playstore
5501b4dd-cc36-4123-95b1-290eabdb7c06,aplikasi bagus,2026-07-26 02:56:20,playstore
594cd8d8-944a-4ea1-b048-c6762bdef61d,mantap banyak promonya,2026-07-26 02:55:03,playstore
fb584656-3460-427c-8ca2-3d363a8bbf5d,good,2026-07-26 02:54:13,playstore
4206af6f-d518-4c41-abc4-9f2f3a97a669,ok bangettt top,2026-07-26 02:53:15,playstore
95c91bc5-e336-482b-9b25-8e1821be21b4,bermanfaat,2026-07-26 02:50:24,playstore
f263ee62-66a5-42f5-8bfb-6782de0063c2,good,2026-07-26 02:49:03,playstore
8ffd0517-3e99-4401-9487-6acd735d0936,sangat memudahkan dalam belanja dari rumah,2026-07-26 02:48:24,playstore
fea41f10-0c5b-4d5d-8f8f-5541eb266850,banyak diskon nyaa,2026-07-26 02:46:57,playstore
d2d5e98e-a54c-4734-8b2a-4e23bebffe62,"banyak diskon, free ongkir, worth it banget",2026-07-26 02:46:32,playstore
d87dcae9-d377-4997-872a-6e2689770b25,aplilasi bagus,2026-07-26 02:43:53,playstore
34ff6bfe-104a-4252-bde4-3c4b1463b8d3,sangat bermanfaat,2026-07-26 02:41:36,playstore
5d8a395c-854f-4c38-8202-68e17e6aaa2f,alfagift selalu memberikan kemudahan,2026-07-26 02:40:58,playstore
1acb3c63-302c-4454-a525-0ff8fba2abf0,aplikasi kerenn fitur melimpah,2026-07-26 02:40:46,playstore
ed57de49-04d2-49c9-a5e1-bd2ea9ba52fc,"Alfa Gift membantu banget, buat aku kaum mageran buat belanja. mana cepet lagi pengantarannya, udah berapa tahun selalu belanja pake Alfa Gift",2026-07-26 02:40:21,playstore
f98ac94a-a132-4e99-a626-f06b23230ace,sangat bantu,2026-07-26 02:40:11,playstore
b8124058-66d7-4d00-ab51-0b676ee4079a,bagus,2026-07-26 02:39:51,playstore
c19c244a-4582-491f-83c2-3cf022c894a6,bagus,2026-07-26 02:39:33,playstore
df146cd2-132b-448b-8c8f-1d6ffae936c6,bagus cepet,2026-07-26 02:38:15,playstore
aa2503bd-056a-4178-9224-003d2b249404,paling mudah belanja di alfagift tinggal klik barang cepat dikirim dongs,2026-07-26 02:38:05,playstore
cd9799b9-eacc-4fe0-a634-8720952dc92a,alfamart semakin jaya,2026-07-26 02:37:53,playstore
a0d47af7-fe1e-425c-95f6-1449c877bb11,sangat membantu sekali,2026-07-26 02:37:51,playstore
74347a4b-61f1-478b-85f1-a598012f3661,alfamart banyak barang harga promo terutama kabutuhan sehari2,2026-07-26 02:36:06,playstore
241fc407-2d33-4734-8413-f90be696428b,keren banget pelananya juga cepet banget kirimnya,2026-07-26 02:35:32,playstore
88d23a8f-ca7f-475f-8600-5643c106c8e2,"Aplikasi terworth it, bisa deliveryy jugaa keren",2026-07-26 02:33:41,playstore
b0fc5c9f-2bcd-4c32-be5e-823eb277051b,semoga maju lancar terus..,2026-07-26 02:33:10,playstore
01c16e7d-bf60-407c-816e-96ed6a4eeec6,bagus sekali,2026-07-26 02:31:42,playstore
0d6ccb57-c89d-4f1d-af7b-d6d36a53ece3,banyak diskonnya,2026-07-26 02:31:30,playstore
f81d8890-76f3-4320-8c71-3956827472a6,Banyak diskon and free ongkir genkss,2026-07-26 02:30:59,playstore
fc745393-3c36-4822-9e9d-ce541e312a6b,baik,2026-07-26 02:30:46,playstore
377b6f88-c5b5-4d61-80a3-5999bacefd82,"aplikasi mudah digunakan, banyak promo, dan gratis ongkir",2026-07-26 02:30:24,playstore
e2784348-51db-42ed-83ff-925fc3a2c9c9,sangat berguna dan bermanfaat,2026-07-26 02:30:07,playstore
6df4d3eb-07dc-4afc-9b7c-d9ac69c84285,banyak diskonnya,2026-07-26 02:30:05,playstore
8399d339-3803-45c7-9bfe-4e130c359f61,mantap,2026-07-26 02:29:24,playstore
9f709c1e-28e5-4978-8fe7-27ff391df03d,"Seruu bangett, mantap",2026-07-26 02:29:03,playstore
8db05db1-5685-4353-a8b6-78d9778e8ae9,"serimg ada promo,mantapss",2026-07-26 02:26:36,playstore
7a4249a5-1d5d-4c29-a0c8-52ca39740837,mantaps,2026-07-26 02:26:12,playstore
5d7b0693-074e-4729-8bf2-a9e89c81de4a,aplikasinya baik dan terpercaya,2026-07-26 02:25:46,playstore
1d0e4ac4-ab7e-40c6-9753-eb283dfad896,"Banyak promo klo pke akun Alfa,,,",2026-07-26 02:25:15,playstore
72099a94-4a35-48e3-b501-4ec388d23359,the best deh alfa,2026-07-26 02:24:06,playstore
8651860d-3c27-46cb-aacf-8ed7637498d6,ongkirnya murah,2026-07-26 02:22:21,playstore
f502af03-383d-4d4d-9f0e-c0fb2292028a,banyak disconnya,2026-07-26 02:21:54,playstore
cc57e1b9-b2e6-4359-9615-70a744e00064,semua jadi lebih mudah dan banyak promo,2026-07-26 02:21:41,playstore
88247ed8-24fe-4c02-badf-3e52d8ffdefa,"Alfagift banyak poinnya, nyaman belnja di alfa.",2026-07-26 02:21:41,playstore
5b1a5c74-60ce-45e1-81b1-84905d36a073,sangat puas cocok bgt dg blnja sehari2,2026-07-26 02:21:21,playstore
ace3e13e-51ef-4f60-990a-ade3e82a52ea,aplikasinya bagus pengiriman cepat,2026-07-26 02:21:00,playstore
e1d734c6-a089-4668-a39a-43d461b7ffad,lezat,2026-07-26 02:20:40,playstore
38c78dc3-4ba1-4177-83c3-73eaee2c6531,alfa gift free ongkir,2026-07-26 02:20:34,playstore
8d590b3c-1b83-4957-9805-59ecf0ba3b29,gratis ongkir,2026-07-26 02:20:24,playstore
0a65c49f-c70d-4630-9aed-da916f0aa0bd,Alfagift ongkirnya gratis,2026-07-26 02:14:38,playstore
980e0c63-0678-4d28-95ef-64654b3cf7bd,alfagift simple n ok,2026-07-26 02:13:38,playstore
aac59687-05da-47de-886c-f94c48cdfaf2,selalu lengkap,2026-07-26 02:13:17,playstore
3955f961-e00b-413b-a097-555a06aab330,mantap,2026-07-26 02:11:34,playstore
96bb0ac0-a127-4795-9a9c-6cd24e641eb5,Banyak pilihan untuk kebutuhan sehari-hari melalui aplikasi alfagift,2026-07-26 02:11:06,playstore
1c24409c-ccc9-4be2-a7f9-bae52a4da535,alfagift the bestt...mantap,2026-07-26 02:08:45,playstore
d988eae0-dffa-4e02-a3fa-1301d39e3dd8,"bagus, aplikasi membantu dan sangat baik untuk transaksi",2026-07-26 02:07:29,playstore
b1eaa9f5-8093-4e13-88b7-abf80f56562a,alfagitf mantap,2026-07-26 02:07:00,playstore
fa81ceca-5fc3-47e9-9dff-b955640a8234,sangat memuaskan karena banyak potongan harga,2026-07-26 02:06:35,playstore
ff120dc7-21a9-44cb-891b-990b5e3b5be7,"sangat membantu, dengan member jadi ada diskon",2026-07-26 02:06:32,playstore
cc781a66-072f-4ed0-a3cb-2cb4d99fb1a2,belanja lebih mudah,2026-07-26 02:04:45,playstore
49fde950-85a1-4ad3-abb1-fb7d91653022,Alfagift memudahkan belanja dan poinnya banyak,2026-07-26 02:04:40,playstore
27cda3e9-285a-4826-b1bf-c29642b8114a,mudah transaksi,2026-07-26 02:04:12,playstore
80f00145-bc9e-42e4-b3e3-5e13b136563f,nyaman dan bagus banyak promo,2026-07-26 02:02:26,playstore
5489298c-f07b-4130-aa74-9076dd09c1e1,belanja di alfa puas pelayanan bagus,2026-07-26 02:02:18,playstore
119b60a5-6ed2-4a62-b9d8-1757659b6dc1,baik dan mantap,2026-07-26 02:01:57,playstore
d12d87a9-0cff-4e2c-a1d8-20dfafdeb080,banyak promonya,2026-07-26 02:01:51,playstore
e0fe3eea-0827-4d59-938f-35cfc15d4130,mantap,2026-07-26 02:01:51,playstore
ec26ccc9-4033-459e-be79-a24ec470cfde,mantap,2026-07-26 01:59:54,playstore
b57fbb7a-b82e-41fc-8906-23d540515f2f,sukses terus,2026-07-26 01:59:25,playstore
005af545-4b6f-45f6-a639-0edd061f07d3,"pengiriman cepat, belanjamurah, mantap",2026-07-26 01:59:01,playstore
fa985d04-62d3-44b9-a641-4c65ebca74a6,belanja lebih mudah,2026-07-26 01:58:40,playstore
3a4d82ae-f7d5-4f05-88e3-d85642311e0b,alfagift mantap,2026-07-26 01:57:15,playstore
8a098158-6a0e-453b-ab8c-7053fd495ab2,sangat puas memudahkan untuk belanja,2026-07-26 01:57:06,playstore
724b3faa-fbc1-4c3a-9f39-cc20c0805676,aplikasi mantap banget,2026-07-26 01:56:16,playstore
3818f03a-b5b3-4f47-a84b-b9665568b2f6,banyak diskonnya,2026-07-26 01:56:07,playstore
e6619cc6-af2e-40fc-a300-4c1391437ff5,alfagift sangat membantu promo diskon menarik,2026-07-26 01:55:48,playstore
db3773c5-1411-4e23-bf25-6a2b5aa9c46f,selalu membantu dan selalu lengkap,2026-07-26 01:55:18,playstore
51641020-24dd-4b41-8d4a-10f6b382c1e5,mantap,2026-07-26 01:54:27,playstore
ef9d965f-3fc5-45df-ab35-cbee84b7aa07,terima kasih selama ini freelance Ongkir,2026-07-26 01:54:23,playstore
b85f4194-e8d4-45dd-81cd-b4db12076f44,sangat membantuuu,2026-07-26 01:52:26,playstore
51b75cd2-ee02-44b4-a61d-9c025a45aea6,semoga makin sukses ya,2026-07-26 01:50:52,playstore
0b27ed50-3508-4030-bb0a-1c86dee77937,Good service,2026-07-26 01:48:49,playstore
72f5ce56-3404-4740-a229-0b259d772a0d,alfagift mantab gratis ongkir,2026-07-26 01:48:33,playstore
ec1ab750-19ee-4f06-8b75-c99ba4cfb34d,"aplikasinya sangatt baguss, banyak diskon, good deals, pengantarannya cepat aplikasinya juga tidak membingungkan gampang di aksesss",2026-07-26 01:48:17,playstore
1f9a8326-8e95-498c-932c-72dfddae720d,nice aplikasi...cara mudah untuk bertransaksi belaja,2026-07-26 01:47:16,playstore
2cccb4aa-9e63-4da1-be74-d4bae924e58b,mantab 👍,2026-07-26 01:46:59,playstore
d2e69c45-fb64-40f8-809e-8a474dbb405d,alfa gif mantap,2026-07-26 01:45:45,playstore
63a92b0d-76bc-441a-9a7f-a0b5a3932c69,mantap,2026-07-26 01:45:22,playstore
c2436450-53c1-46cf-8791-8bc3fab0f531,sangat membantu untuk belanja,2026-07-26 01:45:06,playstore
af4f1457-affb-4237-af63-8a3c6678f175,Alfamart mantab,2026-07-26 01:44:36,playstore
cb275d81-fc57-4cf4-9373-e54e43dded86,alfagift mantap,2026-07-26 01:44:23,playstore
00cc9666-1869-43f7-9771-2bc4cf3fb9c1,bagus,2026-07-26 01:44:20,playstore
f893cc88-93e4-47f4-a442-bf64a715a2c5,gratis ongkir,2026-07-26 01:43:10,playstore
1f3c2cda-6179-4af1-bbb3-4ece5204de66,Banyak Promo menguntungkan,2026-07-26 01:42:57,playstore
712493d3-26d0-4ab4-9771-6047a7f18a72,alhamdulillah manfaat,2026-07-26 01:41:41,playstore
46a4007c-9983-4225-a39f-a1845f0e7f6d,mantap,2026-07-26 01:41:38,playstore
518b6e4d-ed96-417e-a764-87ac0a87c3ee,alfagift mantap,2026-07-26 01:39:40,playstore
b090d77b-2da5-41ba-9db5-67d97cd234d2,mantap,2026-07-26 01:39:23,playstore
355aa921-9797-40e5-bab0-8c2b592c57a1,alfagift mantap,2026-07-26 01:37:44,playstore
1cfd8a60-5328-46e8-be86-87489446fac6,jadi lebih mudah belanja kapanpun,2026-07-26 01:35:41,playstore
e9fd7576-aaad-4028-b987-3efb162f28ad,mantappp,2026-07-26 01:35:35,playstore
115d2b45-4a82-43df-a8e6-fb151e0f8a24,terbaikk,2026-07-26 01:35:22,playstore
82135b61-1b64-401d-886e-11451b2e0b11,bagus sekali,2026-07-26 01:34:46,playstore
0e732b21-1840-4e9a-9579-3282d43f14e0,Baik,2026-07-26 01:34:32,playstore
244cb766-0b7c-4244-b1a2-5e670fff5b72,mantap,2026-07-26 01:34:07,playstore
c47dadb8-b886-4f66-9dd4-f2e2adc5bb2c,bagus banget,2026-07-26 01:32:12,playstore
267aa85f-0738-4931-931b-1e73936d1721,"bagus, langganan",2026-07-26 01:32:00,playstore
e5628e0f-8346-4c84-a390-96f46966ec03,sangat bgus,2026-07-26 01:31:58,playstore
08ec5087-d455-4258-af0d-0df6903d201b,"wah bagus, langganan akuu",2026-07-26 01:31:56,playstore
b94d1dd3-edbf-4b74-9d81-8fa7f311801b,"cepat sampe, banyak discount",2026-07-26 01:31:31,playstore
acec3e9a-de3f-45a3-9750-25d4e3b0f111,alfagift mantab,2026-07-26 01:30:36,playstore
917961a4-a70c-4f5d-986e-3960b05a6be3,sekarang sudah di perbarui mudah banget,2026-07-26 01:30:32,playstore
0ccbee1d-e8df-4f2f-895c-042806f2fc56,alfa keren,2026-07-26 01:28:40,playstore
e51bd779-c9fb-4e7e-8068-bb5475259b93,alfagift sangat mempermudah belanja,2026-07-26 01:28:36,playstore
5be9853c-de5c-456e-97a9-15bbff3245fe,banayj discout dan ok,2026-07-26 01:28:26,playstore
822701f0-c960-479c-b42a-3868454a8d54,alfa gift mantaaap,2026-07-26 01:27:31,playstore
383d1c23-49f6-420a-94c4-12b00c177787,"mudah aman dan cepat, belanja lebih murah banyak promosi",2026-07-26 01:27:02,playstore
bc42af47-e57e-4597-ab5d-f9f295914a7e,sangat memuaskan,2026-07-26 01:26:28,playstore
ea4f7bf9-2071-4271-87f5-67eddd4b4a48,alfa pelayanan baguus,2026-07-26 01:25:58,playstore
9f7a7521-6381-4dc1-a47d-973a3c43039f,"belanja mudah, banyak diskon dan gratis ongkir",2026-07-26 01:25:44,playstore
ad393783-0108-47de-8ab6-5b9e430207ca,bagus pelayanan nya,2026-07-26 01:25:11,playstore
0181f99b-9d7e-4e19-a518-e0c67704426e,belanja dengan puas dan hemat,2026-07-26 01:24:55,playstore
0899285b-b2ec-4a2a-8aa8-8e8dbc8b71c2,aplikasi nya mudah dan pelanggan setia Alfa harus punya sih aplikasi ini,2026-07-26 01:24:03,playstore
e53baeb5-913d-4c14-84a3-500d1628c25d,alfagit mantap,2026-07-26 01:23:38,playstore
4e04f438-dc4b-4bc0-8aae-9d654a839530,"banyak promo, pengiriman cepat 👍🏻",2026-07-26 01:23:36,playstore
44ddb2b6-53f2-40d9-a022-100661c58a61,banyak discountnya,2026-07-26 01:23:03,playstore
634cee26-31e0-4368-ad37-f5b69b8a6f7d,aplikasi yang sangat membantu untuk belanja,2026-07-26 01:22:27,playstore
cbc75f3a-804a-4217-8200-ff837f398f90,"pesan barang gratis ongkir, sudah biasa saya selalu langganan anter kerumah. lebih praktis tinggal pesan",2026-07-26 01:21:58,playstore
d3b65511-43f6-415f-ba57-2bdb263668c2,apps nya mudah digunakan dan pemesanan jadi lebih mudah,2026-07-26 01:21:44,playstore
0b66d089-5f41-400d-98ce-36adbce4593f,belanja jadi lebih mudah,2026-07-26 01:20:07,playstore
7e1d14f5-f54d-45a0-b1a5-2e6476a70823,dapat diskon puas belanjanya,2026-07-26 01:19:13,playstore
772ec6ea-64ce-4b8b-9581-ad8132807e94,"selalu blnja di Alfa,,,sering banyak promo,,,",2026-07-26 01:18:48,playstore
871f0ab9-4c7a-4e64-a05e-fa42fff5a6b1,bagus harga terjangkau,2026-07-26 01:18:47,playstore
edd81a50-e90d-4841-8c40-355e9b89842b,sangat tepat waktu dan murah,2026-07-26 01:18:34,playstore
758ff30a-0ed4-41d3-9497-4781b65d55e0,bagus,2026-07-26 01:18:23,playstore
997ac010-fcd1-4adc-aea3-f5b220bed0ef,pengiriman cepat dan aman.. mantap,2026-07-26 01:18:22,playstore
eb48b5e2-87bc-4ed4-bfd2-dbc78e723a6c,"BAGUS BANGETTT KERENN, AKU DAPET BANYAK PROMO",2026-07-26 01:17:23,playstore
0322b8aa-a7e9-4692-b332-56aaa2b8f83c,banyak diskon nya,2026-07-26 01:17:17,playstore
e9141196-30f9-4199-9faf-bfbe375c4ffb,"alfa karyawannya ramah2 ganteng2,cantik2 sukses sll buat alfa",2026-07-26 01:16:48,playstore
c7a3a011-878f-46f5-94e3-6082310af603,"belanja lengkap dan cepat pengiriman nya, bebas ongkir juga",2026-07-26 01:16:22,playstore
d73c1e7b-e73c-4062-9742-af267bac1f97,alfagift keren,2026-07-26 01:16:21,playstore
e3fcd6da-1527-4da7-96a7-05f2fee287d7,alfa selalu membantu kebutuhan rumah tangga,2026-07-26 01:15:19,playstore
fda7e50b-9926-4e60-ac8d-4da9c638226e,Alfagift Okeee,2026-07-26 01:14:41,playstore
e6ecc936-e39d-43ae-ae14-6d5c1115f856,"aplikasinya membantu dan bagus, saya bisa dapat update banyak produk baru",2026-07-26 01:14:12,playstore
faf06865-45ff-47c7-8509-ad57a2d3e3fe,"alfagift mantapp, barang lengkap, cs ramah",2026-07-26 01:13:40,playstore
b30e4b58-3926-4690-8bc8-9a7c92cedff1,banyak promonya,2026-07-26 01:13:29,playstore
81d85905-c7d9-457d-bbd5-47775097289d,alfa mantap,2026-07-26 01:13:06,playstore
cf13f439-bc68-451a-b680-e2a4133a955d,aplikasi belanja online terbaik,2026-07-26 01:12:36,playstore
782987ad-e39e-4d82-b1c9-e88df21e7655,asyik.banyak promo,2026-07-26 01:12:18,playstore
aad6e203-0048-4bb0-8724-04e52fdb6585,suka belanja di Alfamart atau pun Alfamidi,2026-07-26 01:11:36,playstore
3b4477c1-4d80-460f-8784-63b1545a339e,best ges,2026-07-26 01:10:52,playstore
a69a2de5-7f88-4c3b-a92f-574d06afa40c,alfagift mantapppp,2026-07-26 01:09:45,playstore
185fff56-080c-4bcc-9dfe-02d4930b5521,gratis ongkir,2026-07-26 01:09:30,playstore
d8f3d92c-8b56-4aa4-baab-b6c7cf91481e,aplikasi bagus dan simple untuk scan member,2026-07-26 01:09:26,playstore
6ea4647e-2fe6-4e48-8d82-b81bcf5aad6a,oke bngt...pelayanannya ramah2,2026-07-26 01:08:45,playstore
f5034a24-8ab6-451c-8e52-d47009e4e814,tambah terus diskonannya,2026-07-26 01:08:33,playstore
b155ea07-b7f1-4ddb-85c6-28478d9e486d,Mantap,2026-07-26 01:08:19,playstore
c32ef72e-6052-46f9-936f-83830883a29f,minimarket pelayanan baik kasir ramah,2026-07-26 01:07:41,playstore
092366ad-05ae-4077-87b9-019117a9fb56,belanja memuaskan,2026-07-26 01:07:11,playstore
9e6ad23d-5af9-4016-b15f-bcb1b8a5d3d9,aplikasi ok banyak promoo,2026-07-26 01:06:50,playstore
fd8f7746-356f-4bf3-8b1a-3a5c6742d60c,best pokoknya,2026-07-26 01:06:48,playstore
d92199d5-6e24-4572-ac9a-3479633d3c3e,alfagift mantap,2026-07-26 01:06:00,playstore
2d5629cd-bafe-425a-ab08-817b112db892,sangat puas belanja di Alfamart,2026-07-26 01:04:53,playstore
a64cc923-9e08-4ff2-889c-4c0eb8469f11,alfagift mantap,2026-07-26 01:04:51,playstore
78e431b3-2c84-49ad-b0f9-7912492161ba,selalu belanjanya di Alfa Krn banyak promo yg bermanfaat,2026-07-26 01:04:10,playstore
f5c9e5e3-2fc9-437d-973a-2aff0f1c38b8,gratis ongkir,2026-07-26 01:02:52,playstore
51bba176-3940-4a54-8a55-29833fb01de5,"aku kasih bintang 5 karena pelayanannya oke, dan cepat juga",2026-07-26 01:01:52,playstore
f01086b3-9d7e-41c9-b733-82c55fbf751f,bagus puas,2026-07-26 01:01:11,playstore
865935fc-a28b-4a38-a034-bdfc8eda1d30,pelayanan bagus dan pengantaran cepat,2026-07-26 01:01:10,playstore
ee789ff9-f818-4eda-abfe-c7f3abf2ba99,alfagift mantappp,2026-07-26 01:00:01,playstore
561b8d38-7237-473b-a841-f09f56d63b35,"Pelayanan jos, mantap",2026-07-26 00:59:29,playstore
32bee573-7792-4958-9f06-42e65103dbcc,minimarket pelayanan baik,2026-07-26 00:58:03,playstore
a07bfc42-21ac-454b-a2f9-976f0ccace6a,Alfagift mantapppps🔥❤️,2026-07-26 00:57:40,playstore
ac8edcfc-afea-4d4c-a58e-93665768bad6,mantap,2026-07-26 00:57:39,playstore
6a27c9e1-1316-4606-a5e0-757bec72f539,alfagift mantap,2026-07-26 00:57:37,playstore
0e619a7f-fdfd-4764-af76-396759116df8,alfagift sangat efisien membantu para customer dalam melakukan transaksi,2026-07-26 00:56:42,playstore
6789536a-3084-42b7-832a-7089db292a5a,cepet orderan Dateng..rapi packing nya,2026-07-26 00:55:36,playstore
b463c8ff-38d8-4d5d-90f3-885224dd6402,harga terjangkau,2026-07-26 00:55:17,playstore
5f4087fe-6f05-49fd-9e34-f0759e865395,mantab,2026-07-26 00:54:56,playstore
46a72876-c944-4a3a-9f91-c7e888ac23c1,keren pengiriman cepat gak sampe sejam sampe,2026-07-26 00:54:17,playstore
83609ff8-2241-4e97-a784-3fc5a1c902d7,Alfa gift mantap,2026-07-26 00:53:31,playstore
90579f70-860a-407f-9cd6-648aeeef829b,bagus banget,2026-07-26 00:53:08,playstore
ba549518-13f5-4d9d-b815-5749e5a0dca7,banyak disconnya,2026-07-26 00:50:37,playstore
ee06b31f-6530-40d9-bd35-adf87f092008,pelayanan bagus,2026-07-26 00:49:28,playstore
ffd52b2b-588d-435b-a8f1-f635fc915e4e,mantab gratis ongkir,2026-07-26 00:48:22,playstore
322521d2-4f4f-4b88-95f6-aad98965e446,sangat baik,2026-07-26 00:34:57,playstore
62fb18f1-4da1-451b-ab04-439d34113d2d,"apk gak jelas, mau daftar pas klik selanjutnya kok tulisannya sesi berakhir, minta diulang, lalu masih gitu2 lagi. JANGAN INSTAL BUANG WAKTU AJA",2026-07-26 00:22:57,playstore
cdad2fd2-a2a4-4373-a3ee-d0496b7a6260,awal nya saya pikir ini merugikan tetapi. setalah lama saya pelajari aplikasi memudahkan banyak orang. terimakasih alfa gift,2026-07-25 17:49:48,playstore
522b5a3d-b842-4565-971b-64649ea62601,jangan pernah ada yg mau download aplikasi ini. Duit sudah masuk ngga bisa di refund.,2026-07-25 17:08:11,playstore
1c387fb8-5e67-48ec-b2e0-e5cf439ceaad,"aku kasih 5 krna,baik mengasih plastik,dan banyak disconya",2026-07-25 16:11:09,playstore
9c26e0cd-2cc6-4017-9abb-838e5d60d6fe,Mantap.. Keren!!,2026-07-25 13:22:36,playstore
a0dd856c-4e9d-4cad-82ee-90c0ba373d2b,"d bagian keranjang suka error jelas2 ada diskon tiba jadi harga normal, d lihat lagi dimenu benar ada diskon tolong di perbaiki bugnya",2026-07-25 12:24:11,playstore
3433a56a-880a-4d1a-9f5f-33b15ab69260,suka banget belanja online alfagift..,2026-07-25 12:01:21,playstore
ff8954f6-a310-4715-9b2d-e5f9251d3aef,setiap keranjangin suka eror payah,2026-07-25 10:57:10,playstore
63d78a9e-fb77-4ff1-b85e-fc8ec03c5134,"dulu aku bintang lima sm apk ini. sekarang kutarik. soalnya sering error aplikasinya, harganya bolak balik dr promo ke ga promo, barang yang udah ditaro keranjang paginya buat di co siangnya malah berubah susunannya atau hilang. hadeh ini ga sekali dua kali, dah sering. kelempar mulu juga harus login berulang kali.",2026-07-25 10:41:31,playstore
d1313eb4-259d-4c98-bd71-24a2e589d8c8,sistem error terus... promo ilang terus malah harga normal... tebus murah juga sama... bugs kah?,2026-07-25 09:41:42,playstore
c70872d9-aac3-476c-b6bd-65c7effadc52,😁,2026-07-25 07:32:50,playstore
2cfa652d-fee5-4e94-8172-d30960c7f0de,"pas mau checkout error terus server nya, promo berubah2 aneh jd males",2026-07-25 07:13:11,playstore
964aa8a0-6eb0-4c93-b24d-d39c1c216c30,"Memudahkan untuk berbelanja secara online, barang tiba selalu tepat waktu.",2026-07-25 05:05:28,playstore
f5dd4988-22f9-48a1-877b-9b7834d6b0ad,"senang belanja di alfa gift tanpa harus capek2 pergi,☺️☺️grtis ongkir pula. 👍👍",2026-07-25 03:06:54,playstore
92036617-b40c-4cf8-b891-46056fb6ec83,"Pembayaran pakai debit gagal, mau ubah metode pembayaran gak bisa tulisannya pembayaran sedang diproses teruss, mau dibatalin langsung juga gak bisa, mau pesen lagii ternyata stok kosong😡😡",2026-07-25 02:16:57,playstore
a50e7130-ea40-48d7-8fcf-96f6495ccac4,"Makin kesini aplikasi kok makin aneh sich?! makin lemot, promo makin sedikit dan makin jarang,beli barang jg pake dbatasin...kalo cumn minyak beras dibatasin masih maklum lah ini beli kecap aja d batasin, gk kyak Toko sbelah beli sampe kartonan jg biasa aja, kalo gak boleh dbeli ya tutup aja udah aplikasinya.",2026-07-25 02:15:28,playstore
bbd66671-6196-4471-a210-84c8788b8d16,bisa gk sih gk usah di update tiap bulan. memory hp org kan beda² kapasitasnya. giliran mau belnja mendesak gk bisa dibuka apkikasinya kekeh bgt harus updath.,2026-07-24 15:31:18,playstore
1a89f012-fff2-410e-9187-1a429e45fb70,aplikasi ini sangat membantu dan besar manfaatnya,2026-07-24 15:08:46,playstore
19bb3d68-fff2-41aa-afb6-49d33b2a2607,suka tapi item nya kurang komplit ga seperti di toko nya,2026-07-24 14:37:47,playstore
8ae078aa-e8b2-41f0-b472-8f4df610722e,"notifikasi aplikasi mati, kurir marah marah. di nyalain di spam promosi alfagift tiap waktu. ganggu banget, promosi lu gak guna tau!",2026-07-24 13:40:38,playstore
2861ac54-13fe-4625-af2b-9aed64044690,"bagus, tapi tolong kalau foto bukti pas sudah di terima, tolong fotonya yg benar dan jelas",2026-07-24 13:34:03,playstore
6b0c15c0-3115-441b-a728-0849c06aa91b,mantap,2026-07-24 11:59:01,playstore
586d70e2-60ae-4f8c-a3bc-5d6094e81c09,"beli Voucher Subscription Wardah UV Shields Sunscreen Gel nggak ada keterangannya khusus untuk luar pulau Jawa atau Jawa. setelah di beli, lokasi penukaran di pinang. sedangkan saya di Jawa tengah, jadi untuk semua orang yang mau beli voucher Subscription Wardah UV Shields Sunscreen Gel, hati hati aja yang di pulau Jawa berubah. jadi deerah pinang",2026-07-24 11:20:22,playstore
4411bc81-7294-48a9-8da1-2e7a14de6e92,"sekarang nuker poin buat pulsa dibatesi 3x, mau nuker yg paket data harian ngga bs juga",2026-07-24 10:42:23,playstore
62441a4c-249d-4e94-8e0b-32e2ec250134,"cepaT mudah murah,dekat dr rmah",2026-07-24 08:06:55,playstore
94842459-1d17-492d-8c41-3881976f8956,"baru kali ini pelayanan sangat buruk, sampai keluhan saya mengambang tidak ada kejelasan, sistemnya yang salah dan saya laporkan eh saya yang disalahkan, bukannya minta maaf tapi kukuh melakukan pembelaan, yang salah kalian dan tidak mau disalahkan, saya laporan tentang kegagalan sistem eh malah mendapatkan jawaban yang tidak menyenangkan, kalian itu punya itikad baik atau tidak? perusahaan segede itu kok ya menyangkal atas laporan saya, menghubungi cs baik email dan telepon sama saja.",2026-07-24 08:01:37,playstore
eed852cc-8348-40b7-b64d-18e6587093f3,jos,2026-07-24 06:18:12,playstore
051ec50e-3047-4c36-8344-2518d4a7adbe,tolong dong ditambah lagi armada kurir nya karna sering bgt lama kalau kirim barang..harusnya maksimal pengiriman 1 jam tapi seringnya udah mau 3 jam baru smpe kalo di komplen selalu bilang lagi rame customer..ga usah kasih option maks 1 jam pengiriman mending deh jadi customer ga dibuat nunggu,2026-07-24 05:59:37,playstore
59ae4a25-f7aa-419b-9e4a-10bed6da755c,lambat bgt,2026-07-24 03:58:23,playstore
70a6db12-d81a-42a7-a62e-7bd295dda1ab,Oke,2026-07-24 03:19:13,playstore
1ea7ea60-f192-431f-a099-e82ad93c5eac,hapus aja aplikasinya...saya belanja.kemudian bayar habis itu tidak ada kejelasan apakah barang saya mau di antar atau tidak..tidak ada respon dari aplikasi..di chat ga di balas di tlpon tidak di angkat...,2026-07-24 02:12:45,playstore
cc8f7af9-9ba5-4caf-a8cb-6fd38136ad12,"sangat membantu bagi masyarkat kelas bawah ini,karena banyak promonya,tingkat kan lagi promo2 mu wahai alfamart,semoga jaya selalu",2026-07-24 01:58:23,playstore
306bed8b-7d57-4fd9-a672-24697a4fa0ec,"barang saya pesan yang dari gudang dari tanggal 10 juli sampai tanggal 23 juli belum juga datang. sudah mengajukan keluhan, tidak ada respon. pelayanan tidak responsif. Salma saya sudah DM ya tapi belum ada tindak lanjut. tidak bisa di refund juga.",2026-07-24 00:27:36,playstore
ad6dbfe2-1e08-4f18-88d8-453d8d1ee080,respon cepat,2026-07-23 23:38:12,playstore
2335da2c-f87b-4916-b16f-ebe39479ec1e,"minta tolong untuk diperbanyak jenis produk di area yang tidak tersedia, seperti evco merek ikan dorang gitu, ingin beli itu tapi malah tidak tersedia di area saya 🥲. tambahan juga greek yogurt plain yang bentuknya cup atau ember gitu, kalo boleh tambahin juga ya 😞",2026-07-23 18:54:22,playstore
32714b0a-89e4-4604-8dae-b88ca616d8f9,sudah 1 jam barang tidak di antar antar dan chat tidak di respon sama sekali,2026-07-23 14:56:02,playstore
97af643f-ff83-4964-9c51-460957b8923c,Aneh.. Aplikasi untuk berbelanja saja pakai keamanan seperti apk m banking.. Klo instal di hp lain dengan akun yg sama tidak bisa di akses.. Sekuritas terlalu berlebihan!!!!,2026-07-23 13:25:48,playstore
6b6ef655-3adc-4e36-bfec-4ed1df6bde49,Gila lama kali nunggu harus 7x24 jam sumpah parah kita belanja pakai uang sendiri kecuali saya pakai uang kalian.,2026-07-23 12:51:33,playstore
5eb8a328-a326-4dcd-a94b-01eb5b96964d,sangat menarik dan mudah untuk d gunakan,2026-07-23 12:06:07,playstore
2e2457bc-b158-4d98-8293-c8cb8866c531,sangat memudahkan kaum rebahan,2026-07-23 11:16:40,playstore
5ee8b3db-e276-4177-8462-b4cf33aa8e01,"males dulu ga ada minimal belanja untuk cod,tapi sekarang harus ada minimal 50k,dulu ga ada ongkir ongkiran sekarang ada,gak kek dulu lagi,makin maju makin nambah biaya nya,bukannya memperhemat,mending datang langsung ke Alfamart nya",2026-07-23 10:35:15,playstore
69650876-3613-4e92-a4c7-649fec3d0b8e,Mau potong poin aja udah di scan mau pake kode pin lagi mana disebutkan ribet banget kan jadi tau kasir alfa kode pin,2026-07-23 10:26:57,playstore
0d945952-b4c0-4157-b3e1-c14eec04e343,pengiriman super lamaa,2026-07-23 08:10:47,playstore
4def5fc9-0e2d-4103-95f6-c333c09294f2,good,2026-07-23 07:59:29,playstore
2505cd43-dd8e-495e-ba83-a70dd5c290dd,"tolong di benahi lagi informasinya, saya chek out di tgl 17,estimasi pengiriman di apk maksimal tgl 20. saya juga check di tgl 20 jam 23.15 pesanan saya hilang terus tiba tiba pagi di tgl 21 ada pengiriman tapi tidak ada notif, barang dikirim lagi di tgl 23. dari tanggal 17 sampek 20 saya chek chat berkali kali tapi tidak ada notif atau pemberitahuan kalau barang dikirim atau keterlambatan pengiriman. kalau memang ada keterlambatan karena barang kosong harusnya ada pemberitahuan",2026-07-23 06:12:32,playstore
edb5532f-f993-46d5-b017-0b497134081a,"kacau dh kecewa kedua kalinya. 1. pesanan Dateng tapi ketukar. 2. pesanan udh 3 hari belum d proses Tau2 dpt info kalau gudang kosong, pertanyaannya itu g d update kah d sistem sampe org bs check out . udh nunggu 3 hari ternyata barang kosong eh d suruh nunggu lagi pengembalian dananya 14hr kerja katanya. ini kalo lgsg d proses ya kalo g mesti lapor ke aplikasi nanti staffnya yg lapor (follow up) lagi nunggu lagi dong 14hr total 30hr tuh nunggu dana pengembalian. satu kata buat alfagift KAPOK.",2026-07-23 05:48:27,playstore
7a040c85-0c8b-4cd8-beab-eef32d9b624b,I LOVE U ALFAGIFT,2026-07-23 04:29:23,playstore
fd6806bd-99c6-4993-add4-4dba2e990f42,sukses slalu,2026-07-23 00:40:22,playstore
9e16d251-dca7-4a38-9228-79eceff79df2,GOOD IDEA!,2026-07-22 14:32:38,playstore
3685b64b-e746-4f0b-b961-12d0e795c657,belanja lebih murah banyak kode voucher diskon,2026-07-22 14:03:38,playstore
9a9bd3db-8d98-4cf2-b500-b906d7859113,"sangat membantu dalam berbelanja bagi saya kaum ibu² yg saat itu baru melahirkan sampaii sekarang masih tetap setia memakai alfagift, tidak perlu kita pergi keluar langsung diantar kedepan rumah, bisa cod pula, banyak promo produk rumah tangga ramah dikantong,",2026-07-22 13:55:34,playstore
a4e2971c-6042-43e9-b736-7b3212d6f824,ayo belanja di Alfamart promo🙋,2026-07-22 12:56:36,playstore
b9ff9f31-db90-4e9f-923f-081ba2560484,"mesen kopi jam 3, jam 8 belom juga nyampe, ini mah kopi nya jadi bubuk lagi cuyyy",2026-07-22 12:44:37,playstore
1a8e3160-9b4c-4173-9f17-751cf84013cf,"Niat jual ga si sebenernya setiap saya mau pesen non Coffee selalu aja alesan ny kosong, selalu habis lah yang es batu kosong lah kalo tidak niat berjuang jngn di taro disana menu nya.kalo untuk sekali dua kali masih bisa di maklumin tapi ini sudah hampir tiap kali saya ingin membeli selalu begitu jawabannya",2026-07-22 12:30:50,playstore
fd62bce3-ef5c-41f2-84d2-c08c1f3a2409,"seneungnya belanja diAlfa , pelayanan yg baik,sekali ada promo 👍👍",2026-07-22 11:47:12,playstore
6ab52df6-ee77-4863-b04e-464befc90075,Loading lama alias (LoLa) jadi masih tetap 🌟🌟 2bintang,2026-07-22 10:35:14,playstore
b8506a32-55b0-48a7-8437-16307d8499bd,"mau ganti nomer tlpn yg lama ke no tlpn yg baru saja ribet amat, harus kirim e-mail ke Customer service segala, kuarang flexible, respon balasannya juga lamban kuarang sat set,",2026-07-22 10:32:35,playstore
ca7f02bd-3567-470e-bab8-71ee672c8de6,"Fitur reset login error mulu, gak bisa digunakan. Harus instal ulang jika ingin login dengan akun lain",2026-07-22 10:05:59,playstore
8e735329-b0b9-4f28-a18a-37487d3f7049,apa harus bayar ongkir dulu biar pengiriman nya cepet ?,2026-07-22 09:45:25,playstore
50c36e8f-2623-4ec5-8a3d-d90536d281f4,"belanja jadi lebih mudah pakai aplikasi ini, pengiriman cepat dan bisa di jadwal",2026-07-22 08:05:24,playstore
d9c3b148-cf9a-4bfd-99b8-955c40d56546,"Sangat membantu dan pengiriman sangat cepat dan aman sentosa,, Alfamart Belanja Puas Harga Pas 👍👍👍",2026-07-22 07:51:07,playstore
f47c9a23-cabb-45d8-beaa-1e04c4bb361c,"aku kasih bintang 5 untuk aplikasi alfa gift karna belanja untuk dengan program cashback di alfa gift belanja dengan cashback siapa yang mau nolak coba? dijamin pake cashback banyak banget untung nya, belanja jadi makin hemat, gak nguras kantong. harapannya selalu kasih kita promo cashbac, tebus murah, harga spesial yaa supaya kita bebas belanja untung terus kedepannya",2026-07-22 07:12:38,playstore
feacbfa5-c91e-4963-beba-f3111e06cdbe,D30001 apaan ini sekarang aplikasi kok force close mulu Vulnerable bla bla bla UNINSTALL 👎👎👎👎,2026-07-22 05:50:08,playstore
e469c373-59cc-4f58-bf8f-54e15fe96b6e,tukar produk a-poin tiba tiba brubah..awalnya bekal makanan dan nunggu tgl penukaran begitu di hr H nya berubah produk pensil yg tiba tiba jg sudah habis padahal tiap hari sebelum penukaran bekal makanan gak ada produk pensil warna..penipuan namanya gak bs dipercaya..,2026-07-22 04:33:18,playstore
a42eb1dd-1ea2-41ff-af44-d1dcb19e8885,good..,2026-07-22 03:50:55,playstore
5040f19c-383c-44bf-ac7c-4bc40eaea9fa,semoga bermanfaat,2026-07-22 02:02:24,playstore
42a05aff-dbb2-4c09-b50e-4866e6c9daac,"nyoba delivery pake alfapoint , 2 jam lebih ga ada yang anter. malah ujungnya barang ga nyampe poin ga balik. kapok update: poin udah balik walaupun berhari hari dan sekarang cuma pake ini buat cek poin dan redeem aja",2026-07-22 00:50:12,playstore
7fa6dc5c-1418-44fa-9fd6-7104693f881a,applikasi nya susah digunakan,2026-07-21 17:10:21,playstore
5d8be792-79f4-4151-9843-13c9e1436194,"memudahkan untuk belanja dgn di rumah aja , slalu free ongkir bnyak dpt voucher",2026-07-21 14:24:37,playstore
8d03fb7c-0359-41eb-bfe9-0636e471d94a,"aplikasi bagus dan praktis tapi minta tolong bikin notifikasi alfagift itu bersuara ya jadi kalo staff nya udh sampe alamat tau kita dia ada chat kita, ini telpon chat ga ada suaranya semua",2026-07-21 14:13:57,playstore
799cd041-5786-4290-aee0-292f13872948,terima kasih dan sukses selalu,2026-07-21 13:30:56,playstore
d46fa07f-3209-45ca-b15e-f51d0bb2d5a9,"senang respon ditanggapi tadinya mau naikin jadi bintang 5 eh malah pembayaran sampe 1 jam tiap mau bayar malah keluar dari apk. ga bisa di klik pilih pembayaran cuma ada tulisan ""pembayaran sedang di proses"" kalo bisa tambahin cancel pesanan jgn otomatis dr waktu pembayaran yg blm dibayar. mau nambah barang malah ga bisa karena stok g cukup udh ke co sebelumnya. tolong diperbaiki saya sgt suka sama sistem PT MIDI jgn dibuat kecewa karena aplikasi yg harusnya mudah malah jdi ribet",2026-07-21 13:21:22,playstore
148a0bf7-4962-4b60-9a00-b7ef3c9efdac,"alfagift kenapa lelet bgt si udah pesen nunggu 2 jam lebih ga nyampe nyampe,kenapa si lama, apalagi kalo malem sampe jam 12 baru Dateng, udah pesen sore kirain bakal cepet eh sama aja, tolong dong gercep, gimana si, ngapain aja itu Berjam jam pesenan ga dateng",2026-07-21 12:09:01,playstore
4970f2d6-c1ff-4af5-b96e-72ee0e48eda6,apaan ditulisan nya beli 1 gratis 1 pas dipencet error sering juga nge bug soal promo yang tertera harga chekout berubah jadi lebih mahal dan juga tidak bisa membatalkan pemesanan voucher langganan karena voucher langganan tida sesuai dengan harga pas chekout saya suda berusaha chat ke layanan alfagift tapi tidak dijawab kembalikan uang saya 😡 dan juga pernah saya pesan air botol datang datang malah bocor air nya kali ini amarah saya meluap luap karena kejadian buruk alfagift terlalu banyak,2026-07-21 11:52:06,playstore
5b4d9c48-3fde-4532-9df9-86061c06bf95,jelek aplikasi nya,2026-07-21 09:53:07,playstore
0c626143-e51a-4d93-a8f6-a90f8b7b0d86,Aplikasi nya berat. Susah d buka... Kurang bagus,2026-07-21 09:39:11,playstore
07341f4b-cb21-44eb-9d9f-924d6fa6bce6,"lama banget ga di anter anter katanya gara gara ga ada di lokasi padahal udh di tunggu dari tadi di rumah, di chat pun adminya ga ngebales mana terahkir aktif nya 1 menit yg lalu",2026-07-21 07:58:09,playstore
6b89d52d-82d3-418e-b083-b4f74380ed0e,pelayanan bagus,2026-07-21 07:48:09,playstore
67a80664-a13a-4e49-ba3c-2111b4cc9a2a,"aplikasi dan pelayanan sebenarnya sejauh ini oke semua. tapi please donk bikin supaya kita konsumen bisa nentuin Alfamart mana yg mau kita order utk delivery. kalo otomatis dr sistem Alfamart gini bikin susah aku gara² ada Alfamart baru ke ih dekat jarak ke rumah tapiiiiiiii di Alfa yg ini tuh barangnya sering bgt kosong terutama Aqua galon, lah kan bikin susah. aku punya 6 galon (pdhl cm utk 3 orang anggota keluarga) keburu habis lho tp blm restock juga di Alfa nya. bikin susaaaaaaah.",2026-07-21 07:42:53,playstore
f5192fef-a39c-4656-b57a-bf2852491d79,Slow respon banget kalo di chat.,2026-07-21 07:36:00,playstore
b0fb2223-0f5e-4e8f-ac37-8fa2e7ebd647,"pelayanan alfagift lama banget,pengantaran maks 1jam setelah pembayaran tapi sampe 4jam blm dikirim.. saya sudah 5xCOD pesen pagi nyampenya pasti maghrib mulu, 3x bayar dulu tapi tetep aja pengantaran nya lama.. kurirnya banyak alasan,yg katanya harus makan dulu,jam istirahat, banyak Pengiriman, yang ga balas chat,yang hujanlan sangat mengecewakan. alfagift bosih 2b jl selang bulak.",2026-07-21 07:34:45,playstore
b0c160f9-2548-4dd3-828c-94fe46dac7da,sangat membantu,2026-07-21 07:18:40,playstore
6b8f545f-5a48-4af1-9065-6b5e45d0913e,saya sampaikan keluhan soal pegawai kasirnya di email. cuman di balas ulang pakai kata yang saya pakai,2026-07-21 06:40:28,playstore
0677207d-484e-4870-95f2-2090671ba7e6,"kok baru di update, mau masuk harus update lagi ya😕🤔???",2026-07-21 04:20:02,playstore
a905ecfb-c334-403d-bb84-69e9ccae1073,aplikasi bagus bgt sangat memudahkan,2026-07-21 03:42:36,playstore
1bab614a-e6f6-4a36-b078-8d32577d5cde,"Saya tidak bisa meng-upgrade aplikasinya, kenapa? Yang muncul selalu install di perangkat lain.",2026-07-21 02:16:01,playstore
ecca6827-f16a-4f94-9966-7e588cffabbf,"PESANAN SUDAH DICANCEL TAPI PENGEMBALIAN DANA GAGAL DAN BELUM KEMBALI. DARI EMAIL YANG MASUK ALESANNYA NO REKENING dan NAMA BANK TIDAK SESUAI PADAHAL UDAH JELAS BANGET SESUAI KELUHANNYA DARI TANGGAL 16 JULI SAMPAI DETIK INI, SAYA SUDAH KIRIM EMAIL KELUHANNYA.",2026-07-20 18:03:15,playstore
036fa7c2-bbbb-4257-8069-0d3344e410a3,beli voucher harga 12 k ternyata potongan barang nya 12 k buat apa beli voucher kalau tetap sama aja mana blm di refound gak tau kapan tuh balik uang nya,2026-07-20 17:49:14,playstore
7a302c48-3727-490d-98e3-c9f1575b0945,makan memori bikin aplikasi lain jd harus dihapus kebesaran memorinya bikin kesel lama2 apus j lah ribet update terus,2026-07-20 17:08:14,playstore
6eaca46f-c690-481f-8461-25a3210b0918,"baru pertama pake layanan ini mengecewakan pesen antar, info nya sudah dalam pengantaran. tapi ga sampe2, padahal jarak ga jauh dari rmh",2026-07-20 15:33:12,playstore
2e1c6544-a024-4581-a34b-47f7b69616a0,"cocok banget buat yang mager,dan buat ibu ibu yang cari promo,lewat apk ini Isa tau lagi ada promo apa aja",2026-07-20 14:18:12,playstore
addaf90f-4fe2-48d3-b1a8-597516c5e940,"cs nya aneh saya sudah chat tapi masih ditunda terus mengiriman kadang cepat kadang lambat ,kedepan tolong Adain fitur ratting biar pelanggan bisa nilai kecepatan suatu toko Alfamart",2026-07-20 13:22:28,playstore
902b0fe5-d393-460b-9125-4e181240f588,"saya tidak bisa aktivasi akun,padahal suka belanja",2026-07-20 12:04:26,playstore
105b8e9e-f3a4-489b-8387-fb42ea1e2a7d,senang belanja di alfa gift sangat rekomendasi.terimakasih,2026-07-20 12:00:08,playstore
2b272322-6036-4812-8e14-458a5bc50d6a,pelayanan bagus,2026-07-20 11:32:26,playstore
3ba1063e-808c-498c-9cbc-794ba1ae90e2,kurir selalu lama kirim pesanan,2026-07-20 10:48:53,playstore
1ee97992-de0f-44f7-813a-acd889f8a301,Setiap belanja di sini dianternya lama bgt. Mending g usah bikin apk ini deh,2026-07-20 10:32:19,playstore
df38150a-d115-4313-8d26-2b0f593466c9,mohon dibantu saya sebgai anak toko sering dikomplen pengirman alfagift item sari roti banyak yg tidak mengerti expirednya sangat singkat. mohon untuk mencatumkan atau memberi note bahwa item roti dari sananya expirednya memang sangat singkat terimakasih,2026-07-20 09:53:55,playstore
3dad87c3-bd76-4ff4-a763-746d3950257d,"Udah beberapa kali belanja lewat sini,sedikit membantu di awal2.. tp semakin kesini 2x saya order,orderan saya tidak diantar. Males buat belanja disni lg. Padhal udah komplen lewat email.",2026-07-20 09:18:39,playstore
02f889cb-dc8e-469d-8c31-185393caec44,percuma aja disini gak ada kurir yg mau antar alamat,2026-07-20 08:19:07,playstore
15332997-832c-40dd-9417-2296ad88c507,"TOLONG TAMBAHKAN FITUR GANTI METODE PEMBAYARAN! MASA DARI DULU ERROR TERUS GABISA BAYAR PAKAI DANA, ALHASIL PESANANKU DI CANCEL!!!!",2026-07-20 07:15:15,playstore
66af98c1-bbb2-4cd4-892e-1ab17cd305a5,good,2026-07-20 06:33:11,playstore
bc5a0781-91be-4013-a02e-162bfc935967,mau ngrubah data di profile saya aja ribet'nya minta ampun .. diminta sgala sesuatu .. kan dah ada verifikasi lewat hp ato email .. payah,2026-07-20 05:47:56,playstore
efbad619-3292-4f0c-810b-53feaa11362d,"Aplikasinya bagus kok,cuman ya lelet bgt aja,bahkan lebih lelet daripada tiktokshop,shope,semoga kedepanya bisa diperbaiki lagi ya, semangat tolong agak entengin aplikasi, terimakasih kak",2026-07-20 03:59:22,playstore
9bad6f32-aa8b-4e86-b06d-1a82bfb3175a,dulu seneng banget belanja di alfagift karena gratis ongkir.... huhuhu kenapa sekarang jd ada ongkirnyaa 😭😭,2026-07-20 03:58:55,playstore
a5a0b356-7d0f-4739-8075-f25cac8db091,"aplikasi ga jelas, pas sudah mau pesan tulisannya ""satu atau lebih promo tidak tersedia"" tapi pas di cek barang yang di maksud tidak ada perubahan harga 1 RP pun, gua sampe relog apk nya 5x tetap ga bisa pesan dan tetap tulisan yang sama muncul",2026-07-20 03:12:55,playstore
818230f5-6adc-47d2-b1de-8405708eb67a,"Maksimal 1 jam setelah pembayaran, sangat tidak sesuai",2026-07-20 02:31:46,playstore
1462e713-9937-4ab8-a2a0-6f2797db7c8b,"membantu banget sebenernya.. cuma aplikasinya suka gada notifikasi masuk, jadi kesulitan buat aku yg ngekos karena gatau klo barangnya udah dateng (pengalaman barangku ada yg hilang, diambil soalnya). trs tolong, jadwal anternya jg yg sesuai sama yg udh dipesen 😢😢",2026-07-20 02:07:44,playstore
4509fd07-eeb0-4dca-a62a-0f73fb5b1370,"banyak promo,,lebih hemattt",2026-07-20 00:47:43,playstore
bf656084-acd5-4713-8102-367e5649cfba,"bagusss, pengirimannya cepatt😍👍🏻👍🏻",2026-07-20 00:42:52,playstore
b6d70f82-a5cc-4cc0-b8e4-5c5013bac732,sangat bagus,2026-07-20 00:35:56,playstore
f9b73e7b-c001-492c-9a48-748818e45fd0,harga beli terus harga yang menarik untuk di beli dan kemudahan dalam membayar dari app alfagift,2026-07-19 22:57:32,playstore
1025d6a0-8e77-422d-867d-b33a0cbcedbb,bagus,2026-07-19 16:42:02,playstore
868af061-e4f4-4fa1-97aa-b016d7939676,"Masukan buat alfamart klo mau meningkatkan kualitas, tambahkan di aplikasinya penilaian kurir ketika mengantar barang , karena ada kurir alfanya yang semena mena. jdi merasa ragu2 klo mau pesen antar, malah terkadang jadi pilih toko biru buat antar.",2026-07-19 16:34:28,playstore
7f8242f4-1e9f-4ac4-b919-b636f769d1d5,ok,2026-07-19 14:55:36,playstore
f367975a-4486-460a-ad03-61693b1262bc,"aplikasinya baguss tapii pas pengiriman selalu saja lamaa,padahal udah pesen dari sore jam 4 an,tapi udah mau jam 10 malem kok belum sampe sampe. Bukan sekali dua kali ini,tapi lumayan sering. Tolong kalau bisa digercepin lagi,padahal kalau dilihat dari jam nya seharusnya udah sampe.",2026-07-19 14:30:39,playstore
be1f301f-1ace-4f95-bb67-51fd4338c578,"Senang sekali dengan alfagift, mempermudah hidup. diskon lebih bervariasi, aplikasi nggak pernah ngebug. All in one apk, semuanya tersedia didalam satu aplikasi sehingga customer tidak perlu download berbagai macam aplikasi tambahan. keren alfagift. 🤙",2026-07-19 14:18:47,playstore
d58dbb33-5fc6-4b80-9e6a-a43d58760fc5,Good... gratis ongkir Thankyou Alfamart Succes,2026-07-19 13:02:43,playstore
b061fe72-8385-433c-b167-4ab654785c96,menggunakan alfagift dapat mengetahui informasi apasaja di Alfa mart,2026-07-19 12:01:34,playstore
fe72ee9b-6da4-4091-9164-f1b81d93d0b4,"sudah berapa kali menggunakan aplikasi ini, selalu ambil pengiriman maksimal 1 jam tapi di tunda dengan alasan saya tidak membalas pesan atau mengangkat telepon. seharusnya jika memang ada kendala beritahu saja yang jelas bukan mala menyalahkan pelanggan asal-asalan.",2026-07-19 11:58:45,playstore
6b51209e-b2ad-446d-b866-1abdb1b135a4,banYak iklannya trus ga aman login ulang melulu tapi baik barang2nya,2026-07-19 11:53:13,playstore
ad98e31e-8f60-4570-9dd1-e64fe75c7c52,"aplikasi ga jelas, udah banyak point, trus tiba tiba pas login no hp katanya nomor tidak bisa di gunakan, sudah tidak aktif atas permintaan mu, orang mana coba yg mau nonaktifkan member nya kondisi masih banyak point.",2026-07-19 11:23:24,playstore
b37c4828-2f98-40ec-aecd-497c63a26713,poin,2026-07-19 11:09:44,playstore
640b42ff-3f4d-4d42-b6f9-d327f62c482a,"katanya akan segera diantar, tetapi tidak sampai-sampai di chat tidak ada balasan ""ditanya sampai mana"" dan ""jadi diantar atau tidak?"" tidak ada jawaban. Nanti di tinggal nanti katanya pembeli tidak respon",2026-07-19 10:12:38,playstore
f36c0346-f0d9-41bc-8932-163786e608fd,bagus...,2026-07-19 10:08:11,playstore
38c2fd19-66ca-4e1d-bdde-eedfdad3317f,ok,2026-07-19 09:25:05,playstore
5506f410-473e-4158-95d5-5fd8a4a0918c,keren bisa belanja make member lebih hemat mntap,2026-07-19 09:23:36,playstore
5abc894a-267c-4853-a9e9-9b728f989d08,"Aplikasi kurang rekomend..pelayanan petugas nya jelek..apalagi delivery .. pesan jam 10 diantar jam 9 malam... udah keburu beli t4 lain..sedangkan sudah dibayar Virtual ,estimasi dipilih maks 1 jam pengiriman",2026-07-19 09:15:02,playstore
c0e4063e-2a60-41f7-89fa-33aabf171b11,Bad services. SLA nya gak karuan,2026-07-19 09:14:08,playstore
3019384b-5094-4f0a-b29b-b6661bdf56c6,"belanja di aplikasi alfagift ,, lama banget datang nya ,, slow respon. udah gitu gak bisa di lacak.",2026-07-19 09:07:09,playstore
e6fb1af5-4625-44f3-b22c-e77b112f7bfd,"kacau ..... pesen dari jam 12 siang jam 3 baru dianter,dikomplain dulu . alesannya isi bensin dari jam 1 siang . di di aplikasi malah status pelanggan meminta penundaan waktu pengiriman .",2026-07-19 08:09:44,playstore
923c1546-2105-4acd-be82-335fdbd2f481,okeee bngettttt,2026-07-19 06:20:45,playstore
06c7c14c-db5a-4896-af6a-525f6d1f5516,"senang banget belanja di alfagift , membantu aku belanja kebutuhan rumah harganya terjangkau bnget",2026-07-19 06:11:07,playstore
b931935f-557c-4937-bde7-aa4d1fc27b39,Banyak diskon nya😍,2026-07-19 05:39:40,playstore
d0aa7b86-07fb-42e1-872a-d4ed7dccc55b,"Mantap banget banyak promo promo, semakin didepan pokoknya jaya jaya.",2026-07-19 04:48:30,playstore
e42aa3c8-3e25-4a17-bb50-68ab5f6b32db,membantu banget,2026-07-19 04:08:16,playstore
6dcee1ea-7ea7-4476-b90a-607d5b19ba17,ada promo beli 1 gratis 1 sosis so nice tapi pas dicoba ga bisa malah harga normal. aplikasinya dodol bgt. nyusahin. di klik berapa kali malah balik terus ke harga normal. ga jelas bgt. dodol,2026-07-19 02:02:26,playstore
84a26c4c-cb64-4c7d-ac2c-0c694ddbb231,Sangat membantu,2026-07-19 00:11:35,playstore
2e69c4b8-b337-43df-81b5-58ca57ad5ced,"sayakan beli makanan dan minuman tuu, saya salah alamat, udaa saya cancel, tapi pengembalian dananya ribet banget bahkan sekarang pengajuan pengembalian dana saya ditolak, jujurr saya bener bener kecewa, nasib uang saya gimanaa 😠, udaaa kalau semisalnya sistemnya belum baguss mendingan apk nya diperbaiki dulu 😡",2026-07-18 23:34:05,playstore
9e651ca2-53b9-4a67-93ee-6dd8c73213a8,alfa mat sangat menguntungkan plek sibel .mksh,2026-07-18 23:25:09,playstore
299f30d6-556b-40b2-a9e6-ee4311280a0e,belanja puas harga passssss🥳🥳,2026-07-18 19:14:54,playstore
4d16f1d4-31df-4882-af50-8ef0284a69dc,lumayan belanja bisa ada potongan poin,2026-07-18 14:17:12,playstore
db3cb718-e670-4fdc-8bea-d50a6c8176b6,datang sangat lama dan ada yg tertinggal 🙏,2026-07-18 13:43:16,playstore
ec49ee69-8da5-41d4-815f-063800150d50,sangat puas,2026-07-18 13:25:27,playstore
f2a4dee7-cca2-463f-8b4b-cdd557285a48,baru kali ini belanja di online shop sangat sangat mengecewakan dri semua oneln shop alfa give pelayanan kurang baik beli barang di kernjang ada setelah di bayar pakai shope pay dana di kembalikan karna barang kosong dan parah nya lagi dana sudah 3 haribkerja belum balik juga asli kecewa bgt,2026-07-18 13:22:28,playstore
d0546001-49fe-4cf0-9eca-a85521d99c60,memudahkan emak² belanja,2026-07-18 13:08:35,playstore
574132c4-4b3c-4312-b595-79639ecb1b1f,mantap,2026-07-18 12:49:44,playstore
b8d26648-dde8-4fda-8c9e-bfa2b7f3cd96,membantu mempermudah berbelanja kebutuhan busui,2026-07-18 12:04:10,playstore
d4f98d92-a04f-41f0-9297-18dd13ceee3f,"terimakasih, selama ini saya sangat terbantu. pengiriman aman dan selalu tepat waktu",2026-07-18 11:30:34,playstore
24c2ed64-ef32-4850-ae38-a0452a6685c6,kenapa alfa gift tampilan berandanya loading terus sih kan gangguin,2026-07-18 11:29:41,playstore
b5571545-e76c-4d85-bce2-7f12f340b685,aplikasi sangat membantu staff pun ramah serta gercep😍😍,2026-07-18 10:18:49,playstore
4dc9a914-5697-4960-98b3-ea8255a91a98,"kurang baik pelayanan nya, setiap pesanan yg ga ad di cencel seenaknya dan tidak ad pengembalian uang, saya kurang nyaman krna sering bengt pesanan saya di cancel tp ga ad pengembalian uang😒",2026-07-18 10:04:41,playstore
02012943-6ce5-4855-a139-2c2edaf7b0e9,"tolong dong harus ada batas max pembelian lemineral 1,5 liter, sekali beli 3 kartn 1 krtn saja sulit belokin setir, tolong !! 1 member 2 pcs saja!! dan juga telor harus diganti wadah nya jgn terbuat dari plastik mudah pecah!! coba kalian jgn duduk manis dikantor, kerja sapa 1 minggu lah minimal biar ngerasain, tolong saran saya di followup jgn cuma komplain an costomer/Alfacare saja yg gerak cepat !!",2026-07-18 09:01:02,playstore
4bb4302a-4f96-4c43-bf76-7ae64938d611,Harga termurah pelayanannya memuaskan,2026-07-18 08:41:29,playstore
ea68ec04-b61b-419a-8b2d-0e08c7ae5806,"Kecewa dengan ALFAGIFT GRAND DEPOK CITY (GDC) pesan jam 17.30 di suruh menunggu pukul 19.00 s.d 20.00 kamu menunggu di depan rumah. sampai jam 21.00 mereka bilang sedang overload pengiriman. jika overload pengiriman, kenapa saya di suruh menunggu di depan rumah selama itu. 2x pesan harus menunggu lama. dan hari ini uang refund saya tidak di kembalikan. statusnya telah selesai bahwa uang di kirim ke rumah, tapi orang rumah tidak ada yang menerima uang refund.",2026-07-18 08:00:37,playstore
0a5bd8c4-8a95-46bc-ac66-a51fdeeeb0e6,bagus,2026-07-18 06:48:25,playstore
adaa8c7d-e024-421c-a8c3-a7eff524df41,nyaman belanja disini,2026-07-18 05:48:21,playstore
346eab6c-873e-46ab-a07b-23c7d23fd506,mantap,2026-07-18 05:30:36,playstore
68cf5d8e-c214-46c9-83f3-acb55226a312,ok,2026-07-18 03:16:26,playstore
bbaa17f0-4c0d-4458-a1e5-7877f0f07876,membantu banget tapi untuk barang yg stocknya kosong tlong dong segera diisi jadi ga kosong dalam jangka panjang,2026-07-18 02:44:55,playstore
38e164d2-6f65-46dd-a32c-a5324361c381,trima kasih,2026-07-18 02:13:04,playstore
15a097da-9f79-431a-8b17-14fef0afe84c,Pengiriman Lamaaaa udah ada minimal belanja sekarang...,2026-07-18 00:27:30,playstore
b9cc1d67-00f9-4acb-87b4-57e850aac531,suka banget lohhhhh,2026-07-17 23:36:02,playstore
0b772c5c-68ac-4f75-8db4-11963798c317,belanja murah belanja hemat,2026-07-17 23:05:03,playstore
1456547f-8a85-4ecf-89c4-fce7cdbc09c0,selalu puas belanja di alfagift,2026-07-17 22:56:59,playstore
8e176e81-d3e3-44d4-a575-95e9d0b86d72,ada kan Darkstore Alfa untuk warga Meruya Selatan dan joglo dong supaya kiriman nya lebih fokus dan cepat sampe nya.,2026-07-17 17:06:12,playstore
3c74a3f3-37ea-4b41-a268-7132ef531964,"katanya kalo blanja gak di kasih kertas struk gratis tadi sore sy blanja gk ada tuh diksh struk, gimn dong alfa ??",2026-07-17 16:39:51,playstore
bcce5d25-0149-48fd-bdbf-3394441eab8f,"sekali kesalahan kurir langsung bikin aku harus ngasih ulasan. toh ya biasanya bener loh, bisa2nya salah dan parah banget. kalo barangnya cuman Pampers atau pantyliner sih gapapa didiemin lama di tempat yg salah. tapi ini nugget loh sampe letoy dan berair parah, anakku sampai nggak makan malem.",2026-07-17 14:47:30,playstore
cb8e2270-4ae8-471f-aaca-78c7b563be8a,kemudahan berbelanja di aplikasi ini,2026-07-17 13:59:30,playstore
0e6d560d-408f-4785-bd61-9ce95f0863c9,senang belanja disini,2026-07-17 12:59:54,playstore
839caaa8-a6e2-40f4-8936-3b63c148b29e,app bagus,2026-07-17 11:38:26,playstore
c5ded006-083e-48dd-ba51-dc9208d46c5f,apllikasi baik,2026-07-17 11:30:31,playstore
7f842f64-aa77-46fd-918b-9373665f3f9e,paling suka jasa alfagift sangat puas dan sangat membantu,2026-07-17 09:28:15,playstore
c7546879-147e-4e86-a0a2-b67b76779845,Barang sering tidak tersedia.,2026-07-17 07:42:14,playstore
555fa1fe-8405-4f41-8e5e-30939b554684,susah daftar,2026-07-17 07:22:54,playstore
552656ce-6e15-47f8-9b1f-cdcf6acec49d,puas,2026-07-17 07:18:52,playstore
2de776d5-2210-413b-9e93-9d288b97c7fc,Kenapa aplikasi saya tidak bisa update? jadi tidak bisa pakai alfa gift lagi,2026-07-17 06:49:09,playstore
7223565c-3869-4d9d-aa0e-f983b98a1493,Sangat membantu di saat males keluar rumah,2026-07-17 06:25:08,playstore
18ef1667-142b-4762-bb6e-af3d4b0b29e0,"stelah update aplikasi, alamatnya gk bisa tercover ,pdhl sblum itu aman dan bisa untuk belanja, tolong dong diperbaiki supaya bisa dipake lagi untk belnja, udh hubungi cs tp ttp gk bisa.",2026-07-17 05:37:20,playstore
85e1dc0f-ae52-4e4d-8747-5ac53b9d93cf,Pengembalian dana refund nya lama!!! padahal yang membatalkan dari tokonya. SISTEM LELET!!! TIDAK RECOMMENDED untuk pembayaran shopeepay. COD aja biar aman. GAK GAK LAGI DAH!!!!,2026-07-17 05:25:46,playstore
fc982c53-37a0-4363-9465-34ae577c53e6,"kemarin belanja du alfagift dengan total harga 200lebih, ada 3 barang online dan satu instan, itu semua dibayar secara bersamaan karena 1 keranjang, barang instan sudah datang, tapi ke 3 barang online saya dibatalkan oleh sistem dengan alasan, karena melewati batas pembayaran. whaatt??? gimna sih.. sy bayar langsung loh, gak da lewat batas. udah main batal2in, alasannya juga fitnah. gak recommended banget ini aplikasi",2026-07-17 05:07:08,playstore
d94ffd12-907d-4ba6-a28b-00e99cd40d71,Tolong tambahin Pencarian by diskon . Supaya kita bisa bandingkan diskon antar merk..,2026-07-17 04:48:33,playstore
7ec3fb3a-7677-4afd-9fb1-351c4ab8a6fa,"pelayanan yang sangat buruk, kurir salah alamat malah suruh pembeli yg ngambil ke alamat itu. aneh.",2026-07-17 04:34:41,playstore
a7d1f8e7-e93c-4836-978c-8f1f27f6e1f7,sangat puas dan membantu,2026-07-17 04:29:06,playstore
010ae856-a49e-4e8e-b971-3c8482b3e813,mantap pesanan sudah 40 menitan baru dikabari pesanan di cancel gara gara telur pecah,2026-07-17 02:49:37,playstore
7535668d-b598-45ae-805f-ee7c4b09b81b,sangat membantu sekali ...makasih,2026-07-17 01:50:20,playstore
9a12149e-4b86-4550-9539-fed946eec1da,bagus cepat dapat dipercaya,2026-07-17 00:24:56,playstore
f0a2ee28-9402-4318-8efe-c3501de1b21e,mantap,2026-07-16 23:18:04,playstore
3139530a-cd7a-477d-a40b-a8dbf58be161,"kurir pinter baca maps tapi ga bisa baca ALAMAT. 5x nyasar krn berpatokannya ke maps,bukan ke ALAMAT. saat daftar aplikasi ini,yg diminta dicantumkan tuh ALAMAT bukan titik koordinat. hal ini baru terjadi sejak pengiriman dari DS yg skrg,2 bulanan ini.awal tahun,pengiriman dari DS aman aman aja,emang sih,pengiriman selalu mepet di batas akhir,tapi selalu TEPAT ALAMAT. yg skrg,pengiriman cepat ke titik koordinat bukan ke ALAMAT. dan di chat,yg disalahin ya konsumennya",2026-07-16 20:21:30,playstore
cb19894b-bc1d-47fd-9942-ddf4326b7590,bagus,2026-07-16 17:42:32,playstore
29240a8d-14b5-40b2-9c0d-b1e1b626e8ed,"lumayan bagus, sementara 4 dulu. kalau banyak diskon bintang 5",2026-07-16 13:38:02,playstore
ce3b119b-4b41-4ebe-8970-c3f4703f9d3f,"beri peringatan untuk toko toko yg bandel, yg tidak menjalankan SOP. PERCUMA KAMI PILIH WAKTU KIRIM JIKA DARI TOKO MASIH BISA MEMAINKAN ALASAN ALASAN AGAR BISA MENGUNDUR WAKTU PEBGIRIMAN. ALFA DS GRAND DEPOK CITY",2026-07-16 13:10:53,playstore
5d776ba2-ecab-43f9-b658-413760348f09,"pengiriman di atas jam 21:00 akan di kirim besok, sedangkan aku pesan jam 20:00 kok ga ada konfirmasi pesanan di kirim atau sudah di proses, di chat juga ga ngebales, gimana sih, mana ga bisa di batalin, dan meskipun bisa di batalin uang akan di kembalikan dlm 3 hari, di bilang membantu memang membantu, tp juga mengecewakan, harusnya sesuai in dong dengan aturan nya , KLO 21 :00 di kirim besok, berarti kalo msh di bawah jam 21:00 harus nya segera di proses dan di kirim dong gmn sih, ah kecewa si",2026-07-16 13:07:27,playstore
f5374778-aa68-4239-894c-bc8b3fd9ee38,saya suks alfa karena selalu menyuguhkan isi rak terbaru...pokok mantap untuk alfagift,2026-07-16 12:44:07,playstore
5482f26c-ad51-4e32-a8aa-ce15f3c1d625,pengiriman lambat,2026-07-16 12:30:33,playstore
788d92ea-35dd-4994-83b8-6078a6b8ff30,"update o, ngawur kon iku, ngeneki seng kenek kurire, blokkk,,, mikir talahhh,",2026-07-16 11:11:22,playstore
4620042e-7ed8-4204-b4ac-92fdc1f60fda,sangat terbantu,2026-07-16 11:00:08,playstore
ca3403d0-6dfc-4232-af42-216ed3fa399b,"sebelum update, alamat tercover layanan. setelah update, alamat tidak tercover layanan. ada salah apa ini??? (update) saya sudah hubungi dm IG, cs di aplikasi, yg respon bot AI semua tolong",2026-07-16 10:40:10,playstore
81206d90-2652-4b25-9d7a-076b0fc9c07f,"Produk lengkap, sering ada promo juga. Tapi pengiriman barang cepat dan pasti untung deh",2026-07-16 10:34:23,playstore
766e616c-1fe3-44a0-84cd-6f46b61fba2b,"knp tiap isi saldo selalu dikenakn biaya terus,dl ga gitu....orng mau top up aja muka kasirny kurang enak dipandang",2026-07-16 09:11:38,playstore
01d78188-0e1b-455a-a616-752668304203,hemat waktu dan tenaga,2026-07-16 08:38:11,playstore
29329a07-3229-4966-964f-aacf8cff0a33,saya sudah bayar qris tapi tidak masuk pdahal udah sukses masuk gimn ini,2026-07-16 08:16:11,playstore
3a516778-3039-4706-a38b-7c3df921485e,"gak bagus pelayanannya, udah konfirmasi by chat katanya pastikan ada org dirumah.saya tungguin kaga datang² kurir bilang katanya ditelpon gak diangkat padahal gak ada telpon masuk malah berganti ke kurir lain.. belanjaan saya kurang 2 pcs pesen 18pcs yg datang 16pcs",2026-07-16 08:13:57,playstore
798940fa-652a-4060-a817-153dbc14e3f7,buat alfagift adain fresh flower juga dong🤭,2026-07-16 08:07:21,playstore
3f4a0e19-3ae9-467c-9e41-8745a7f17523,Sangat Membantu Belanja Di Alfagift Bisa Online Dan Di Anter Pesanan nya. Terimakasih 🙏,2026-07-16 07:07:00,playstore
c2c456ca-c2b7-40fe-ba75-9acc9208d12a,bagus,2026-07-16 06:35:22,playstore
200933d4-ffde-4626-8be5-ffe61ee2bbfa,"pesan barang di alfagitf kebanyakan kosong produknya tapi di aplikasi tersedia. jadi pas terima pesanan, kurirnya langsung pergi tanpa konfirmasi, jadi saya harus ke tokonya langsung untuk tanya kemana pesanan yang lain. jarak dr rumah ke toko sekitar 15-20 menit di pedesaan. kejadiannya sudah beberapa kali tepatnya alfamart rumoong atas minsel. alasannya lupa.",2026-07-16 06:13:10,playstore
61c75671-3178-418e-b097-0f6d1ec60662,"banyak promo,belanja lebih hemat",2026-07-16 06:06:55,playstore
cbc791c3-e915-4dfc-8c23-1ff7892bd77e,"aku udah donlod, ternyata nomor aku udah terdaftar ntah oleh siapa, mungkin ini nomor daur ulang yang dijual kembali kali ya, tapi data nya masih ada di aplikasi ini, terus aku tutup akun, pas mau bikin akun baru lagi malah ga bs, terus nyoba bikin akun pake nomor yang lain ngga bisa juga, keterangannya ada tindakan mencurigakan terus, jadi lumayan ribet , mau aku unistall aja lah udah , mungkin kalo pendaftarannya di permudah bisa enaken",2026-07-16 05:55:39,playstore
1c503590-7bd5-41bd-9612-b8c63ea7da04,"agak kecewa, katanya harga pas belanja puas tapi lebih mahal dari indomaret, saya memutuskan berhenti belanja disini",2026-07-16 05:03:47,playstore
f5928d6c-9380-4a20-b25e-3d431c4011a0,bagus tapi perluas aksesnya please khususnya di area danau rambai km 16,2026-07-16 04:17:19,playstore
b65cd4e6-c794-4b67-8e0e-b25165c35f75,tolong cek stok produk. kalo stok kosong terus gak mau distok gak usah dijual. kususnya galon,2026-07-16 04:12:26,playstore
56b2f800-2c62-4390-a4ed-6bb65d531ecf,ok,2026-07-16 03:54:55,playstore
984617ca-f64e-462e-a524-253e992df1f1,LAMA GA KELUAR STRUKNYA DI APLIKASI!!! MASA HARUS NUNGGU 3x24 JAM BUAT STRUK BELANJA?? DI PERBAIKI LAGI!,2026-07-16 03:47:09,playstore
54642d4f-18ca-40e3-9a6b-dbe8e5c824de,belanja cepat 1 jam sampe,2026-07-16 01:30:17,playstore
30319e40-9efa-4360-ac3b-45f14af5d4c1,"aplikasinya masih sering lag, suka tiba tiba out dari aplikasi, tiba tiba refresh sendiri, apalagi aku pernah waktu mau bayar tiba tiba blank terus kehapus semua list belanja nya. tolong diperbaiki lagi ya aplikasinya terimakasih",2026-07-16 01:23:24,playstore
7ac4b335-3c15-460a-b782-9f813d2b2729,mantapp,2026-07-16 00:52:23,playstore
e4d06e40-6a32-4caa-ba85-2375107b439a,makin asik belanja disni,2026-07-16 00:45:14,playstore
d3bb8040-e43d-45f9-be0b-6f010b22bdbd,belanja sangat mudah banget ... tinggal klik klik tanpa ongkir pula..gak pake lama suda diantar ke rumah...sukses terus alfa,2026-07-15 23:20:30,playstore
7236bf05-813e-4fa6-bd05-4deb7449fa74,"Nomor HP lama saya sudah terblokir, sehingga saya mendaftar sebagai member baru melalui WhatsApp langsung di gerai. Namun, setelah keanggotaan berhasil dibuat, saya selalu tidak bisa login ke aplikasi Alfagift. Setiap kali mencoba masuk, selalu muncul notifikasi ""Peringatan Aktivitas Mencurigakan"". Mohon bantuan untuk pengecekan dan penyelesaiannya.",2026-07-15 23:08:51,playstore
2fc0b5ef-bafb-4c5f-86ea-2cb70280729c,Alfagift sangat membantu bagi saya ibu rumah tangga yg tidak bisa naik motor ini,2026-07-15 22:31:14,playstore
24dc63ac-e583-45a6-8fc4-36b147a221a7,baguss,2026-07-15 18:33:05,playstore
970f626b-0888-41c6-aa2d-749cf3b631a1,ulasannya udah diperbaharui... terima kasih alfamart udah menerima masukan,2026-07-15 17:40:25,playstore
0237e141-9beb-41e2-a012-6af513b5ea22,Bagus,2026-07-15 16:08:32,playstore
455f2641-07e9-452c-9144-8cf38197a413,i see,2026-07-15 15:57:47,playstore
6da8c4da-54d7-413b-ba47-cf6cb0ad29d2,"pengiriman pesanan lama padahal pesan dari jam 20.40 sampai 22.07 belum juga sampai, dan toko juga tidak lah jauh",2026-07-15 15:08:30,playstore
9555b097-820d-4666-a04c-c6f09afc29e8,"aplikasi sangat berat dan lambat z terlebih untuk update barang tidak real time, kadang produk ada di toko tapi di aplikasi tidak tersedia, kadang barang sudah habis pruduk baru muncul di aplikasi ny. tidak sesuai barang di toko dan di aplikasi sangat buruk.",2026-07-15 14:45:16,playstore
8d0585cd-e027-43b5-beee-a70798d85a30,lah kok dikatakan apknya berbahaya?,2026-07-15 14:06:58,playstore
3aea76a6-3e0c-416a-a78a-515647a0ab18,"suka bgt sma alfagift, sistemnya rapi, metod pembayarannya bnyak and ga ribet",2026-07-15 12:27:40,playstore
d58de375-5e4a-41bf-914e-20bcf9633fc0,"Lebih baik hapus saja aplikasi ini, toh tidak bisa lagi dipakai belanja online. Sudah pesan dan bayar, pesanan tidak diantar2 juga. Ujung2nya dicancel dengan alasan customer tidak bisa dihubungi. Padahal toko sebelumnya sudah dihubungi dan minta info kapan pesanan diantar, tidak juga kalian respon!",2026-07-15 11:48:36,playstore
267841b2-2385-4cc6-a9c5-1af245bc2aea,bagus banget jadi gampang buat belanja gak pakek ribet 🤣 jadi ga kalap gak kayak kalo ke alfa langsung wkwkwk,2026-07-15 11:38:33,playstore
4723fa68-f38e-48ed-9513-800b036391fc,saya sangat terbantu dengan ada nya alfagif ini karna menghemat waktu 😆😆,2026-07-15 11:37:03,playstore
3f009fbc-701f-4d0a-beac-d887ae50b527,ga bisa beli rokok. ngaco,2026-07-15 09:50:56,playstore
ad3b4624-2073-4142-b115-4997466b25a0,"mudah untuk digunakan, dan bermanfaat",2026-07-15 09:47:43,playstore
b131d499-3975-491f-9635-8cc2c42b215a,good,2026-07-15 09:14:07,playstore
e5191ae1-d730-4fc5-8c8f-6e9fc5ae0fe6,"bagus ,",2026-07-15 08:36:05,playstore
ac5ba098-f481-413c-91bd-7f218b411fac,Sangat puas utk pelayanannya.,2026-07-15 07:40:11,playstore
f078df1b-1bac-49e2-8da8-0139cf56271e,bagus,2026-07-15 07:39:47,playstore
8ca3365b-8a79-4651-a62c-891f5d211a45,cepet sampenya,2026-07-15 07:01:21,playstore
3fd6437f-5d2d-4e4b-9938-6b87d835d261,ada Alfagift yang tidak segera menyediakan teh Tong Ji kecil / 25 Kantong (mengingat keuangan yang pas) tapi yang ada 25 Enveloped Tea Bags. Hal ini berjalan hampir satu Minggu lamanya.,2026-07-15 06:28:35,playstore
1ec14080-645d-4966-acdf-1a0cc18b5f92,good,2026-07-15 06:11:06,playstore
becf86fb-ada1-4209-8c02-71a68ff609af,puas..keren.m.embantu banget..,2026-07-15 05:42:35,playstore
f6ca5beb-f01b-41ae-a0d5-d6dbde6cea06,makin sini makin membaik.... thanks alfa,2026-07-15 05:09:17,playstore
81bd1e86-d27b-4873-9012-369880ff6361,"Aplikasi eror, Aplikasi sudah bagus, tapi mohon d tambah untuk pesanan diterima. Poin suka gak masuk. Karna status pesanan belum selesai atau status dalam proses terus",2026-07-15 04:39:17,playstore
5cb3ca16-e8ee-4658-bf05-5f0f3a8f3e02,knp harus diperbarui lagi dan lagi aplikasinya huft,2026-07-15 04:19:58,playstore
d5f37f1a-a0e7-4eb3-b8b0-ed4e067522a3,slalu ramah dan baik,2026-07-15 03:32:27,playstore
2253f6e9-3bba-4d5f-8615-1ecc8c78bc0c,belanja lebih mudah dengan banyaknya promo untuk memenuhi blnja kebutuhan blanan serta kurirnya yg ramah,2026-07-15 03:13:04,playstore
2d39f78c-f046-4455-bcfa-14b44f1f8fc6,mudah saat berbelanja,2026-07-15 02:57:15,playstore
de05e275-4fff-48bf-849d-b0563b4727f9,"dalem apknya sih bagus ya, minus TIAP BULAN UPDATE APK TERUS. BOROSSSSSSSS. KESEL😭😭😭😭",2026-07-15 02:25:57,playstore
6a81a5fc-5132-4471-b78c-ccc227a7656a,update aplikasi 1 Minggu sekali,2026-07-15 01:16:42,playstore
06664f31-95f4-4ba1-b3d1-1546981dbd0f,"saran saya, banyakin discount dan hadiah. saya kan pelanggan lama😊",2026-07-15 00:21:12,playstore
7f8c6a93-7868-46b9-aabd-d3801e3e6a2c,kenapa kdang tuh susah di buka,2026-07-14 17:41:58,playstore
f0d590e9-cc83-4fbd-81c1-2b28aaccb720,"Ni apk ribet banget anj, kita gak log in bbrpa hr aja auto kluar, hrs log in lgi pke psswrd, gak bs gtu anteng kyk apk jual beli yg lain yg kita gak log in berminggu² aja ttep auto bs masuk tnpa hrs log in lg",2026-07-14 16:14:23,playstore
a6ceec39-4b4d-4622-8037-a1ba6b425371,pelayanan kasirnya kurang baik di Alfamart saat malam,2026-07-14 14:37:05,playstore
b1bb0ac4-bbb5-4a01-b15e-54cd047b056a,"Usahakan toko penyalur menyediakan bahan yang benar-benar 'fresh'. Beli telur 1 pack, hanya 2 dari 10 telur yang tidak busuk atau tidak 'segera' busuk. Pengiriman sejauh ini lumayan bagus, hanya saja di opsi pembayara tunai di tempat agak ribet, ya. Sudah saya pilih pembayaran menggunakan uang Rp 100.000, ternyata kurirnya minta uang pas di tempat. Saya pilih poin uang 100K ya karena saya enggak punya uang pas.... :)",2026-07-14 13:52:59,playstore
60951186-1130-4e0b-8aa2-5b2d8a264a27,aplikasi force close mulu. update malah jelek..,2026-07-14 13:49:07,playstore
aaed3bc7-d433-41a8-9b1e-1ce247fc3760,ckp puas,2026-07-14 13:46:47,playstore
2beddd0a-29a9-4c3d-962e-27bee0d93a11,jos,2026-07-14 13:45:25,playstore
3ebc27af-22ba-4fef-a50c-fefe06d3a161,sering pesan tapi fitur antar pesanan untuk daerah rumah malah dimatikan karyawan yang masih teman saya sendiri. cuman karna dia malas antar pesanan. tolong perketat sistem antar pesanan lagi,2026-07-14 13:39:29,playstore
518c0610-63a5-4e3e-bd88-41cf4e745043,"pengiriman lama terutama di Alfamart ds Hasanuddin gowa, pengiriman tertunda karena pelanggan tidak membalas chat padahal saya langsung membalas chat",2026-07-14 12:27:01,playstore
57b86940-5adf-4004-83a0-c20b7955700a,sangat memuaskan,2026-07-14 11:56:33,playstore
710d4785-9a7f-4377-8d19-364a92602bb0,"haii kak, aku sebelumnyya kebantu banget dengan aplikasi ini, tapii ketika pesan yang 1 jam sampaii, kadang dari tokonya kirim sampai ber jam jam, dan akhirnya saya menanyakan kepastiannya baru di kirim kak.., mungkin bisa di kasih tambahan fitur rating kak dari tokonya kak🙏🏼😣",2026-07-14 11:54:40,playstore
5b920a48-d66e-44e1-875b-a6778cf6a05f,bagus sering belanja disini cuma udah pilih opsi 1 jam sampai tapi datengnya kadang bisa sampe 2-4 jam an,2026-07-14 11:46:44,playstore
a2aa0174-c46f-493a-8ec4-29442954d3ef,sejauh ini good dikirim sesuai estimasi,2026-07-14 11:11:54,playstore
2b14410b-c16a-454a-8812-c29959262c4a,"alfa star tidak masuk sudah seminggu, tolong aplikasi nya benerin kalau lagi adain event, parah aplikasi alfagift mengecewakan.. udh email, dm ig, cs alfagift pun masih belum terupdate kasih bintang 1",2026-07-14 10:33:02,playstore
20b13de9-f33e-4877-9caf-6bcc9bbf2c9f,Saya tidak biaa menggunakan kartu ponta saya untuk masuk ke aplikasi. Mohon bantuannya. Terimakasih,2026-07-14 10:27:49,playstore
bfbc3844-eb17-4856-bb96-679e610e11da,sangat membantu untuk aku yang gk bisa naik motor tinggal klik terus antar,2026-07-14 10:21:43,playstore
c024b6f1-09c2-49be-8005-dec6ae9b2fb9,memudahkan untuk belanja,2026-07-14 10:17:30,playstore
f5fd0784-9f38-4716-9355-215c41ec6679,pengiriman selalu baik,2026-07-14 09:49:08,playstore
9a6f54a3-9507-4e92-ac45-dcfaea94322f,sangat membantu,2026-07-14 09:11:05,playstore
789e71bf-e797-4e11-ba66-ea51532ec042,alfagift belanja hemat dan harga pas,2026-07-14 07:47:29,playstore
e4453a23-f7c8-4ce4-a917-4c691f72b704,"aplikasi jelek, developernya juga jelek, punya member juga gak guna, tiap belanja pointnya gak nambah! struck masuk tp point ga nambah, aplikasi super jelek",2026-07-14 07:40:49,playstore
3c476a1b-60fc-4cb3-b275-72b14796c05f,senang blanja di Alfa mart banyak discount 👍👍,2026-07-14 07:26:36,playstore
355a118e-dac1-46cd-b3db-8724a3b7010d,selalu mi ta di update malas kl memori penuh harus hapus apk lain..,2026-07-14 07:17:19,playstore
8527713f-9972-4420-8105-04a5ff4a517f,alfagift skrg pengiriman lama bgt bisa berjam2 bisa lebih dr 4 jam g kya dlu cepet paling lama 1 jam. udh gtu alamat d tanah baru dpt alfanya d kebon pedes jauh bgt,2026-07-14 07:10:59,playstore
0c26a0d1-53e1-4453-91dd-c63e475c2836,saya mau order prodak .pas cekout tiba tiba ada kupon otomatis masuk.pas mau bayar gak bisa dan di suruh penuhi syat kupon nya.tapi syatnya gak dijelaskan apa aja . jadi bingung. AL HASIL GAK JADI CEK OUT.,2026-07-14 04:40:09,playstore
69488d3d-5f57-4115-a963-260e45e82a54,Kenapa riwayat pesanan ngga bisa dilihat??,2026-07-14 04:36:40,playstore
1be21a36-266e-499b-85f2-3767ada88adb,Mau ganti pembayaran gak bisa. Mau batalin pesanan juga gak bisa. Harusnya nunggu bbrp jam biar otomatis batal.,2026-07-14 04:22:27,playstore
d72b96bb-c933-45b1-8d5a-ce42449087f3,"sangat membantu kaum yg gak bisa naik sepeda motor 😂 apalagi kalau lagi sakit terbantu sekali, mana free ongkir love love Alfamart ❤️❤️❤️❤️❤️",2026-07-14 04:15:31,playstore
683b021e-9187-4f98-8096-351d68cac35b,mudah gampang murah santai tinggal nunggu di rumah,2026-07-14 04:07:23,playstore
dc4c4bfd-6e10-4423-bca5-594a5d6b7cfc,"belanja lebih mudah, pengiriman cepat, banyak promo. mantab",2026-07-14 03:51:45,playstore
9af98fd9-ef29-4691-8794-f38a8cedefdb,saya sangat suka.,2026-07-14 03:19:47,playstore
46c9d760-cd88-4b5a-8c60-0d061bd82d77,"gercep pengantaranya, barang kosong bun tertera keteranganya cod juga oke makasih alfagift",2026-07-14 03:16:48,playstore
f2aa6826-7b58-41e3-9f9c-1bdd51ce96ea,"bagus bngt buat kaum rebahan yg males kluar, tinggal psen lngsng d anter sejam sampe",2026-07-14 02:43:26,playstore
10822c38-9491-4e32-82b8-c6d831f0b773,"mantep kak, pertahankan performa nya. saran aja nih ada beberapa barang di belanjaan yang stok nya kosong tapi masih ada gitu dan gak ada tanda stok kosong.",2026-07-14 02:29:43,playstore
f73652b0-7c2b-4df2-aab7-69ec163c014d,ok,2026-07-14 01:55:33,playstore
809a3ea2-77c3-4228-884d-d1dcee8587f8,sangat membantu,2026-07-14 01:44:36,playstore
80730b07-ccc4-4283-add3-115fc28e94f1,sangat membantu dan bermanfaat,2026-07-14 00:33:26,playstore
53508ed0-3f75-43c2-9466-1a863275ac71,belanja untung dgn aplikasi ini...mantap,2026-07-13 23:31:27,playstore
26f5e492-99ec-482d-b6e9-8a305c48eba0,"sya sangat amat kecewa 3 kali bikin member tiba""member saya di nonaktif kan maksudnya apa coba yg awal bikin udah ada poindnya 17rbu trus yg ke 2 baru bikin 3 hari nonaktif saya yg blokir ktanya yg ke 3 bikin pagi bsoknya udh gk bisa udah 3 no berbeda padahal",2026-07-13 23:10:04,playstore
00c19747-7cdb-425d-88b6-62fc4855e721,minta tolong ke semua pengirim barang ya klo mau dikirim dicek dlu udah lengkap belom.. punya saya udah 3x barang pasti kurang 1 lalu kalau mau ambil sisa kurangnya gimana ? karna udah tf ndak cod..,2026-07-13 18:15:37,playstore
31500479-73a6-46ed-bb3c-d5aa8a661b87,sangat baik,2026-07-13 18:00:57,playstore
3169e91a-71d9-4188-b614-10e00048bc2a,mantul,2026-07-13 16:33:08,playstore
395707cb-ba52-4b03-8691-7900330fb94f,jangan download apk ini... udah gitu aja,2026-07-13 16:20:31,playstore
e6424bd9-a58b-4211-940d-48440df865a2,"saya sering belanja lewat alfagift, tapi saya kapok gak mau belanja lagi karna karyawannya manggil saya selaku konsumen Woy sambil marah2 tiap nganterin barang selalu ngomong katanya rumah saya jauh sambil ngoceh-ngoceh, kaloo emang jarak nya tidak kejangkau kenapa nyediain layanan pesan antar",2026-07-13 14:51:41,playstore
9b3717d8-0d13-44f9-a025-928214188b1f,Puas banget pake alfagift sumpil,2026-07-13 14:43:52,playstore
8bfdaddf-f2d3-48f7-b43e-0bc3c043f277,belanja mengunakan diaplikasi dengan menggunakna vocher malah hilang sisa voucher padhl belum selesai memilih belanjaan,2026-07-13 14:39:00,playstore
d8fbb189-b230-45e0-89ba-5a9d2f70f49a,"terbantu sekali buat org yg suka mager kyk aq, barang komplit,belanja hemat bnyk promo gratisan",2026-07-13 14:34:58,playstore
906b7ac5-d011-4131-8843-35d1e077a2c8,bintang 5,2026-07-13 14:08:53,playstore
72140432-7dbb-4cdd-add2-3172d4d58f41,Bug sudah diperbaiki good job team developer cepat tanggap,2026-07-13 13:59:33,playstore
71854ed9-a075-4805-93b9-88516d3f55bf,karna saya pesan datanya lama,2026-07-13 13:51:52,playstore
166ff54d-b5e0-4564-9795-563369b0c498,Alfagift keren ..,2026-07-13 13:20:37,playstore
79494365-e9ae-4c21-841c-30d1aa6b2fdd,ruwet,2026-07-13 12:55:07,playstore
9711182c-c7b4-4dc1-b73f-bcdeeeb7c967,sekarang ada biaya ongkirnya gak kayak dulu gratis ongkir,2026-07-13 12:25:07,playstore
2989eb93-d2be-495c-816d-119307657801,tolong dong ngantar pesanan sesuai waktunya dan kenapa susah banget dihubungi ya? heran banget,2026-07-13 12:15:34,playstore
803ed191-74fd-4de2-9646-b95bf6b0997e,bean coffe nya murah dan enak,2026-07-13 12:09:12,playstore
e4c9fabf-d3a3-479f-a4f4-4d127bb350a9,tolol,2026-07-13 11:58:31,playstore
5b31af2f-888e-4460-a9c5-00fade3854e3,Bagus sekali,2026-07-13 11:28:22,playstore
c5891658-9587-4bf8-a8f3-4dc5492bd16b,"lu klo mau ngasih voucher itu yg ikhlas, bkannya malah mempersulit dan milih2 produk doang. liat noh Indomaret, tiap belanja diatas 100rb, dpet voucher cashback 10rb, dan itu produknya bebas apa aja. lah ini ngsih voucher malah kebanyakan gabisa di pake. kocak",2026-07-13 10:49:34,playstore
6bd3376c-1399-48d9-9174-c15dd19a7376,APLIKASI NYAH JELEKK,2026-07-13 10:46:52,playstore
8dcb9566-3d83-46d4-82d4-ecc1a71e800b,mantap,2026-07-13 09:43:58,playstore
9b0e741e-bff7-4586-a92e-b881a2d52d7d,"pokoknya paling best aplikasi alfagift. pesanan diantar dengan harga potongan dan gratis ongkir. semua ada, yang ngga ada hanya ongkir ❤️",2026-07-13 09:38:10,playstore
e4c599b9-88e3-4641-907e-e0ab0732c4c9,puas dengan pelayanan kurir dan tokonya,2026-07-13 09:34:31,playstore
de443c02-7b0b-4773-bcfc-fc11227d2aa7,aplikasi kenapa keluar2 mulu woy ga bisa diakses apa nya yg error,2026-07-13 09:22:10,playstore
e4ddf1ec-a323-4975-a9f6-4d896b1e65b8,Pelayanan dan pengiriman Alhamdulillah bagus,2026-07-13 09:19:46,playstore
1580a502-22c6-4363-a4e3-adc684db002b,lumyan,2026-07-13 09:16:46,playstore
f395ec34-19a5-49aa-a318-4c0c9a300219,tambahin metode pembayaran qris dong kak,2026-07-13 08:53:56,playstore
adf90e2b-7873-46df-97d8-209275b9870d,dikit2 update dikit2 update,2026-07-13 08:17:40,playstore
5d4b2906-7393-463d-8e9c-c75c829546e5,aplikasinya payah masa tidak bisa beli beras yang harga 75.000 selalu kosong padahal stock ditoko banyak . beli di alfagift kan gunanya untuk mempermudah belanja .,2026-07-13 08:04:53,playstore
132f2037-7900-4cbd-b78d-6b67ae8a4562,ritz cracker saya dikirim yg hancur sebagian,2026-07-13 07:47:17,playstore
81bf34a4-685a-4e80-afc1-1b85482452a5,kalo bisa kurir titip top up dana,2026-07-13 07:44:10,playstore
69fb8947-489a-4f3c-b279-960a16c7bd93,"skrg klo blnja pickup utk memesan daerah yg jauh, sangat susah..perasaan alamat sdh lngkp tp ttp gak muncul.. cnth, syg berada di mijen semarang, mau pesan utk anak di thamrin semarang.susah banget, pdhl toko yg dithamrin jg hnya ada 2",2026-07-13 07:41:34,playstore
a77cdb7c-8832-4155-bf67-37aa139e4efc,fitur live nya bikin HP ngLagggg!,2026-07-13 07:00:12,playstore
5587b915-e62b-4f1c-8269-fcffb0330bbc,sangat puas,2026-07-13 06:57:48,playstore
2d4e9f47-d237-419e-8bf2-e30ad2938613,mantab lah,2026-07-13 06:47:59,playstore
007ae216-9aa1-46c1-9baa-b5fc25494c15,"Bermanfaat banget , buat yang repot belanja keluar duduk manis bisa langsung antar",2026-07-13 06:44:37,playstore
afe7ac5b-8850-4b87-8c94-c70f84124e6d,"alhamdulillah sejauh ini aman & amanah, gak ada kurang apapun, kalo barang gak ada juga pasti di konfirmasi, bener2 nge bantu buat aku yang mager keluar. terimakasih alfagift. 🙏🏻🙏🏻",2026-07-13 06:20:20,playstore
c50dca23-ad27-4af6-929f-913ff0ce2a67,bangga dengan adanya alfagift memudahkan kita untuk berbelanja dari rumah,2026-07-13 06:19:07,playstore
fce707c3-833c-4e3e-8b61-4d4296e3b8f9,"pas mau bayar ngefreeze di logo kado terus min, gabisa check out",2026-07-13 06:18:38,playstore
57c35035-07bb-446e-ac7c-086b549682ca,berbelanja dr alfagift sangat memudah kan kebutuhan kuu dan kelrga 😉😉,2026-07-13 05:43:31,playstore
420d252d-912f-4691-b821-a765bcfac4a1,malas,2026-07-13 05:42:59,playstore
9a67a16d-b171-4a41-b598-281ea8fa72cc,sejauh ini oke,2026-07-13 05:33:45,playstore
94eec7e3-3571-45f7-8653-43df6827308c,"aplikasi gak jelas, bikin promo buy 1 get 1 free hanya via aplikasi,tapi aplikasi eror terus, mau order selalu ganti keterangan promo telah berakhir, server error,dll lu niat bikin promo? atau cuma boongin orang????",2026-07-13 05:28:27,playstore
a9a2f4af-501c-4860-a56d-190f7795db9d,"ga di kirim""",2026-07-13 05:27:11,playstore
5a70007c-6421-4506-bd6f-2e0434b9543d,aplikasibya ga bisa login tolong dibantu,2026-07-13 05:24:31,playstore
2f866fa5-8d66-4c56-abb4-8342a2ae9108,okelah sangat bagus,2026-07-13 05:16:42,playstore
09f63940-8463-4e46-a62a-deb83a392353,"memudahkan untuk berbelanja lansung dari rumah tak perlu pergi pergi lagi,..",2026-07-13 05:07:17,playstore
f0d9b4ac-a4c4-4699-b11e-c90913b8b83d,maksa banget update,2026-07-13 04:49:32,playstore
26922965-1fb7-4fe9-b760-7ae4f4a2c6d8,update mulu,2026-07-13 04:09:12,playstore
bc4badd0-7212-4e55-bce2-bb22caaf0f7e,Sangat berguna,2026-07-13 03:40:27,playstore
eaa52b2c-47d0-4ec5-a79b-d9b17e0d23eb,lebih praktis tinggal tunggu saja,2026-07-13 03:39:26,playstore
aeeecc16-da2a-4110-bc6b-2651fa9aa034,kurang lengkap,2026-07-13 03:27:34,playstore
d3322d5e-c6a7-4135-bd9e-02c6121dd46e,ada perbaikan tapi masih lola. better but still bad.,2026-07-13 02:39:50,playstore
dd45a7ce-00f2-4b34-8dfc-3a62f62016b8,kenapa aplikasi tidak bisa dibuka ? apakah sedang maintenance?,2026-07-12 22:12:21,playstore
18a20960-ec5f-4a10-a215-e05bd6646f7a,"aku beri 5 bintang, semoga apknya bisa membantu.",2026-07-12 17:58:06,playstore
36543ed6-0003-4986-8bef-53d49cae8d40,sangat senang,2026-07-12 17:40:24,playstore
45ebeeeb-5d29-4f4a-84a6-05bc6f063bae,Belanja di Alfagift sangat membantu saya untuk mendapatkan barang kebutuhan harian & rumah tangga secara cepat & mudah! Terima kasih Alfagift😍,2026-07-12 16:02:15,playstore
11b7497b-5f0d-451e-8162-ca3216cd9586,Baguss,2026-07-12 15:27:51,playstore
412201af-52ec-4e04-b3da-e9b12e959935,terlalu sering update aplikasi,2026-07-12 14:49:21,playstore
2c31e8b3-d093-4de2-9564-5bc25e8d2bd2,barang cpt sampe lengkap n kl ada kurang selalu di antar lagi,2026-07-12 14:26:56,playstore
ad9c3023-bf37-43eb-a98e-2b4db7cea0e5,barang blm sampai pdahal tapi di keterangan sudah di Terima. saya blm menerima barangnya. punya karyawan tdk kompeten dan nol tanggung jawab dan apk tdk jelas... asal konfirmasi sebelah pihak saja!!,2026-07-12 14:26:27,playstore
8173ab9f-328d-427c-8326-a033b25f5af3,Aplikasi sering erorr belakangan ini setelah update,2026-07-12 13:42:12,playstore
62d63abe-58d8-48f4-b7da-460f4f020042,"kenapa sekaranng tidak bisa tukar star di alfagift, padahal star sudah cukup...",2026-07-12 13:18:16,playstore
36a51c71-5307-490d-a1b1-3d6c06f2fe87,download belum ada sebulan udah disuruh update???? aneh banget ih harusnya teh ngeluarin yg versi terbaru langsung aja gak sih gajetot,2026-07-12 13:17:18,playstore
592cd317-a511-4fa7-825d-f1b4c0bac1d0,"Saya sering menggunakan aplikasi ini untuk pesan antar, namun masih lambat dalam pengantaran dan fitur chat yang kurang responsif, ketika ingin menggunakan fitur call malah statusnya sibuk. tingkatkan lagi ketepatan waktu pengiriman dan chat dan call service.",2026-07-12 13:11:19,playstore
33b93d04-9a2b-410c-b603-6f937baac7f9,"GA BECUS BANGET, KATANYA MAKSIMAL 3 HARI, EH INI UDAH 4 HARI GA SAMPE SAMPE, NYESEL SAYA PAKAI APLIKASI INI, PADAHAL UDAH BAYAR",2026-07-12 12:47:37,playstore
7454f4c1-0301-4f46-97a7-4289bfef178b,sangat bagus,2026-07-12 12:19:07,playstore
3dfda040-c5b7-4754-8710-5106ffc49376,tiap mau di buka minta update mulu.,2026-07-12 12:18:14,playstore
ac940409-112f-47ec-80f3-2eec37e984b0,"apa tau harus banget update , lupa pin gw ini!!! nyusahin banget",2026-07-12 11:53:38,playstore
6a6e035f-ac9a-45c7-9442-9bd953ed8b44,Membantu untuk membeli kebutuhan harian tanpa ribet.,2026-07-12 11:45:31,playstore
7da20c1c-79bc-4821-bdb6-4ee229adb7ad,baik,2026-07-12 11:34:41,playstore
c1edcbfa-a5ec-4603-874a-2088d71c20ad,"sudah beberapa kali beli lewat alfagift, selalu dibilang pelanggan tidak ada respon...padahal g ada pemberitahuan Akhirnya barang sampai 2 jam dari estimasi. Itupun mesti chat berkali kali.",2026-07-12 11:11:29,playstore
ed44c3e3-f15b-4565-a22b-6ed772707d76,Belanja di Alfa banyak dapat harga promo dan dapat melakukan transaksi pembayaran dengan mudah,2026-07-12 10:43:28,playstore
80691041-c3ee-4ec9-914d-3ccb585b59f5,ga bisa login,2026-07-12 10:36:17,playstore
ff461ce3-7f14-4203-82fe-26fa0a839a8e,"Udah mulai kumat lagi ini P-362 Merdeka Mulya Asri. Berhubung gak ada media pengaduan masalah yg proper. seperti nya di kolom komentar playstore ini adlh media terbaik dan tercepat untuk ditanggapi.. Order dr jm 1 blm juga diantar dn tnp keterangan apapn, di laporan udh trkirm&diterima jm 2 siang (namanya jga laporan mah bisa dimanipulasi), tapi kenyataan hingga jam 5 sore blm juga datang kurir nya, dikit lagi magrib...",2026-07-12 10:06:48,playstore
1cf61778-48c4-45dc-809e-daf64d721ccc,bagus banget,2026-07-12 10:02:14,playstore
aad8faa1-de26-4c75-aeea-390e7a4a76a4,dari sebulan yang lalu apps nya agak error ya? g tau kenapa udh di instal ulang pun sama aja. tolong di perbaiki🙏,2026-07-12 09:57:53,playstore
f549ef2a-a8c2-4a25-b4a5-02734a0e1e22,lebih mudah dalam berbelanja dan di antar tepat waktu serta tidak ada ongkir,2026-07-12 09:41:52,playstore
4f4f46f6-75d3-4194-b279-db70f0c373f9,lumayan buat belanja,2026-07-12 09:05:36,playstore
0e73d6f1-c95e-4c57-9f33-787ef296f52a,"aplikasi ga jelas, ga akurat, seharusnya udah bisa make ini apk eh malah g bisa karena alasan keterbatasan usia, padahal usia udah cukup",2026-07-12 08:54:39,playstore
211f8533-10ba-4098-ba01-fa58398f7c6a,hebat Alfamart,2026-07-12 07:50:13,playstore
7db3b19a-89c9-4317-b665-115808aaf999,sangat membantu,2026-07-12 06:53:08,playstore
17e2f341-52f9-45c4-8ca1-f8cf67a9d837,"Kurang rekomended,alamat harus sesuai titik lokasi, sedangkan titik lokasi tidak tercover, dan tidak bisa memilih toko terdekat. Sekalinya bisa eh malah ke cancel, mana proses refund lama, ga seperti toko sebrang satset 😪",2026-07-12 06:14:07,playstore
104f5f32-e8e4-4682-8812-4f29fe76013d,"sebaiknya tdk perlu update, memory HP penuh. tidak ada ruang lagi. pingin lanjut belanja malah tidak bisa. Mohon dipertimbangkan pelanggan dg HP RAM kecil.",2026-07-12 06:10:54,playstore
483c3eaa-63e9-4e67-8762-02400180c42a,membantu org yang mageran,2026-07-12 05:42:12,playstore
02ec463e-66f6-4da2-a4dd-3759d801e571,"pengiriman tidak pernah sampai hingga berhari-hari, update stok barang tidak sesuai, tidak menyiapkan kembalian walaupun sudah menentukan nilai mata uang untuk membayar. Saya sangat kecewa 😡😡😡",2026-07-12 05:26:35,playstore
cf14aa64-6014-4a8c-8243-3e548373b7b1,"Sangat suka, banyak promonya",2026-07-12 04:42:05,playstore
e0baeb0e-93a4-462e-8a54-bd4ac763988e,sangat membantu,2026-07-12 04:39:34,playstore
1b58db77-9e67-4f4e-83eb-984cc1b4ceec,pengiriman cepat,2026-07-12 04:29:08,playstore
086b5d7e-edad-4ca5-924c-4304f0e3aaa6,Setiap mau buka aplikasi selalu loading padahal sinyal bagus,2026-07-12 03:29:08,playstore
e04e5cc2-e312-42ed-8e67-7656ddbd98e9,"promonya banyak, mudah berbelanja lewat online. semoga saya dapat hadiah umroh karna udah lama jadi member hehe",2026-07-12 03:27:52,playstore
861761cf-3376-4565-84e0-7ba56f46a562,skrg ada ongkirnya 😞,2026-07-12 03:27:28,playstore
75e98aeb-1aa1-49e2-add2-fb2c78939db0,"dear developer untuk apk alfagift memang bagus belanja jd mudah,, g repot harus datang langsung k minimarket ny tpi kurang 1 ya itu g bisa metode cod meski belanja ny dikit andai saja bisa cod mungkin jauh lebih baik,, ada metode cod bkn hanya d transfer saja?",2026-07-12 03:23:40,playstore
7b89a52f-a4f1-4052-9fc2-955be44af6fe,"pesan jam 7 pagi diantar jam 10 alasan kurir gk ada minyak bensin sejak jam 8, tapi sampai jam 10 baru sampai. seketika sampai krna saya sudah marah. pesanan sudah diselesaikan mereka jam setengah sembilan, saya tidak bisa refund. aplikasi saya hapus. tidak mau pakai lagi. saya kira mempermudah, jadi merepotkan.",2026-07-12 03:01:21,playstore
c7789b9d-3947-4126-a75c-1dbb73cd5f95,sangat bagus dan membantu,2026-07-12 03:00:08,playstore
51a74956-297d-4e93-8a05-cd0ba13a90b2,"kapok pake aplikasi ini, cuma mau minta refumd udh 3 hari dana ga balik balik wkwk ga akan maju jika aplikasi kalian masih seperti ini mending perbaiki sistem, sementara saya kasih bintang 1 jika refund saya sudah balik akan saya beri bintang lagi",2026-07-12 02:56:08,playstore
34604cca-78d3-4e92-b433-b15700ae2fd6,"kecepatan pengiriman nya tolong di tingkatkan. ngaret bgt. kadang juga keterangan pengiriman tertunda karna konsumen tidak mengangkat telpon, padahal ada yang telpon juga ngga. fitnah. harusnya bilang aja pengiriman sedang overload. bener2 lelet",2026-07-12 02:40:16,playstore
91151ce4-d2af-428b-a6bc-3e2d27293cad,"praktis tidak perlu ke toko belanja, lebih hemat dan banyak promonya",2026-07-12 02:37:19,playstore
03b241d6-f28f-4e46-badb-bfc8c9c6e34a,"pengiriman instan tidak sesuai, dan sudah konfirmasi dan tunggu tidak datang2",2026-07-12 02:11:12,playstore
5ea39de7-46cf-4ef5-821c-73d1389f106d,best banget alfamart ksh pelayanan,2026-07-12 01:30:54,playstore
ba62a607-dd57-4f3f-ab60-275848fc5a57,sangat membantu untuk ibu² pekerja seperti saya,2026-07-12 01:16:59,playstore
1a6dbb75-f853-4ea2-adcd-7562b5e84c8f,APLIKASI SERING ERROR. MENGECEWAKAN SEKALI,2026-07-12 00:46:02,playstore
a1efbe35-48e9-4a83-96d3-4eb3387c45e4,aplikasi sering error,2026-07-12 00:17:38,playstore
81f3bd2e-75c3-41ab-bbf9-f8c24750d6c2,Alfagift the best,2026-07-12 00:03:38,playstore
4c71aad9-ccdc-42e1-aea8-c5850a9157e3,mau tuker star malah error coba benerin apk nya lagi,2026-07-11 23:58:20,playstore
8c405dea-9136-432f-bcf8-d49d001cfd8e,mantap,2026-07-11 23:35:06,playstore
e0abc0a1-a14f-4290-8880-a7cd35c43c98,"suka banget pake alfagift memudahkan kalo mager keluar tapi pengen jajan, pesanan juga datang sesuai jam bahkan kadang lebih cepat",2026-07-11 23:27:42,playstore
329a83cb-4543-41e3-b648-41387bb01daf,memudahkan aku dalam berbelanja yg aku butuhkan,2026-07-11 23:18:38,playstore
a3e2f2d9-1a03-4b8a-ba7e-8685b186394a,"apk ini sangat membantu buat saya, yg kadang mager buat belanja ke tempat, kirir nya juga pada baik, sopan, pengiriman nya cepat",2026-07-11 22:25:00,playstore
75902459-355a-4fd5-97d3-2c4cf428964e,bagus tapi mohon ditingkatkan lagi.,2026-07-11 21:07:39,playstore
437659a6-5072-421c-a15e-a3e62d974fb7,Tolong tindak tegas kasir yang tidak memberikan struk belanjaan dan mencuri poin customer.,2026-07-11 20:55:40,playstore
8099b4f4-b7e2-4523-90b3-aefde2c9b132,baru download dan belajar cara menggunakannya,2026-07-11 20:27:12,playstore
b9c4a076-f789-4103-b1c6-a7e6ca5160fc,membantu sekali,2026-07-11 17:47:30,playstore
8491aad0-b242-4c7a-a2ef-001b710c5394,𝗧𝗛𝗘 𝗕𝗘𝗦𝗧 !,2026-07-11 17:20:30,playstore
4e68182d-db37-4285-b527-1b652c3f12f8,"cukup membantu saya dalam berbelanja, pengiriman gratis dan bisa lebih hemat waktu",2026-07-11 17:03:10,playstore
ae5428d8-b019-4c07-9568-db68c280064f,sangat membantu,2026-07-11 15:50:33,playstore
136102fb-20f6-42c3-8404-75c889dc6c66,sangat membantu,2026-07-11 15:37:09,playstore
5f0943e7-dea3-4598-b581-2b641d7dd45a,"makin tahun makin bagus, fitur flash sale menarik, live shopingnya masih berat banget, chat dengan toko bagus disertai pod saat paketnya sampai. tambahin fitur promo fair dong kaya apps klik indoapril terus fitur pilih toko juga buat yang delivery jangan cuma buat yang pickup.",2026-07-11 15:21:19,playstore
c01e0337-b71d-4a81-9822-85e2c54768bd,mudah sebutkan no hp banyak promo lagi terima kasih Alfa,2026-07-11 14:24:21,playstore
89b6a568-6774-49ab-8547-fa2cfb63324e,sangat membantu,2026-07-11 13:53:07,playstore
78c0e14d-5af2-4bac-9591-f157a658a087,A.poin tidak bisa ditukar,2026-07-11 13:46:40,playstore
e56ba1e7-38d7-43c9-a984-42d3635c2e63,"suka suka kelen aja update, ga sampe sebulan update lagi. ntah apa pun yang di ubah, kalau ada fitur Tambahan gpp ini sama aja.",2026-07-11 13:21:41,playstore
129dc543-5955-491f-8a5d-9d93e0bbb7fe,mudah,2026-07-11 12:37:48,playstore
2a5d9184-ad32-4503-b830-9eba9cf821ad,"Aplikasi yg sangat berguna, banyak diskonannya walopun stock kadang gaib, point bisa dituker. Mantap🫶",2026-07-11 12:26:07,playstore
15efbf8c-413e-4fd4-bbe9-2affef4778b4,"t suka sekali sama aplikasi alfa gift,, meskipun jauh dari rumah tapi tetap bisa belanja kebutuhan untuk orang"" yang ada di rumah,, thx alfa gift",2026-07-11 12:24:58,playstore
ade5c533-197c-4e39-8096-c3828cd2cb23,"Senang karena banyak discount,,😀👍",2026-07-11 12:22:12,playstore
921d1325-b141-468a-90a3-3be675732c65,"voucer nya buanyaaakkk tapi kaga ada satupun yg bisa nempel....mending hapus aja lah vc,bikin sakit mata sakit ati",2026-07-11 12:16:07,playstore
a2c86723-997d-447f-a8b1-04f04758b842,good,2026-07-11 12:07:30,playstore
df2d7b52-b28b-431e-859a-b2b81ba9e02d,lumayan,2026-07-11 12:00:56,playstore
66a2f42a-910a-4873-b697-f39bbb53b65e,sangat membantu,2026-07-11 12:00:14,playstore
572590c1-99b1-46d5-a5b0-9c102540ab1f,barang yang di perluin bgt malah sering kosong...,2026-07-11 11:53:20,playstore
edcef8ad-52e5-4b66-a881-bde8b04ff2d9,belanja lebih mudah dan banyak promo_promonya diskonnya banyak,2026-07-11 11:39:47,playstore
6012c1fa-30df-4529-b19f-c09bca606a1a,kebanyakan update,2026-07-11 11:14:22,playstore
af35f0b9-b10e-4534-a5e8-a8ebd6354a28,"mempermudah aku dalam belanja, voucher dan koin sangat fair. dan banyak diskon.",2026-07-11 10:32:39,playstore
62c5fb14-f90f-4356-8c15-43c7597b50ea,"belanja hemat, harga sesuai toko tapi pengantaran sangat lama bahkan tidak mau menunggu pelanggan keluar dari tempat tinggal untuk mengambil barang, telat 5 menit langsung ditinggal",2026-07-11 10:22:29,playstore
2b47bb35-39bf-49f7-8b56-573c0ba8440d,belanja murah. dianterin sampe depan rumah. mantap👍,2026-07-11 10:16:38,playstore
79452956-d79f-4f6d-a2ca-fd2ebf908d28,bagus,2026-07-11 10:14:54,playstore
ac4006c5-4585-463f-8b85-9e38f2644c3a,"pengiriman tertera maximal 1 jam set. pembayaran, tp lebih dr 1 jam, pelayanan admin slow resp, g dibales bales, kalo pun ramai, knp selama itu ga dibales nya, bisa 30 menit ga di bales2 padahal kalo ada kendala gpp direfund aja, sy sudah tny ada kendala atau tdk, tdk dijawab.. saran: sertakan nomer jasa pengirim nya",2026-07-11 10:13:13,playstore
8d03456b-1417-4e22-b0f1-c9abae6fb5a9,pengiriman joss super duper cepat dibanding app sebelah,2026-07-11 09:59:07,playstore
6520cc99-b3cd-40f5-adae-2d0af5da8a77,lemot,2026-07-11 09:47:03,playstore
0523ff49-3d52-40d0-9615-a62c2321e7fb,"maaf dikasih bintang 1, karena gabisa lagi anter galon ke lantai 2 kosan, + auto uninstall. padahal dulu download app ini karena bisa anter galon ke lt 2. hmmm confused gatau aja, di dunia ini kan ada manusia2 yg gakuat angkat beban segitu, naikin tangga dan durasi lama ya. tapi bisnis ini gapaham problem solving market. padahal bisa aja lo incharge harga, kalau pengantaran ke lantai 2. dan pasti customer yg butuh bantuan kaya gitu juga mau aja nambah harga.",2026-07-11 09:46:20,playstore
f3f0a46f-b980-415b-a80d-6840009fda26,bagus,2026-07-11 09:21:09,playstore
fa6c8f41-e4ae-41c9-96c8-73d684cfde37,"Aku sih suka aja sama aplikasi ini, sudah hampir 6 tahun menggunakan aplikasi ini bahkan dengan dengan berganti-ganti hp karena rusak, tapi tetap bisa masuk tanpa harus mengganti akun. memang chat aplikasi kurang responsif, makanya waktu itu toko sampe sediakan wa khusus untuk pelanggan. tapi over all gak ada kendala, malah sering dapat voucher produk yang dibutuhkan.",2026-07-11 08:44:41,playstore
10f9c721-c464-4932-9379-518491441f95,sangat membantu banget bagi saya yg tinggal di pedesaan yg jauh dr jln raya,2026-07-11 08:35:22,playstore
092ac1e1-94f5-43e0-8b25-bc8f41666b5e,stok mainan mau saya beli habis Mulu,2026-07-11 07:49:50,playstore
6b79dd68-7676-41f0-872a-9c99704d17e0,"aplikasi lu masih bobrok, udah 3 hari poin ga masuk. lapor CS isinya cuma bot ga guna. jangan maksa karyawan toko lu buat pelanggan install ini aplikasi kalo aplikasi bobrok begini!!",2026-07-11 07:31:43,playstore
fe4b0380-3a06-42e1-a667-bf2764a4ee48,banyak diskon nya,2026-07-11 06:52:46,playstore
38886529-951b-404c-acbf-f6e0b6a13115,"membantu ibu""",2026-07-11 06:45:59,playstore
908dc0af-5813-4ce5-b3d8-157e579d6234,bagus,2026-07-11 06:40:19,playstore
6eab7ed5-b7b8-4baa-ae4e-21a81f9f2840,lebih terbantu dlm pembelian barang² utk keperluan sehari hari.,2026-07-11 06:26:07,playstore
9379f06d-2dd7-4219-901d-600769c76033,"Bagus, enak belanja tanpa harus keluar krn gratis ongkir dgn belanja yg gak hrs banyak",2026-07-11 05:42:43,playstore
22b788d1-3ad5-4446-856c-c4a0769314d2,"sering pesan lewat alfagift, tapi kadang barang yg dikirim kurang 1pcs, itupun kejadiannya gk satu kali. kecewa😥",2026-07-11 05:40:02,playstore
f82c9a78-158c-408c-8b7f-7f23759fdbf7,belanja jadi lebih mudah,2026-07-11 05:39:21,playstore
06187eba-913f-4816-aa4a-a2795eac3f13,ribet apknya,2026-07-11 05:16:28,playstore
b0eef827-24a5-4cf9-b1f9-76a9106b967b,"aplikasi lag parah pesanan dari web 1jam setelah pemesanan, pesanan apk 2 jam setelah pemesanan. order double ikut pengiriman apk. kan tolol 🗿",2026-07-11 05:13:39,playstore
52293355-5b52-4993-a46e-ec01c323fe83,sangat membantu ibu rumah tangga..karna gak usah lagi repot2 bawa bocil langsung kenal alfamart buat belanja.. sekaligus banyak diskon nya juga. trimakasih alfagift,2026-07-11 05:13:00,playstore
beadaf2a-72d8-4851-b3f3-09bc8be23b7c,sangat membantu di saat tidak bisa keluar rumah. harganya sesuai di toko. bebas ongkir. kurir ramah.. siip deh.,2026-07-11 05:02:04,playstore
e0a385ad-c5a7-4021-8d2a-7cbc0370f0e4,cukup terjangkau dan terbantu,2026-07-11 04:59:14,playstore
2cc71632-22c5-4fa0-ae60-70fecaf7a360,harusnya tetap bisa digunakan walaupun belum update aplikasi,2026-07-11 04:59:02,playstore
cb85665f-bb7d-4818-b13e-3b407fbfc0ea,aplikasinya gk jelas kebanyakan error,2026-07-11 04:27:24,playstore
c089681f-6aa5-4ef4-a76e-ed37e6133575,mantap ni apk nya,2026-07-11 04:25:50,playstore
86956624-c8c7-405e-bf75-7ae3b912712a,hadeh menenya gk jelas ada update gk guna,2026-07-11 04:10:11,playstore
d9eb6e00-66d8-4ae5-9d65-24b0d12accb6,tolong diperbaiki kadang kadang ada produk yang beli 1 gratis 1 ketika diambil bonus nya malah pas di bayar engga gratis alias jadi bayar tolong diperbaiki dong,2026-07-11 03:46:59,playstore
590e55f7-ad8f-4f14-b1cc-4bc490fa2310,oke dan bagus,2026-07-11 03:33:52,playstore
b9919bc7-29b1-446a-8662-8d98b07a2b11,"waktu itu redem poin sampai 14rbu poin buat tukerin ke bengbeng dan minuman tapi katanya lagi eror sampai di tgl trakhir program pun tetep gak bisa, alhasil sia sia deh poin saya udah ke potong 14rbu tanpa dapat apapaun.",2026-07-11 03:13:16,playstore
b54f6c59-dce9-4a19-a829-e2282cd17dbe,"membantu buat yg mager keluar rumah, tapi butuh bahan buat kebutuhan harian rumah tangga",2026-07-11 03:08:09,playstore
1dd44f56-720f-400a-83d4-ec4d3e9190f1,notifikasi chat kadang tidak muncul sehingga paketnya di cancel,2026-07-11 03:06:32,playstore
398bf771-64e6-4c9f-8e0f-b49871a4aec2,"Selalu langganan buat belanja bulanan, banyak diskon transparan cocok buat irt yg repot urus anak gk bisa belanja offline",2026-07-11 02:50:04,playstore
e03dc3b8-f663-4803-9cc8-db0a9214d463,puas banget keren pelayanan oke banget suka,2026-07-11 02:22:25,playstore
086b1208-f08c-4e85-b839-09e4e96b8926,"memudahkan sekali dan selalu ada report progres, terimakasih alfagift 😍",2026-07-11 02:18:51,playstore
0f3b58d6-0567-4a76-a0a3-ddeb997d48c8,mantullllllll,2026-07-11 02:13:13,playstore
da6e85e8-1260-4c64-a1ff-9d97645b41ed,udah 3 hari perasaan stock roti pada kosong di aplikasi sementara di toko nya langsung masih banyak,2026-07-11 01:19:04,playstore
5e5b3bd2-36e7-4227-9d65-3442a8335fb5,good,2026-07-11 01:14:18,playstore
785afb02-ef2d-43a5-a30c-eef16a4d428b,"selalu belanja alfa gift , bagus dan cepat pengiriman nya.. tapi kenapa kalau beli susu bebelac poin nya selalu di ambil sama pihak alfa nya dan itu sering kali lohh... 😡 kalau di uploud bacaan nya selalu (struck sudah pernah di uplouad oleh channel alfamart) dan itu bukan cuma sekali 2x . yaa sudahlah jadi gak dapet poin . padahal lumayan poin nya bisa di tukarkan hadiah . 😏",2026-07-11 01:10:30,playstore
7a00c646-bc57-450c-ba5e-6e83b21c30c4,KENAPA SEKARANG ADA ONGKIRNYA YAH 🥲,2026-07-11 01:01:36,playstore
74df136f-bb60-4668-93f9-aabf6c8c07b0,ada Alfagift belanja jadi lebih praktis kalau lagi males keluar. pokoknya debes top markotop Alfagift,2026-07-11 00:53:50,playstore
13a006b9-06e1-4756-9f78-afe50bafd059,update update terus tapi lemotnya minta ampun. kalah sama si biru yg satsetttt,2026-07-11 00:51:41,playstore
0b0716ff-3034-4368-8247-81f8f589a798,mempermudah belanja dari rumah,2026-07-11 00:36:56,playstore
f5134ab8-9641-43a2-9c30-f1400d8d7364,goodddd,2026-07-11 00:27:51,playstore
17da98df-8132-4adc-aa09-09101ea3effb,ok laah,2026-07-11 00:19:44,playstore
904856a5-3568-4a72-ab28-db10c88faba0,"bolak balik ke harga gk promo padahal lg promo, rusak mulu",2026-07-11 00:11:11,playstore
6113a6c8-e532-402c-a1b4-0e723eb59980,layanan Ok,2026-07-10 23:49:35,playstore
bcc233dc-352c-4bec-bf61-176abc7e6647,belanja jadi lebih mudah lewat alfagift❤️,2026-07-10 23:32:18,playstore
16be7786-b1c9-41ed-a3a3-4647f73ad95b,mantap dan lengkap untuk kebutuhan sehari hari dan banyak promo harga murah dan masih banyak untung,2026-07-10 23:26:33,playstore
a7e90754-d8cf-4564-ba73-e50a5332b46e,Saya beli barang di alfagift. Udah dibayar pakai shoopepay namun barang belum sampai sampai. Nggak ngerti mau komplain kemana ga ada yang bisa dihubungi. No toko tercantum namun no piihak toko juga gak bisa dihubungi. Kecewa sekali.,2026-07-10 22:42:46,playstore
b2f0c4e4-0d4c-41a8-b816-0e02cd9f44dc,mantap sekali,2026-07-10 18:14:09,playstore
efb00b0d-1432-4410-acd6-c4d8dccae2ac,lemot apk nya...kadang suka keluar akun sendiri!!🥱🥱🥱 klo bisa diperbaiki ya,2026-07-10 16:09:37,playstore
87bf66d8-46bb-452e-8d3b-7801663e36f3,"banyak promo bukan cuma untuk member,apa lagi klo member lebih banyak lagi promonya,bisa pilih jam pengiriman, tepat waktu,klo barang kosong cs nya langsung konfirmasi, sistem pembayaran mudah,buat yg sibuk GK bisa keluar ky saya alfagfit andalanku,gratis ongkir pula, terbaik lh🥰",2026-07-10 16:04:28,playstore
7db180c6-45e1-44c7-9b7f-3e66a7a6a986,👍,2026-07-10 15:52:25,playstore
1e912b39-330a-4376-81f2-0d7be9eef3e7,"mudah dalam pengaplikasiannya,duduk manis dirumah kalau lagi males kemana mana tapi perut lapar butuh ini itu tinggal belanja aja di Alfagift pilih banyak vocher gratisnya dan setiap belanja beberapa dapet tebus murahnya so izzy kan trai this aplikasi good pokoke Bro and sis ngga rugi pastinya",2026-07-10 15:18:42,playstore
9e1f92ce-1bee-4039-b4bd-d3396ad1c826,langganan saya dan paling favorit,2026-07-10 14:54:00,playstore
7584a190-ad0a-4f7f-81fb-562675b12f88,kenapa ya sekarang d alfagift susah banget buat beli beras tapi orang lain pada ada terus...padahal paling d andelin sama ibu2 yang punya bayi dan gak bisa kemana mana,2026-07-10 14:46:10,playstore
96caf78b-5002-472d-9a50-2c6917428532,"pengalaman mengecewakan, hari ini belanja pampers, susu, tisu pake alfagift, order masuk jam 15, jam 16.30 barang belum dikirim, jam 18.00 barang dikirim tp baru pampers sama tisu which is baru setengahnya, sampe akhirnya sisa barang (susu) baru dikirim jam 21.15, padahal tujuan pesan pake alfagift biar bisa instant dikirim, tapi malah mengecewakan.",2026-07-10 14:24:40,playstore
460a48dc-939d-4861-91d4-d2b1334483ce,sekarang malah di kasih ongkir di bawah 25rb malah jadi mirip klik indomart harusnya minimal 10rb/15rb,2026-07-10 13:39:23,playstore
5334bdf7-5e17-4195-a8d6-059646500b04,"ini ada Malware nya kah? habis update, batre langsung drop",2026-07-10 13:37:10,playstore
0594d3c0-4019-4cb9-ba48-0b8d986f9e4b,oke,2026-07-10 13:02:16,playstore
d2b4cc22-2cf6-465e-9dc6-881b86ce4ae9,"makasih yaa, sangat membantu",2026-07-10 13:01:20,playstore
1e4bb1d3-e292-406e-b7e0-e10e496dc828,💪,2026-07-10 13:00:12,playstore
0bd0ab2f-5473-4139-adf3-742b43ce65ff,"Barusan kemarin kemarin nya lagi complain star tidak masuk tros kemarin masuk, tadi mau ditukerin hadiah gabisa dituker ngelag, tanya admin katae sinyal tros siang tadi sinyal bagus tapi Star yg baru didapat kemarin hilang lagi jadi gabisa nuker juga",2026-07-10 12:59:25,playstore
2be6d8b8-7661-4334-92b0-ae957429efc0,sangat membantu,2026-07-10 12:55:53,playstore
df09a6ea-4f24-4bd2-ab67-b98a63d88064,mantap coy,2026-07-10 12:38:55,playstore
0aba98f7-8de1-42a3-a74f-c844e5d77599,"belanja lebih mudah, praktis gak bakal ada drama beda harga dengan kasir karena harga dan promo selalu up to date, alfa selalu terdepan termurah terlengkap dari zaman masih pacaran sampe sekarang berumah tangga tetep member alfamart hhhe karena waktu kecil aku gak pernah ke alfa maklum kelahiran 90an 😌 jadi gak bakal mau belanja ke toko retail lain yang barang display nya acak kadut, display nya banyak yang kosong , hemmm you know lah",2026-07-10 12:33:44,playstore
4f5c1f5a-3dc7-4d91-a31b-4f24016fe7bb,"sangat membantu sekali bt sy ,menghemat tenaga jg waktu,dan dgn adanya Alfagift belanja sy jg bs irit,karna klu datang sendiri ke Alfanya segala di comot hehe terimakasih Alfagift sukses sllu",2026-07-10 12:29:38,playstore
49a29669-eda9-4053-8927-cb325b632d8e,kurang sopan,2026-07-10 12:27:42,playstore
95652876-fb11-4498-a2f0-3ae5623cb83e,lima bintang. belanja jadi lebih mudah gak ribet sama pluit. hehehe...,2026-07-10 12:25:31,playstore
9324e57c-4bd1-451f-bfa6-532afe21a00c,jarang di kasih vocer,2026-07-10 12:21:33,playstore
deb13f08-c617-44f1-8974-bd3ee2057063,sangat membantu kami sekeluarga,2026-07-10 12:16:13,playstore
ad6317ac-f886-4973-8976-78a68fa88305,Abang Alfa gift nya ramah,2026-07-10 12:14:15,playstore
7b1d92cf-e2e8-48f1-9261-0d9b52b36e39,sangat membantu,2026-07-10 12:02:38,playstore
62edee33-c263-4106-b26e-19060a65a416,good,2026-07-10 12:01:04,playstore
7c2fb94c-312f-431d-ae6b-0e6640b2abf2,"dulu sangat lancar digunakan sekarang malah banyak bug aplikasi macet mau cek harga aja kadang suka stuk logo gak mau gerak susah disrol akhirnya aplikasi keluar dengan sendirinya,semoga aja lambat laun aplikasi ini bisa berkembang ramah digunakan mau aiphone atau android bisa jalan maksimal terutama user android bisa dimaksimalkan trimakasih.",2026-07-10 11:59:47,playstore
de13221e-1192-4050-9d0c-568a71303502,"tetap saja TDK bisa di buka apk nya, mental dia ram saya masih cukup .",2026-07-10 11:52:38,playstore
e78e599a-dc89-44e1-86f1-eb57909660b2,Pelayanan bagus dan banyak Promonya,2026-07-10 11:45:37,playstore
9fc20077-57ce-4aea-a979-980c6d779724,"dapat chasback, setiap belanja mantap",2026-07-10 11:44:03,playstore
38290a2c-bbd7-43c9-a8cf-ba2338752dca,cepat dan bagus banget,2026-07-10 11:35:11,playstore
d4912515-7a22-466d-a2ba-e66cf0791758,baguuussss,2026-07-10 11:30:23,playstore
9920bea6-8c0a-4fd7-b450-85a25e2130cf,sejauh ini aman si banyak diskon,2026-07-10 11:18:11,playstore
e2acaf08-a86c-4411-8da8-bf469dc8b6c5,"sangat bagus,suka, Praktis ga perlu keluar rumah, gratis ongkir lagi, pertahankan ya, langganan saya selalu di alfagift💗",2026-07-10 11:15:20,playstore
c70ff1cf-3aa3-49f1-a9e9-e65d4034a6f4,mantap,2026-07-10 11:04:57,playstore
513918ed-c1d6-45a3-a2de-00dea1fcf9ff,tolong dong kalau mau login lagi di Alfa gift jangan di verivikasi,2026-07-10 11:04:47,playstore
d120a364-778f-46ba-a9a5-852dc55d81ae,trimakasih tlh mmbantu blanja jadi mudah tidak perlu keluar rumah,2026-07-10 10:39:38,playstore
df3c5ad4-a639-4785-83c3-a0c305b2e8c8,Semakin lebih baik,2026-07-10 10:38:06,playstore
6c6a3030-e269-45cd-a95d-a3d4fce33c53,"tulisannya pengiriman maksimal 1 jam setelah pembayaran udah 2 jam lebih ga dikirim malah ada chat dari alfamart pengiriman ditunda karena pelanggan tidak membalas chat padahal jelas jelas saya sudah balas chat, konfirmasi pengiriman 1 jam lalu kocak",2026-07-10 10:22:30,playstore
1b0596a4-9956-4acf-a410-971281aeef99,keren,2026-07-10 10:10:28,playstore
80680056-480f-47c7-a9b3-3187fb4e51d5,belanja lebih mudah dan lebih hemat,2026-07-10 09:44:42,playstore
189145f2-00c0-4050-821d-2fdc3bc3060f,jadi eror semenjak di update gabisa masuk aplikasi jengkel banget nyesel banget pake apk nya,2026-07-10 09:40:12,playstore
12e533a4-7993-4c20-91e0-08f0202fa030,"Mau tuker star ke hadiah voucher belanja 50rb dari program berhadiah pringless gabisa setiap klik tuker langsung ngefrezee aplikasi Alfagiftnya, hub customer service dibilangnya periksa koneksi internet padahal engga pake wifi sinyal data full. Coba login dengan account yang sama di hp berbeda, tapi sama kendalanya. Udah ngirim email ke costumer care, engga direspon lagi setelah menyampaikan keluhannya. Kalau gini caranya gausah buat event berhadiah, perbaiki aplikasinya dulu deh mendingan",2026-07-10 09:28:09,playstore
88facf0b-7c99-4edc-a895-b19ee3c62b35,"saya lebih suka belanja di Alfagif,lebih nyaman dan banyak diskonya🤗di antar tanpa ada ongkir.Terbaik la👍",2026-07-10 09:27:53,playstore
7a223de1-ce27-4841-9bf7-dfaad125859b,"aplikasi sangat membantu Mau di luar kota pun bisa pesan kirim ke alamat yg di tuju. Sukses terus min Saya pengguna alfa dari saya SMP Sampai kerja pun sering banget pas plg mampir ke alfamart, semenjak ada alfagift Pas sdh tinggal di luar kota, masih bisa di andalkan untuk kirim² ke orgtua Pelayanan nya ramah, cepat, gratis ongkir.",2026-07-10 09:27:27,playstore
d6239f10-4ddb-4568-8886-e4b7f7fd2ed7,"untuk aplikasi nya sendiri sangat bagus memudahkan juga terus pengiriman nya juga lumayan cepet ,tapi untuk minimal cod tolong di kurangi dong jangan 50ribu jadi 25ribu atau 30ribu gitu , soalnya saya biasannya pengen beli lewat alfagift tapi cuma ada cash sedangkan Minimum cod harus 50ribu",2026-07-10 09:15:11,playstore
b77aab19-d056-453c-93b6-6bb1d7185cea,belanja mudah cepat gak ribet free ongkir sampe depan rumah 🩷🩷🩷,2026-07-10 09:14:29,playstore
a14f8256-e7ac-49f9-a4ce-799b74c553b7,Jadi langganan kali mau belanja tapi gabisa kemana mana,2026-07-10 08:50:09,playstore
5c415a05-c541-4e33-8cab-f65eeb97a8c1,"Bismillah, Alhamdulillaah sudah bisa dan tetap Alfamart Agave Citra Indah terbaik, karyawan amanah, dan pastinya pemimpin juga pemilik bagus handal dan handle mereka. Semoga ALLAAH berkahi kalian semua, Aamiin.",2026-07-10 08:50:01,playstore
9d6a907c-54ff-46b9-9d24-5ca1d3253285,bagus,2026-07-10 08:08:28,playstore
43dcc34e-bcd0-4b36-b0a4-c3f199dca1bb,belnja d alpa lebih hemat bnyak promo nyah,2026-07-10 07:51:16,playstore
c471feb8-65f5-4a60-9fe9-d0877bd2ec3f,"sangat membantu saya yg tidak ada kendaraan 😂 nunggu suami pulang lama 😌 pesan, langsung antar 👍👍👍👍 kalo bisa stoknya jgn sampe kosong ( utk BRG yg rutin di beli kayak pempers, susu )",2026-07-10 07:49:29,playstore
734c8751-c6d6-47d8-abb4-934f95a0db1b,sangat memuaskan,2026-07-10 07:43:15,playstore
341709ce-9b02-4a75-bf85-40a4ac827594,sangat membantu ada nya Alfa gift,2026-07-10 07:38:36,playstore
ecc62690-0a7a-47ce-b7c0-7bf960b3141d,Bagus,2026-07-10 07:35:32,playstore
8fa03c46-d5fd-4d16-bbf4-35cec2fff288,"tidak bisa login, pas pergi ke Alfamart terdekat katanya nomornya sudah mati tapi belum mati nomornya. jadi saya coba daftar pakai nomor lain dan juga tidak bisa. tolong aplikasi nya di perbaikin.",2026-07-10 07:32:22,playstore
b60ba269-ed2d-4a7a-b9ba-9d6fc6b1de20,bagus,2026-07-10 07:21:38,playstore
769cc8f0-7ad4-44f3-8472-0a241ca68b5f,sangat membantu,2026-07-10 07:18:50,playstore
85dc59c4-910b-4523-aad4-dc9ca6ced995,membantu,2026-07-10 07:12:40,playstore
46d5eda2-6fe6-4ec4-8a7c-1b6a63e2a9ab,Pengiriman cepet,2026-07-10 07:09:17,playstore
d96e4c43-fda1-4962-9d2b-2f920044dfaf,mantapppp,2026-07-10 06:56:35,playstore
5c7f6ff8-9010-442b-83d4-795eb49fc8b4,Kadang ada ongkirnya,2026-07-10 06:52:35,playstore
56314a79-76a1-4667-a532-8a5fea212d0e,bagus,2026-07-10 06:48:43,playstore
15224537-ec64-4992-9f27-35bf78714447,ok,2026-07-10 06:37:49,playstore
f0d62e98-a4d1-4d7e-9155-d43af8527f48,bagus,2026-07-10 06:37:24,playstore
0a9ac9e4-05a5-4e30-9d22-e34ff8cdc6a0,GOOD APLIKASI...,2026-07-10 06:29:35,playstore
cc97f654-978b-4519-874a-810f258238e2,"sangat membantu bagi kaum mager, bisa belanja dari rumah juga gratis ongkir 💗💗",2026-07-10 06:24:22,playstore
812efbb7-87e9-4285-8f6c-a34058f7f8e8,belanja praktis dan lebih hemat.,2026-07-10 06:18:52,playstore
92066c1a-1788-4a17-ab5e-05905573fe3f,kak kenapa evt 7.7 kemaren A point ku GK ada yg masuk sama sekali mentang2 a point nya gede,2026-07-10 06:17:03,playstore
f90b5983-7e35-4fc5-bd9b-a319e65ffaaa,"kirain semua pelayanan alfagift bagus, ternyata hanya toko2 alfamart tertentu, apalagi di langsa, pelayanan buruk!!",2026-07-10 06:14:47,playstore
10accd24-3382-481d-b572-4e570df62978,"baguss poll.. kurir disini mantep,gercep, apalagi salah satu karyawannya ada temenku wkwk jadinya dicepetin. Pernah salah kirim rumah,tapi temenku buru² minta maaf. Mantap pol.",2026-07-10 06:07:57,playstore
d4b36b75-c3e8-464f-980f-ca39f6b66639,Aplikasi yang tepat dikala kepepet point nya makasi alfa...,2026-07-10 06:01:49,playstore
f066845d-4a8d-40aa-ad66-cd8d6c7a7728,sejauh ini selalu puas pake alfagift. barang diantar ga lama setelah check out walopun saya pake metode cod. pertahankan yaaa ♥️,2026-07-10 05:58:11,playstore
c2fdcef1-304a-485d-be1c-4ed26608dff1,sangat membantu bagi si mager,2026-07-10 05:52:22,playstore
6737f8a3-d2a4-42b5-84f5-0b63a0e51563,Mudah dan hemat tapi pengantaran ke rumah sudah tidak mendukung lagi 😭,2026-07-10 05:38:27,playstore
352c99ca-c9d5-4f38-b4d2-68f6d796d2d6,sejauh ini bagus bagus aja sih,2026-07-10 05:37:37,playstore
46e8d22f-5a5d-496c-b624-4f20f325d9f9,pelayanan joss pokoknyah🤍,2026-07-10 05:30:30,playstore
5fa5f84c-4a36-4b86-b111-fac189bb8d08,nyaman banget sama aplikasi simerah ini😊,2026-07-10 05:24:25,playstore
56c3ab92-eab0-43c2-954e-dd12a69dc19b,memudahkan segalanya,2026-07-10 04:36:29,playstore
25cc4a21-ed96-49eb-ab78-12d33d0d27b2,"promonya byk,.gratis ongkir",2026-07-10 04:29:02,playstore
f3114e8d-6179-47ea-b856-e87abf5239b8,membantu sekali,2026-07-10 03:39:19,playstore
18297968-5762-4caf-8127-ed97afee31ce,sangat terbantu,2026-07-10 03:38:27,playstore
92738a7f-81eb-4eeb-8f75-e0db3a6a8301,disuruh update terus gmn mau belanja sedangkan android yg dipake memori penuh,2026-07-10 03:31:55,playstore
9d232508-3590-440d-a10b-1c9e23e7bea0,baguss buat kaum kaum mager boleh bgt download ini,2026-07-10 03:19:47,playstore
7d5f551f-905c-4401-b11c-38d4597b936e,sangat membantu,2026-07-10 03:11:51,playstore
66984ba0-29dd-449b-b9da-799c4d29c59f,pengiriman cepat dan baik,2026-07-10 03:04:32,playstore
4478ace2-39e9-4c40-9930-1983f7aa0afa,"pilihan terbaik buat belanja kebutuhan sehari2 tp ga sempat / mager keluar rumah. Promo nya juga menarik, pengiriman cepat, pilihan pembayarannya juga banyak tgl klik2 brg sampai kerumah deh. semoga kedepannya bisa menyediakan sayur segar, daging2an juga spya 1 aplikasi tp bisa belanja semua kebutuhan",2026-07-10 02:51:38,playstore
25dbb519-e360-4476-a78c-7bfff3356479,saya selalu menggunakan layanan alfagift dan sangat sangat membantu untuk kau mageran seperti saya,2026-07-10 02:25:31,playstore
b8cebadf-bc21-4ca5-be7d-916bd1c14e7f,sngat membantu kebutuhan shari2,2026-07-10 02:20:37,playstore
d3f3d4e8-70e8-412e-b03d-92c63ed3cb57,sangat terbantu dengan adanya alfagift,2026-07-10 02:10:53,playstore
c9a4116e-22c6-40d3-8a61-66d677f8f990,Puas belanja di Alfagift.,2026-07-10 02:06:47,playstore
8c61eb33-247a-4f9e-845c-5b8179dfc130,Sangat membantu,2026-07-10 02:05:44,playstore
0f176217-33f0-42bb-8b24-e6589402d38f,sangat membantu dan banyak promonya,2026-07-10 01:49:34,playstore
6d6d59ac-8e36-48b4-91db-ba3ab461672f,aplikasi meminta update . tetapi setelah di update dan saya masuk akun saya kenapa jumlah star dan stamp nya jadi 0 hanya poninnya saja yang masih ada . .di aplikasi saya crazy rich member dan perolehan star dan stamp selama ini blm pernah saya gunakan tapi setelah di update malah jadi 0 ini gimana?,2026-07-10 01:41:35,playstore
a356b87a-f293-400e-9881-0a6e02207f5b,"aplikasi ribet, sinyal bagus aplikasi kadang eror, beli barang di aplikasi promo pas beli nggak ada promoannya, mau ajuin batal nggak ada tombol batalkan pesanan, padahal belum di ambil, untung karyawan nya gercep bisa di refund di toko, mau beli lewat aplikasi lagi jadi males kalo kejadiannya kaya gini",2026-07-10 00:55:32,playstore
5c28e2bc-e957-40f0-a05c-06f57ecbce93,males sekali sekarang kalo ke Alfa mart banyak parkir...,2026-07-10 00:51:30,playstore
2eb5f4ef-3f4b-4185-a39d-84c6bf90a91c,mempermudah,2026-07-10 00:36:55,playstore
fdb198b6-53e0-4cf9-84a1-b944f0124aff,dulu belanja ga ad min tuk gratis ongkir sekarang mmin blnja 25 rb baru BS gratis ongkir,2026-07-10 00:14:44,playstore
e63800d8-b5f7-4b4e-a472-35c6ca1b4a73,sangat membantu,2026-07-10 00:09:44,playstore
f8337013-03f6-46b2-b4b1-6b28ba393cd8,"banyak discount sale dan keuntungan member, praktis, mudah digunakan, up to date, memudahkan berbelanja.",2026-07-10 00:08:28,playstore
80982f1b-1958-4627-b932-cc39122f45fd,"giliran mnta update paksa,mau nuker star ga bisa..hadehhh..keburu hangus kak mimin",2026-07-09 23:53:28,playstore
c6b5246c-7e25-4867-8204-c57c30e7b26d,aplikasi ini cukup membantu bagi orang yang malas pergi keluar,2026-07-09 23:50:20,playstore
428fc7ef-de37-40ef-9e6f-24a8851c9baf,Baru 1 detik vocer udah habis bikin kecewa..    jd ta uninstal aja tu app,2026-07-09 23:34:35,playstore
6d5eee22-9bd2-47f1-a23f-818db91d419a,"Sejauh ini nyaman. Interface nya juga oke dan ga berlebihan. Aplikasi ga memakan banyak ruang. Fitur lengkap, searching mode bisa lebih ditingkatkan. krn bener2 harus spesifik ngetiknya. overall good lah",2026-07-09 23:32:23,playstore
95bed14a-e8a3-4790-99f7-333c9d92e915,bagus Langgan di Alfamart,2026-07-09 23:01:54,playstore
fdad5ae7-4c64-4fbd-a4db-7d8ab8aac6b1,belum lancar teratasi,2026-07-09 23:00:28,playstore
1e8b4b16-606f-4557-8efb-9284a1335028,sangat terbantu gak usah keluar rumah buat belanja semua tersedia di alfagif🥰,2026-07-09 22:48:13,playstore
3ee60bcf-e6ab-40d2-be10-324cea247e4e,awalnya suka tapi sering minta update jadi uninstal ajalah,2026-07-09 22:22:51,playstore
cce5e8c8-52f1-4870-9507-1973a4f9b038,"bagus juga, sangat membantu sekali",2026-07-09 21:04:34,playstore
15ab2177-65c9-4b54-a4c7-5edb5cc9074f,belanja jadi lebih mudah,2026-07-09 21:02:53,playstore
85181834-4d24-4569-821e-77d1751d6bfb,"pengiriman sangat cepat, layanan bagus barang yang dikirim sesuai dengan pesanan, kurir ramah, packing juga rapih",2026-07-09 19:54:48,playstore
64ab18ae-a6eb-4d69-92b5-0dcf0144adbc,"untuk versi terbaru sulit untuk membuka aplikasi , aplikasi tiba2 keluar sehingga sejak mengganti versi terbaru tidak bisa memesan lewat alfagift",2026-07-09 19:19:31,playstore
af444fb0-e426-4411-87a6-2867b3e8fa5b,Kenapa aplikasinya force close terus sih,2026-07-09 19:03:12,playstore
c8ca7956-062c-4ea8-ad36-70833856c302,bagus untuk cari tok dll.cumn di rest area seharusnya bisa jg di lacak kode tokonya,2026-07-09 17:35:08,playstore
62708239-6f31-4d3b-9bd1-7fda8d4d435b,"memudahkan pelanggan , tidak ribet dan tdk perlu ke toko tinggal klik sudah di antar sampai depan pintu",2026-07-09 16:15:27,playstore
0be24871-e1b1-4427-8c63-52210ed764b0,Bagus sekali,2026-07-09 16:09:31,playstore
6b021699-a533-4f30-acfc-58bed91b91fe,"mudah, banyak diskon, murah, tinggal klik langsung diantar. kebutuhan rumah ada disini..",2026-07-09 16:07:27,playstore
d93ef0a8-b4b5-46d3-997f-08de3babd014,sangat puas pelayanan nya,2026-07-09 15:56:53,playstore
17c9f282-223c-4f96-8c16-c6dff9e132ad,belanja lebih hemat dan murah,2026-07-09 15:30:19,playstore
19b34c04-c0ce-4606-b6fb-238332bbcd76,"Parah, sekarang aplikasinya sering freez dan keluar sendiri tiap x buka, susah mau pesan atau beli barang, padahal tahun lalu masih baik saja. Kenapa malah di Update malah ga bagis dan berat",2026-07-09 15:20:59,playstore
c9093258-d2de-4853-8213-a3b029820a8f,Sangat menolong & membantu,2026-07-09 15:16:13,playstore
2febfb61-aa3f-4e77-9dd3-9f681adf94d9,good,2026-07-09 15:11:08,playstore
ad6a4181-6c7c-4ee5-900d-e682fae0228e,Aplikasi Lemot walau sudah pakai wifi,2026-07-09 14:58:21,playstore
44dbda8b-da63-498f-a869-89aa2118efd4,bangus dan rapi,2026-07-09 14:58:01,playstore
23705087-f17a-4222-bfc7-dc03318773b4,sangat membantu saya bisa belanja susu dan pempes untuk d luar kota kapan aja,2026-07-09 14:31:41,playstore
90cacfb5-6dbc-4675-bed0-92d9bb3d5e17,cukup membantu,2026-07-09 14:26:38,playstore
e20bcaa8-35a4-4eb4-b05c-50b77f463961,LEMOTTT BANGETTTTTTTTTT,2026-07-09 14:15:03,playstore
c329bad5-b8fb-4e28-92ba-b4e74c0ab8e9,Lebih banyak tau,2026-07-09 14:08:53,playstore
ef3f3551-ce1c-427d-85bc-dd9a6442fd54,aku kasih bintang 1 soalnya aneh saya sudah melakukan pembelian di Alfamart tapi a poin nya ga nambah tetap di situ aja entah bug atau apa tapi ini koin ku udh 5 hari ga nambah² padahal udh melakukan pembelian di Alfamart sudah hampir 3 x dan sama ga ada yang masuk a poin nya,2026-07-09 14:07:14,playstore
45af6fec-08db-4600-8816-2324a26e8089,"selalu bisa diandalkan kalo lagi pengen jajan tapi malas keluar rumah, poin yang didapat dari belanja juga bisa di jadikan potongan belanja",2026-07-09 13:48:47,playstore
4f84e859-c9c5-49e6-be84-6e3784bdbb98,Sangat baik syng aplikasi harus instal ulang apdet terus,2026-07-09 13:46:21,playstore
ab33eaba-e9c2-4d0f-aa71-44f6fd10b91f,good,2026-07-09 13:46:19,playstore
566bf24c-a4e6-4897-9cd2-e69749395edc,ok bget,2026-07-09 13:41:13,playstore
1a3c7701-c855-4e29-adf9-616ee45d93f2,daerah cikupa blm bisa order makanan segar,2026-07-09 13:39:06,playstore
d6ace615-0f2d-458d-8711-337ecb5466d8,sangat puas dan hemat,2026-07-09 13:36:52,playstore
523195e6-6133-451b-b01a-54c9ff50c6d4,bulan juli 2026 aplikasi sangat membantu.,2026-07-09 13:35:41,playstore
03bff018-9098-4113-be66-7a2c794adf32,"sumpah ga banget pelayanan alfagiftnya minta anter 1 jam setelah pembayaran diantar 1 jam lebih oke lah ga masalah pas ngantar senyum ga ada ramah ga ada,tolong dong yg menaungi alfagift Sepinggan di koreksi lagi, saya belanja kesitu ga sekali dua kali pesan alfagift pun ngga sekali dua kali saya lebih suka kurir yg dari DS balikpapan dari pada Alfamart palm hills pelayanan ga banget ngasih pesanan ga ramah banget, okelah telat gapapa tapi ya kita berhak dong menanyakan di chat,tapi pelayanan 0",2026-07-09 13:30:01,playstore
d9345aaa-f0ac-4a95-a372-449cdb534ab2,"aku kasih bintang 🌟 5 bahkan kalo ada 1000 bintang buat alfagift,Karna belanja untung dengan program baby diapers fair, dialfagift. Pengalaman dapat extra point yang bisa di potong saat melakukan pembayaran dan yang paling wah nya dapet star yang bisa di tukarkan agar bisa dapat undian juga ,mantul banget servis Alfamart ke pelanggan setia . Harapan aku supaya kedepannya kurir sapa bisa lebih bnyak jadi pengiriman bisa lebih cepe... ,🥰",2026-07-09 13:23:35,playstore
55b6b768-9865-4bdf-87cc-ac169af7d32a,pelayanannya baik,2026-07-09 12:57:32,playstore
f9f29e9c-8bff-43e5-adb8-bcdbb761bebe,selama ada alfagift belanja kapanpun tetap aman dan untung,2026-07-09 12:52:30,playstore
88684827-2ee6-4ac1-8f1f-f54a9601956c,"gampang banget dipakai, useful, program2nya juga berguna gk cuma gimmick. bahkan pernah dpt bingkisan surprised cuma2 dari Alfagift pdhl gk daftar apa2. 🫶🏻 tapi sayang skrg appnya makin lemot, ngeload lama klo baru pertama dibuka. saran sih hapus aja gamenya. kan gk semua app harus dikasih game.",2026-07-09 12:52:27,playstore
43f57140-2054-4010-8a6a-4345a85ca1c4,bagus,2026-07-09 12:50:46,playstore
a66a445a-53ac-4600-9036-c0a006808ca5,"Aplikasi nya bagus, saya udah pake 5 thn, cuman ditahun ini jadi ada ongkir nya kalau belanja dibawah 25 k",2026-07-09 12:50:19,playstore
ab8c0880-81b2-4a15-8800-8077e0053217,Bagus Dan Juga Menarik Bebelanja Di Aplikasi ini,2026-07-09 12:48:16,playstore
39e35738-269d-4ab1-9907-7d693c5ad65e,cepat,2026-07-09 12:33:57,playstore
45e20723-53ef-4960-ae13-f38fc98cbc11,sangat mempermudah,2026-07-09 12:30:51,playstore
b3896228-59c1-4846-ac01-3cdec0910903,"dari tahun 2022 menggunakan alfa gift smpe hamil dan sampai anak sudah usia 2 tahun pun sangat terbantu oleh alfagift. pesanan tepat sesuai, tidak menunda dan fast respon. terima kasih byk alfa",2026-07-09 12:25:18,playstore
69372e1b-fa4a-48ad-bfd4-06cd6a698af6,Gak ada opsi ganti nomor.,2026-07-09 12:19:54,playstore
c5cbe72f-8519-4d6f-9367-cf5cbf907d21,"setelah update bukan nya lebih bagus malah ongkir gratis nya harus belanja minimal 25.000👎, padalah sebelum update belanja berapapun pasti gratis ongkir. saran buat yang belum update aplikasi alfagift mending jangan update.👎👎👎",2026-07-09 12:19:23,playstore
9dd539da-e8c0-4395-aef9-522cb5fa7669,aplikasi yg ngebantu bgt kebutuhan sehari hari sukses selalu alfagift,2026-07-09 12:12:11,playstore
6e967fd7-1773-4a92-abe4-3562a38ae861,"sangat membantu. alhamdulillah. cepat, banyak promo.. luphhh deh",2026-07-09 12:08:48,playstore
6d9bdec5-1cb1-4630-8815-c66811c2e2ae,mantap,2026-07-09 12:02:01,playstore
4819e8ab-5f95-406f-994e-bf9999d33e3b,sangat membantu,2026-07-09 11:55:55,playstore
b48a7ce5-548a-46a5-b3f5-260662464d4f,"sangat membantu,Alhamdulillah",2026-07-09 11:55:50,playstore
fce6def2-2835-4b80-97ec-f268ece0211a,cepat dan ndak ribet apkny,2026-07-09 11:50:02,playstore
5d8e2c9a-51c0-4791-b009-9f604223f8c3,harga sangat terjangkau dan ditunggu diskon promonya,2026-07-09 11:49:01,playstore
9899cdb9-a00f-42d4-8bbd-e8687f5c427f,gak jelas,2026-07-09 11:46:04,playstore
abb0fd22-1446-4f74-950a-36291a783c5a,jangan serung lag please,2026-07-09 11:45:13,playstore
55c7fdef-2ec1-41a4-87ff-d2e46badeaa9,belanja dapat poin bisa ditukar potong harga . mantap,2026-07-09 11:40:58,playstore
65483035-9620-4b7b-a5ae-49df0155abac,semoga kwalitas makin di tingkatkan kembali dan selalu,2026-07-09 11:37:52,playstore
944a86b7-56e0-42c1-9d94-5eb3648a58e0,"aneh gk bisa daftar, blank doang tampilang nya",2026-07-09 11:33:16,playstore
7f17ddaa-5fc7-49d9-9cfc-2d17639add93,"gak bisa login katanya akun saya ditutup padahal baru beberapa hari daftar akun, hubungi alfacare juga gak bisa error terus",2026-07-09 11:29:16,playstore
5afe8c07-122f-4d4f-a611-2077d51aa0ec,"akhir akhir ini udah jarang belanja, semenjak ada minimum pesanan, kalau gak minimum,kena charger ongkir 5000. 😌",2026-07-09 11:25:00,playstore
9a3a1936-2279-40a9-b2f0-c29020aa1d77,membantu melihat promo,2026-07-09 11:23:07,playstore
f1b9944c-8a1d-4efe-a65d-db5f4aab55d8,bagus' dan bermanfaat,2026-07-09 11:19:15,playstore
6a9141f0-fb7b-49f1-9d19-b6474156b840,setiap di buka nya lama tolong perbaiki,2026-07-09 11:15:55,playstore
32e9caf3-167d-4e85-a948-b8c3907dace8,"pengiriman cepat harga murah,banyak voucer",2026-07-09 11:11:11,playstore
77c71387-fcdd-4602-864d-44f232804e09,"makin ribet, barang gaada dicancel tapi uang lama kembalinya 7 hari kerja, ga kayak disebelah cepet ga sampe sejam udah balik, tolong dong dibenerin lagi",2026-07-09 11:04:03,playstore
0a07757e-a449-40fe-8c48-5862ba094493,belanha jadi mudah,2026-07-09 11:02:50,playstore
6f1f64ed-1982-42cc-b04c-d2481c26c0e7,belum sebul di upgrade udah minta di upgrade lagi,2026-07-09 11:00:14,playstore
18b2cde9-306c-479c-abfd-449de027f208,Alhamdulillah terbantu banget buat pesen pesen tanpa harus keluar rumah panas2an,2026-07-09 10:56:20,playstore
91305613-c14f-4a47-9021-0803173cefdf,jangan paksa pengguna untuk update,2026-07-09 10:50:17,playstore
09e0130f-b43b-47a3-a56c-4f0a2118c525,"menunggu lamaaaa.. dikabari pesanan dari gudang KOSONG SEMUA. saya mau tunggu saja, tidak mau membatalkan. tiba2 dibatalkan, dengan alasan REQUEST PELANGGAN. bertahun-tahun saya jadi pelanggan alfagift..bisa sangat mengecewakan. saya betul-betul sedih dan kecewa",2026-07-09 10:50:02,playstore
90d1b455-cd50-4f5f-8f9c-3f59d5b08022,Dulu nyaman sekali belanja di alfagift tapi kok sekarang kurir hanya menghubungi lewat lewat chat alfagift saja jadi pesanan sering dibatalkan sepihak. ada pula pesanan yang sudah dibayar tapi dibawa kembali sama kurir karena tidak ketemu padahal ada di dalam rumah. Tidak bisakah kembali seperti dulu ada konfirmasi chat WA atau telfon ke konsumen?,2026-07-09 10:49:49,playstore
b8d6bee8-fd3a-423a-9c27-527deaa530ef,banyakin promonya biar gwe gausah pergi ke toko lain,2026-07-09 10:46:12,playstore
5da16451-5ed9-4ec5-bc1a-89d6dc8412f5,sangat bagus,2026-07-09 10:45:56,playstore
d8814b45-4c20-4b9b-a5ba-e3dbf6759c71,Excellent,2026-07-09 10:41:38,playstore
9129462c-d36d-49cb-9d45-07c1f5ec93ef,ok,2026-07-09 10:38:25,playstore
f89ea920-0c7a-4238-aa3f-512593f5114f,sangat membantu dari jarak dan juga kendaraan,2026-07-09 10:36:45,playstore
d5a314a9-fbdb-4df7-890c-469903c2a40e,sangat mengesankan sekali,2026-07-09 10:34:56,playstore
d8f3fd6a-81a7-408e-9a1d-d60aec95f811,sangat membantu,2026-07-09 10:32:41,playstore
744c78f6-2e48-4d18-b449-848fc5ba05ac,sangat membantu kyak sya yg males keluar gini jdi tinggal klik ada yg antar sndri.. kurir e juga ramah pula,2026-07-09 10:25:03,playstore
8f10a172-ea36-499b-b734-d4fd97bab0f2,"membantu banget,tinggal tunggu pesanan,masukan kalau waktu yang di pilih 1 jam datangnya lebih dari 1 jam",2026-07-09 10:23:45,playstore
c6730cc3-5f8f-4593-b8bb-1b2fbc6ca17d,belanja g pakai ribet banyak promo dan discont,2026-07-09 10:22:56,playstore
a9828c06-df5e-4fb9-9d40-ee30422d95ea,ben opo,2026-07-09 10:13:49,playstore
26eb97ce-8e7e-4a2c-ba38-faeb483b0369,biasa,2026-07-09 10:10:31,playstore
1ff50144-240e-4447-8f89-b56f3ddabab6,"saya merasa terbantu dengan adanya alfagift. tapi sayangnya, sering kali ada kendala dari tokonya. misalnya seperti barang ternyata habis terus diganti dengan yang lain. ini bagian saya tidak suka, alangkah lebih baik, diantar lagi setelah barang ada. karna pasti ada alasan tersendiri, kenpa konsumen memilih produk tersebut. dan sedikit saran, untuk menambahkan informasi komposisi dan gizi selain foto gambar produk. ini dapat membantu konsumen yang memilih makanan atau minuman, terima kasih.",2026-07-09 10:05:04,playstore
2743dd3c-66ad-4847-ab4a-3054b3119748,Membantu melihat harga barang sebelum belanja,2026-07-09 10:04:58,playstore
d7b26555-0eb9-45e7-895e-3bd8132fa2fb,sangat membantu untuk kaum sibuk dan males keluar rumah 🏡🏠,2026-07-09 10:00:43,playstore
498cc403-aae6-4b34-8de6-1a9df7f8fbed,aplikasi yang cukup membantu tapi ada satu yang mungkin saya rasa masih jadi kekurangan adalah tidak adanya fitur side fingerprint jika ingin masuk akun alfagift selain hafal password cukup kecewa sih karena aplikasi sekelas alfagift yang kadang saya temui kurir dijalan tapi belum ada pembaharuan penambahan fitur side fingerprint bisa ditambahkan mungkin karena hp sekarang kebanyakan sudah banyak fitur side fingerprint selain password akun seperti akun perbankan apalagi akun ojol,2026-07-09 09:58:11,playstore
932f2d09-fbbf-4a46-b2ad-a1e5f86739a3,aplikasi yg sangatt membantu dan bnyk promo,2026-07-09 09:53:06,playstore
6cc18de1-d118-4dc0-85d5-91d610cc152c,mantaapp,2026-07-09 09:49:35,playstore
e6ce6da9-a431-414f-b166-47d34aa3a085,baik aman,2026-07-09 09:22:26,playstore
8a359300-e6fe-48ce-812d-2152139a5384,"Allhamdulilah sangat membantu, rumah yg jauh ke jalan utama mau apa2 susah. sukses selalu alfamart.",2026-07-09 09:18:15,playstore
196f6d43-693c-4b71-bd68-16cfcb9cbc07,"pernah pesen. biasanya dpt daerah letnan murod tb2 dpt daerah kamboja. terus di chat sama alfagift nya bilangnya jarak terlalu jauh. mungkin sistem eror katanya. pesanan saya dibatalkan dengan alasan nanti pengembalian dana akan kembali 3-10 hari. tapi harus diisi data, bank,dll. saya udh isi lengkap semua. TAPI PENGEMBALIAN DANA TIDAK DILAKUKAN. dana tetap di alfagift dan masuk sebagai POINT. jujur ini sangat mengecewakan.",2026-07-09 09:04:56,playstore
232e13d5-5664-4a9a-bf7e-733ef2371d35,pesan gak sesuai,2026-07-09 09:04:16,playstore
5718404c-8961-48db-aa1c-50e089d853d4,sangat membantu,2026-07-09 08:59:20,playstore
326fe8d5-3ade-49b8-813d-4167d37d3f60,bagus,2026-07-09 08:55:10,playstore
91054b78-5faf-45f1-bee0-cf1edee1e061,mantap,2026-07-09 08:52:33,playstore
2923c1f2-5022-42b7-9e8e-bcf46acc77ca,sekarang alfagift ongkir nya ga gratis jadi kalau mau belanja harus ada extra ongkirnya,2026-07-09 08:39:23,playstore
022aafaa-0a2f-4817-b783-dee09f63fbc5,promo atau cashback gk msk cape2 blanja banyak,2026-07-09 08:30:34,playstore
0b94af18-1708-416a-b646-d8f561ec1f45,cukup memuaskan,2026-07-09 08:24:09,playstore
a50ad672-39eb-43be-8e29-e63218a17ac6,bagus,2026-07-09 08:21:52,playstore
f5e9f5db-29e2-472c-b78b-3d84ba137e91,baguss,2026-07-09 08:13:17,playstore
208a7153-9ace-42cc-98e6-953a81e704d2,baik,2026-07-09 08:12:48,playstore
62e3ca89-7fa8-4edb-bf34-b2b4852797f1,"sangat menolong dalam memenuhi barang2 yang dibutuhkan, apalagi ketika kita jauh dari lokasi, baik itu rumah atau kantor.",2026-07-09 08:10:02,playstore
6a74b19c-b7ac-4898-b19a-18daf91d825e,sangat membantu,2026-07-09 08:07:17,playstore
b795c4d5-0f90-4826-b7f9-19e5776e7e3f,nyaman untuk digunakan,2026-07-09 07:53:17,playstore
e6338a29-0f12-4e5a-9307-4164069c45f6,baik,2026-07-09 07:43:35,playstore
1be285de-a2ee-4d94-b0f4-fa7b4f941905,suruh update trs,2026-07-09 07:40:37,playstore
7ff0b7f0-41e8-44dc-b94d-73e423cfeb31,"aplikasi ini sangat membantu, pengiriman barang cepat, terimakasih",2026-07-09 07:39:31,playstore
c78b5761-12de-46ae-91b6-61c14b17d238,nuhun,2026-07-09 07:36:13,playstore
04dc3555-627b-4d4f-9e3e-aa2e21b4d954,Bagus semoga bermanfaat,2026-07-09 07:34:52,playstore
b77d3141-a3c6-4bd7-b57d-996729337579,aplikasi bagus cuman lebih bagus indomaret jadi saya kasih bintang 1,2026-07-09 07:34:08,playstore
72325866-022e-4ef3-a972-7f10551952b8,sangat rekomend pokonya dibanding biru .,2026-07-09 07:34:05,playstore
9e2b2e6f-1850-4219-9a10-60fae930c183,aplikasinya jadi agak berat,2026-07-09 07:34:03,playstore
3c727961-df64-45db-9235-8a077f0fd988,"ok banget, tinggal tunggu di rumah belanjaan sampai ke depan pintu.",2026-07-09 07:33:43,playstore
ee5f4362-92ba-4f87-a800-964a9e385f01,baik,2026-07-09 07:33:27,playstore
f95402f5-f943-4b1e-8fac-78fe3c5d13ce,mantap,2026-07-09 07:32:29,playstore
04282563-2e80-48dd-8f97-3d531adf2401,"lebih enak aplikasi ini dari oada sebelah, lelet beralihlah ke alfagift",2026-07-09 07:17:42,playstore
bc107b03-aca9-4e96-a23d-69cc4523a09b,juara,2026-07-09 07:14:33,playstore
053975c1-dec4-4c64-899f-668a43a86738,buka aplikasi sering gangguan,2026-07-09 07:09:58,playstore
e94eba68-6735-47ff-a1b5-54fc255f5d77,"kenapa , tidak bisa di buka ? biasanya selalu aman??",2026-07-09 07:04:33,playstore
c8dd6a98-a7d1-4ec0-a285-89593ce39adc,banyakin promo...belanja ga akan ke yg lain,2026-07-09 06:59:00,playstore
b5ca6199-5ec5-457f-ab23-8bbcfff377c4,bermanfaat,2026-07-09 06:57:14,playstore
b6aca7d4-f1c0-414f-a3a5-5a561a51c629,"Bintang buat alfagift karena setiap belanja selalu banyak promo jadi #BebasBelanjaUntung terus deh😍 Aku bisa tebus murah makanan atau minuman kesukaan aku hanya dengan belanja minimal 50 ribu saja,tentunya sangat membantu juga karena delivery order free ongkir jadi ga perlu cape jauh ke Alfamart untuk cari makanan dan minuman favorit🤤 Semoga alfagift bisa kasih lebih banyak pilihan produk tebus murah dan makin banyak promo untuk berbagai produk nya,dan tentunya semoga bisa lebih menarik😚",2026-07-09 06:57:04,playstore
ddd83c37-ec62-4380-bdb5-670b75faebea,sangat membantu,2026-07-09 06:52:03,playstore
cc7bdd83-3177-48ce-99e4-b63266983585,sangat membantu gak usah cape2 .sambil rebahn bisa benja,2026-07-09 06:38:46,playstore
0dceca16-16a9-4d6d-aa18-5cccb3fab5e5,jaya terus alfamart..,2026-07-09 06:30:40,playstore
2a9274f5-9ca4-4040-9eed-905ee354c0e8,sangat memuaskan,2026-07-09 06:29:43,playstore
801bdb03-722a-4f45-b9ba-38210dcfae88,sangat mudah dan praktis,2026-07-09 06:24:36,playstore
be71366c-76b4-43e4-bdf8-6170d2f66c59,aplikasi yang sangat membantu.. selain memudahkan beli tanpa ke toko tapi juga banyak voucher diskonnya.. kurirnya juga satset banget.,2026-07-09 06:17:32,playstore
8f4d8f5e-63d8-492b-a0d8-8aa4b6e9dfc7,sangat mudah untuk belanja,2026-07-09 06:14:20,playstore
11b8d789-2687-480e-9bff-d3ed545a7600,semoga bermanfaat bagi konsumen,2026-07-09 06:11:49,playstore
b7b31039-afe1-4ed2-9009-696faa59425b,sangat membantu berbelanja ketika kita sedang sibuk dg pekerjaan yg tidak bisa ditinggalkan,2026-07-09 06:10:35,playstore
544b50b0-7734-4922-a7d7-690faf1de29e,"aplikasi ini sangat membantu sekali, kita bisa lihar promo secara langsung ,struk juga langsung masuk aplikasi",2026-07-09 06:07:57,playstore
1417a5d1-1437-4248-8fd7-babf35525541,sangat membantu,2026-07-09 06:04:43,playstore
3167c0b2-d328-4ee5-9886-9d94e7c5c46e,"mungkin harus ada pembaharuan di aplikasi, saya pelanggan setia yang sering belanja menggunakan alfagift, tapi pengantaran selalu tidak sesuai dengan yang dijanjikan. belanja jam 07 pagi sampai jam 11 siang barang belum juga sampai. semoga semakin baik lagi kedepannya",2026-07-09 05:58:08,playstore
bda5a463-77d5-413f-a48d-9e0c60b6e5af,"alwayssss belanja bulanan, kebutuhan lewat alfagift🤗🥰",2026-07-09 05:53:27,playstore
8f187d25-f0c2-4860-9b91-88be4baf8bec,mantap bosku lanjutkan,2026-07-09 05:53:25,playstore
e02edce7-6423-4f35-9022-9e07e56e2176,"SEKARANG ADA BIAYA ONGKIR TIDAK GRATIS SEPERTI SEBELUMNYA, KALO UDAH MOROTIN DUIT CUSTOMER HARUSNYA APPNYA YA DIPERBAGUS BUKAN MALAH JADI LEBIH JELEK! KOK BISA2NYA FITUR CHAT TOKO DIHILANGKAN CKCK TERUS BUAT APA CUSTOMER DI BEBANI BIAYA ONGKIR?! KATANYA BUAT KEMAJUAN APP TAPI APPNYA AJA MALAH JADI JELEK. ANEH BGT KELAKUAN CEO ALFAGIFT PADAHAL UDAH JADI APP MINIMARKET PILIHAN NO 1 DI INDO MALAH DI UBAH2 FIX INI MAH CUSTOMER BAKAL PERGI & SALAH 1 NYA GUE",2026-07-09 05:39:42,playstore
c5e3e0cb-d0dd-4b9c-b453-e04c42017293,sangat membantu terimakasih alfagift,2026-07-09 05:34:08,playstore
d899d7fc-2011-4ecd-8ecf-c5283cf73e04,menyenangkan dalam berbelanja,2026-07-09 05:30:42,playstore
4ec2cf91-8470-4a86-8567-fb8c5a24bc35,bagus keren,2026-07-09 05:28:29,playstore
4f236a76-fdd3-4f86-945e-7f6512a82104,bagus,2026-07-09 05:28:10,playstore
fd64d9b1-5c65-4f6f-adfd-dd34933aad83,order mudah pengiriman cepat.. puas banget,2026-07-09 05:22:10,playstore
eea38366-80bc-4703-866c-7e8fedf69623,bagus. tp akhir2 ini pengiriman overload jd telat banget bisa d besokin lagi.. trs dulu belanja tanpa minimal gratis ongkir tp skrg dibawah 30rb kena ongkir 5rb,2026-07-09 05:08:37,playstore
840ead2e-d5f3-44cc-b65d-426442416f14,belanja lebih mudah tanpa harus keluar rumah,2026-07-09 05:08:19,playstore
e553b0f7-3be9-4ca7-b3cc-868d3ca49e2e,sangat membantu,2026-07-09 04:53:39,playstore
42b88f75-6c89-4007-84a8-48b154a9f960,"ngebantu banget, belanja buat di kantor atau drumah tinggal klik2 tunggu sampe aja, hemat waktu, hemat ongkos",2026-07-09 04:53:23,playstore
1c91e491-8c2e-4cf5-a21b-d85151670921,Semakun di perbaiki layanannya untuk lebih baik lagi,2026-07-09 04:49:23,playstore
70c6eb15-f5d9-4692-a313-d8cacd9a6dac,oke..,2026-07-09 04:47:51,playstore
26622b2f-f8ce-4812-8e34-a4c064e71cb1,sangat membatu,2026-07-09 04:47:22,playstore
46c01d69-5f8b-4859-b639-768982d54eab,Alfagift menjangkau daerah kabupaten Tangerang bagian utara dan sangat membantu dalam berbelanja (khususnya IRT). karena disini susah kalau kemana² tidak punya kendaraan pribadi utk berbelanja. Trimakasih Alfagift,2026-07-09 04:43:20,playstore
cc77b993-d038-4bef-a882-9a31c8b8aca7,sangat membantu lebih praktis dan banyak promo 👍👍,2026-07-09 04:40:00,playstore
9be45915-4f15-4869-bc98-40e5abafa1ac,aplikasi ini sangat membantu sekali bagi saya 🥰🥰,2026-07-09 04:35:05,playstore
dce07b71-acde-4558-8ee2-0b3f8f0de696,semua jadi mudah,2026-07-09 04:28:14,playstore
e2e610fb-99f8-48f7-a400-b1c7289d741f,puas,2026-07-09 04:16:16,playstore
96c7be75-b811-404e-9376-26ffdb277a7b,"gooodd sangat memudahkan buat yg sibuk mau pergi belanja ke toko. Tapi saya pernah beli shampoo, katanya stok kosong dan ditawarin mau ganti uang/nunggu shampoonya dianter pas sore nya, ehh ternyata ga dianter jg smpe skrg ntah kemana 🤣",2026-07-09 04:06:51,playstore
77d83967-2d4f-4453-aa55-5df12e46e232,kemudahan dalam belanja,2026-07-09 04:04:50,playstore
abc26664-d167-41e0-a909-3623db3a473a,buka aplikasi alfagift harus upload lg,2026-07-09 04:01:59,playstore
5dc93516-ea79-4483-a86c-439b55e9600c,selalu puas belanja di Alfagift banyak promo dan gratis ongkir pula,2026-07-09 04:00:40,playstore
bfba8286-0433-4e56-a8a2-1f661eea9f6e,Lebih mudah untuk berbelanja dari rumah.. Banyak promo..,2026-07-09 03:57:19,playstore
d82a627f-f5ab-4ba3-b36a-ed36a0e33fbb,mudah & lengkap,2026-07-09 03:49:22,playstore
ba03ca5a-e2fb-4dc0-b7e3-662d93d296b4,"singkat saja, memudahkan❤️",2026-07-09 03:42:16,playstore
ca0af40d-ca81-45d5-b761-2463d65e1588,bagus,2026-07-09 03:39:36,playstore
10318acb-dc47-436b-ac8e-f69638542e45,"REFUND RIBET dan LAMA. 1. Tidak diinfo sejak awal kalau refund dana menjadi A poin. 2. Info tidak sesuai diminta menunggu 2-3 hari alhasil selesai seminggu dan pengembalian dana menjadi A poin tanpa persetujuan dan info. 3. Pengakuan dari alfa bahwa tidak menerima form no rekening saya maka jadi A poin. wah padahal 3 kali saya info no rekening saya, by cs AI, by chat dgn admin dan email. Trauma, buang buang waktu.",2026-07-09 03:39:12,playstore
9aa49124-b6c3-4a69-a7ba-2adc427a68c6,mantap,2026-07-09 03:39:00,playstore
eb899c51-1618-4049-a276-5fa2c14cdc24,sangat membantu,2026-07-09 03:33:28,playstore
e0629e08-b7ad-4768-8bb0-937ec700126c,oke,2026-07-09 03:31:42,playstore
e3c5084c-4253-465f-9bf4-28fcae8573fc,Terima kasih pelayanannya dg baik,2026-07-09 03:29:07,playstore
952ba1b4-d69c-4cc9-ac26-02c400fbc0d0,"Sudah coba berulang kali masukin no trx n Kode jg gak bisa, dicoba terus tetep gak bisa. Sedii...pdhl pelayanan yg lain sdh bagus cm gara2 sulit dg hal tsb jd gk trll menarik utk diikutin. Walopun respon dari kalian hanya mgkin kami yg salah masukkan no trx& kode.",2026-07-09 03:24:40,playstore
07c1e5e2-cbea-4026-b9f6-caa2bc4e8841,sangat bagus dan nyaman selama ini,2026-07-09 03:19:01,playstore
5731c1fe-80ba-4401-b37f-af1b1a621889,Sangat membantu dngn ada nya layanan Alfa gift..trmksh,2026-07-09 03:10:37,playstore
12986a59-c3df-4efa-9090-124fa9954465,terbaik,2026-07-09 03:05:28,playstore
76ba31e8-c2c4-4cb2-a35c-bfa8083ed9c8,Pelanggan setia Alfagift,2026-07-09 03:04:59,playstore
7e3b2513-f242-4315-8b2e-a7754dcf0edb,baik cepat banyak promo,2026-07-09 03:00:25,playstore
de76e4eb-af12-4be6-8c7c-018e8253ab96,good,2026-07-09 02:59:51,playstore
69d053f3-39f9-414a-8878-642461ef1855,Alfagift terbaik 👍,2026-07-09 02:54:42,playstore
802114ae-4524-4c9c-a105-7c985efa2f65,bagus & mudah digunakan,2026-07-09 02:54:31,playstore
6a3adddc-d3d6-41d3-beb0-d8f24aff5b0e,👍👍👍👍👍,2026-07-09 02:47:59,playstore
d1454af4-54a5-45a0-9284-8d473e133a57,Pelayanannya sangat baik. Komplain diselesaikan dgn baik walau sedikit lebih lama. Worth it pakai Alfagift ya... Terima kasih Alfagift Team.,2026-07-09 02:44:13,playstore
22c4a15a-48ba-4d44-8091-adb455826922,banyak promo,2026-07-09 02:42:18,playstore
03aa8d6a-02d0-4826-b3ff-1d41aff613dc,aplikasi membantu saya untuk pesan2 online tanpa harus keluar pengiriman jg oke ko,2026-07-09 02:41:34,playstore
ee73b45f-ef60-4a62-b00c-8b3276c4a764,banyak yg tidak tersedia nya seperti beras,2026-07-09 02:39:22,playstore
95c3c089-5483-4ba5-8a2d-fd6595d0184f,"Aplikasinya padahal bagus, pelayanannya nol, awal2 service bagus, makin kesini makin parah, order jam 5 sore dikirim jam 10 malam, udah waktunya tidur dan udah ga butuh lagi produknya 👎",2026-07-09 02:35:24,playstore
d21ce552-a63a-4de2-b559-75fe82e7be2e,sangat mebantu sekali semoga sukses,2026-07-09 02:31:56,playstore
af5d2a09-63e4-4293-8346-c5e76f0d903c,Senang ada Alfagift...sangat membantu meringankan belanja jadi ga harus keluar rumah...selalu ramah dilayani dan diantar sampe ke rumah...Thanks Alfagift,2026-07-09 02:31:35,playstore
3a590b8b-a4e4-40f3-b59e-b2b51fcb965d,aplikasi ini sangat membantu,2026-07-09 02:28:07,playstore
0d30e77c-2310-4847-9ea1-91abbe07defc,Perbaiki lagi sistem kasirnya soalnya pas mau beli ketersediaan di alfagift ready stok 10 barang pas mau di ambil kasir bilang kosong atau belum datang dan biasanya barang di sumpetin kasir untuk mengambil keuntungan pribadi,2026-07-09 02:24:58,playstore
1e29d46f-b711-4cbf-9ab5-2cd8073d7186,very good,2026-07-09 02:22:28,playstore
5f65fbae-e7fe-44f1-98af-99b82313cfd5,sangat membantu,2026-07-09 02:20:12,playstore
b973ce3f-0aa3-40b9-8f19-6add256e5d42,"sangat membantu untuk memenuhi kebutuhan sehari"" dan juga bnyak promo.y😍😍😍",2026-07-09 02:18:36,playstore
3d9ebcd3-9267-441d-a1c2-b2f318ac3f36,"pengiriman cepat, barang terjamin",2026-07-09 02:18:09,playstore
cd75e8aa-c012-42c5-a6bf-35c406a8cd1a,sangat membantu sekali. tinggal pesan lewat app nnti diantar.,2026-07-09 02:10:41,playstore
69ec93c2-c210-4b0e-982e-2c6075070ef3,"Puji Tuhan. Sangat membantu. Saya pakai apk ini sekitar zaman Covid. Sampai alm mamah saya wkt di rs pun sy belanja pakai Alfagift, mau anter sampai depan kamar RS Krn saya ga bisa keluar hrs jaga alm mamah dirawat. Sampai skrg sy juga pakai utk keperluan rumah. Terima kasih ya.. Tuhan Yesus memberkati 🙏",2026-07-09 02:09:19,playstore
e2856c11-7ede-4e03-97e7-5947b1e341f4,chat nya hilang semua setelah update,2026-07-09 02:04:20,playstore
32395098-1c44-44db-851f-55e0c38741fd,"Pengalaman saya setelah menggunakan alfagift selama setahun itu syaa merasa sangat puas atas pelayanannya yg cepat serta kurir²nya juga ramah kepada pelanggan,ditambah ada bnyak promo² menariknya seperti flashsale yg sering saya pantau setiap hari dan kadang membeli produk dari promo flashsale itu karna sangat murah. yang saya kurang suka yaitu biaya ongkirnya yg awalnya gratis skarang sudah mulai berbayar untuk blanja dibawah 25ribu, saya lebih suka kalau ongkirnya hanya blanja dibawah 10rb sja",2026-07-09 02:01:56,playstore
e4130e40-e672-46b5-a146-1fabff117f84,bagus aplikasinya,2026-07-09 01:57:58,playstore
fb805724-e9c9-4ef9-99c0-313cfc68069c,"sangat membantu, mantap 👍 sukses selalu",2026-07-09 01:51:55,playstore
157e52a5-0421-41c0-84a1-ef0340bec9ee,belanja hemat dan murah mudah,2026-07-09 01:51:22,playstore
c4efb562-c30c-41ac-abeb-35fa959f21ad,Terlalu Keseringan Kurir mengCANCEL pesanan tanpa ad konfirmasi k pelanggan.. Contoh Selamat Pagi Bapak/Ibu menginformasikan bahwa pesanan Bapak/Ibu mengalami penundaan pengiriman dikarenakan PELANGGAN TIDAK MENGANGKAT TELP. Mohon balas chat ini untuk membantu petugas kami mengantarkan pesanan. (Pesan Otomatis),2026-07-09 01:42:23,playstore
9caf8221-b62f-4ebd-a7bf-dcb4910114fd,"Alfagif lumayan membantu, apalagi pas malas kluar rumah, tinggal pesan langsung di antar",2026-07-09 01:40:14,playstore
a9a3280f-2410-44ea-a167-931ae60fc8d3,"Memudahkan berbelanja tanpa perlu datang ke alfamart, trus ada games nya jugaa sukaaa",2026-07-09 01:38:32,playstore
d9072cd9-deac-412d-89f5-896ae39b2db1,"sangat membantu,melihat harga sebelum ke toko.",2026-07-09 01:37:09,playstore
6dcd8110-4cc8-4f24-8515-5e137841df96,"Alhamdulillah terbantu sekali dengan adanya alfagift, belanja jadi mudah. sedikit mahal tapi gratis ongkir. diantar sampe depan pintu. terimakasih alfagift 🙏🏼👍🏼",2026-07-09 01:33:28,playstore
0fdbe6aa-96ce-4117-b7ee-98b238ca3507,sangat membantu aku disaat lagi belum bisa keluar pasca lahiran,2026-07-09 01:32:21,playstore
1438c898-8ddb-4e5d-9e60-0b589d0104f2,aplikasi sudah bagus,2026-07-09 01:24:34,playstore
dd7aedd3-c57b-4caf-8614-b01db4fa139b,"pelayan ok,sip deh👌🏻",2026-07-09 01:22:53,playstore
e6945b38-5325-43ac-892f-f16cd03c3c6e,good,2026-07-09 01:22:32,playstore
a8278358-f4e2-465f-a5a7-81587681bdeb,sangat membantu dlm belanja harian 🙏,2026-07-09 01:22:19,playstore
eff34785-22ee-4fdd-951f-9007c6dbeb6a,sangat membantu,2026-07-09 01:21:15,playstore
22c07254-8b1e-4217-a316-3b8c29d8eebb,banyak promo 🥰,2026-07-09 01:19:00,playstore
3d88f244-4e95-48d1-a77d-e1094ce48a17,pengiriman cepat dan aman,2026-07-09 01:16:34,playstore
2bc87dd5-23a5-4e1b-b138-bbcec9d25f76,Aplikasi yg bertahan sampai tahun ini wlw sekarang udah pindah rumah yg jauuhhh dari alfamart pun.Kurir bagus sigap tolong beri reward untuk karyawan² alfamart nya.,2026-07-09 01:15:56,playstore
d5b020c6-c57a-4c1c-9e4f-e36a2310648a,memudahkan saya tuk belanja,2026-07-09 01:11:21,playstore
060fb76c-0750-4c91-a1b1-4b281e09a488,belanja Praktis aman sampai rumah,2026-07-09 01:09:58,playstore
f911333c-0c64-43a1-b01f-51931c28b133,sayng pengiriman lama bngt,2026-07-09 01:07:58,playstore
56b2ec2b-5154-4cde-9351-8b770223a7c8,sangat membantu terbaik terimakasih alfagift,2026-07-09 01:04:12,playstore
56a71995-c08d-42e5-888b-419d151de0e0,Lumayan,2026-07-09 00:59:38,playstore
22d4981c-16f5-4b4a-9627-46370994271c,oke,2026-07-09 00:55:16,playstore
927557dc-00b8-437e-80ba-ebeeb648d9de,kami sangat berterima kasih kepada alfagift yang sudah membantu kebutuhan rumah,2026-07-09 00:50:20,playstore
b4c289bb-e8d7-4334-9b79-31df61d047c7,sangat membantu,2026-07-09 00:49:26,playstore
4dc19de1-c622-45f5-a9a7-126d51be9964,gak bisa ganti no hp ya????,2026-07-09 00:48:44,playstore
daec841a-2307-454a-a068-006d77d36217,sebulan minta update 2-3 kali. payah....,2026-07-09 00:43:04,playstore
bfa365c0-d53a-4960-8e08-bb709e949a6d,"sangat membantu sekali di saat aku punya anak kecil, sekaligus pekerja. pesan apapun jdi mudah tinggal klik langsung di antar",2026-07-09 00:42:27,playstore
c250b31b-e299-4a5c-8cb7-2c586d69b3f7,baik,2026-07-09 00:41:07,playstore
fe3306af-e704-4952-8d0c-eaebe8aac459,Terimakasih alfagift sangat membantu untuk membeli kebutuhan sehari-hari,2026-07-09 00:39:07,playstore
eba6474e-9741-474a-8118-bc6966db0a1b,memudahkan berbelanja,2026-07-09 00:35:29,playstore
ea61b84d-442b-45a3-af7f-5b8d5158b936,"bagus dan bisa memesan barang yang kita mau, bisa diantar dan bisa ambil di toko Alfamart terdekat👍",2026-07-09 00:34:05,playstore
2a6bc0c2-3d78-4e34-af67-b9580ac11fa8,"sangat kecewa order 2 hari gak sampai², rela gak kerja karena nunggu. di chat gak bales dah lapor email by telp juga gak ada kejelasan di batalin gak bisa.",2026-07-08 23:49:00,playstore
752edb9a-3dfb-470f-92fa-9aaee7b6a5e1,"belanja 1 barang pun dianterin gratis, terbaikkkk",2026-07-08 22:43:24,playstore
3c0fc6ae-5ac4-4613-9584-eedc91f2e4e9,"kenapa sekarang buka aplikasi keluar terus, udah aku restart ulang sampe aku instal lagi d hp Infinix hot 60 pro, tapi tetep ajah kaya gitu, sebelum nya aku pake hp realme c25 barangkali karena android lama gitu,",2026-07-08 21:48:29,playstore
42e923c0-e700-475d-ad35-36f6fd8bb954,nice,2026-07-08 21:35:26,playstore
147a2ab9-7bf2-4559-939a-6d2f16229079,poin tidak bertambah pdhl saya slalu belanja pakai member,2026-07-08 19:59:34,playstore
7cb2ed77-88fe-4244-8ebe-351a21adf7ab,"Aku kasih bintang 5 untuk aplikasi alfagift, karena belanja untung dengan Program gratis produk. Aku punya kebiasaan menyumbangkan pewangi ruangan untuk beberapa masjid. Kemarin belanja lewat Alfagift, ternyata lagi promo beli 1 gratis 1. Harapanku semoga alfagift terus menghadirkan program gratis Produk cakupan produk yang lebih banyak lagi. Jadi konsumen bisa lebih hemat. Terima kasih, Alfagift!",2026-07-08 17:26:43,playstore
363c0d84-0a4c-4e32-8157-8653aba3ffcb,apaan harus hapus dulu shizuku 🫪🫪 ribet dah,2026-07-08 16:49:52,playstore
fa5bbfc1-0a42-4783-af7b-b8b4fe9683ae,"semenjak menjadi member alfa aku jadi semangat untuk terus berbelanja disini,apalagi sekarang ada aplikasi alfa gift yg lebih mudah dan praktis,tinggal co langsung diantar..belanja jadi mudah dan banyak poll promo nya!!",2026-07-08 14:29:21,playstore
3d36a7e2-29c6-47b8-9952-c69d5c6ac891,"Aku kasih bintang 🌟 🌟 🌟 🌟 🌟 Terimakasih Alfamart berkat ada aplikasi alfagif belanja bulanan dan keperluan lainnya bisa lebih mudah sangat menghemat waktu praktis banget dan bisa digunakan saat situasi mendesak,banyak promonya dan selalu gratis ongkir produk sesuai dengan pesanan pembayaran mudah dan cepat pengiriman barangnya terimakasih.",2026-07-08 14:23:07,playstore
f060a463-b864-4896-bda3-2b5f59c51d11,"kemarin belanja via aplikasi ,sudah lunas lewat shoppe pay, pengiriman ditunda katanya saya tidak menjawab chat,padahal semua. chat sudah terjawab, lebih parah lagi jumlah yang dipesan dan diantar tidak sesuai ,sangat kurang,via chat di pesanan janji akan diganti,tapi sudah 24 jam lebih tidak ada apapun,sayang sekali team petugas yang berdinas saat itu sungguh buruk komunikasi,attitude,dan kompetensinya",2026-07-08 14:10:01,playstore
0e72aec9-2cd9-429f-b0a4-ca3f9d3963d7,aplikasinya suka tiba2 ke log out jadi harus log in trs setiap mau pakai,2026-07-08 14:00:35,playstore
ad53eb62-f074-4ef4-b873-bd14515968d0,"dari tgl 7 kemarin sampe sekarang aplikasiku gak bisa di buka,tiap di buka nutup sendiri. padahal urgent²nya belanja",2026-07-08 13:12:27,playstore
dbff5fc6-e2db-49e2-b5d0-9fa3ae6644d1,"Aku kasih bintang 5 untuk aplikasi Alfagift karena Belanja Untung dengan program double date di Alfagift. Alfagift memudahkan dalam berbelanja serta Banyak program dan promo yang menarik seperti JSM, TEBUS MURAH, GRATIS PRODUK, HARGA SPECIAL, CASH BACK, DOUBLE DATE, TUKAR POIN DAN MASIH BANYAK LAGI. Seperti double date kemarin 07.07 untung dan senang sekali beli 1 gratis 1. PLUS GRATIS ONGKIR. Semoga Alfagift lebih banyak lagi program belanja Untung Terus kedepannya. Terimakasih Alfagift",2026-07-08 12:03:43,playstore
bda0a846-15c0-4863-8d21-c2fa8eb64c15,bagus,2026-07-08 11:36:39,playstore
29d0f1cb-0c54-48da-ae7b-ce26517921a0,"sulit untuk tukar poin...masa 4-5x tukar poin gagal mulu...disuruh ganti password,udah diganti eh gagal mulu error...",2026-07-08 10:54:42,playstore
46a8cd74-bb3a-453b-9afa-3ec918b38a94,"saya ganti handphone, tapi tdk bisa login aplikasi",2026-07-08 08:29:34,playstore
d9c0702a-8fc0-4057-94ae-20ad40f6b244,smkin k sni pngriman ny jd lama gk segercep dlu tlat ny nympe 2 jm mlah prnah smpe 5 jm,2026-07-08 06:24:19,playstore
f94a9ff3-a89c-4d1e-9688-47ecf02e57cb,Sudah beberapa kali pesanan yang diantar tidak lengkap. Harus datang ke toko untuk mengambil pesanan yg tdk diantar. Menyusahkan karna kami pesan di aplikasi supaya tdk perlu repot ke toko.,2026-07-08 04:37:36,playstore
d2b7a47f-7584-4803-9339-383b0e76190b,semangat yaaaa,2026-07-08 03:58:57,playstore
3412100a-8974-4771-a1e5-b4a76ab49e56,"Padahal udah bagus aplikasinya, tapi gak tau sekarang bermasalah terus pas pembayaran, mengecewakan. mau milih metode pembayaran dimuat terus padahal jaringan gak bermasalah",2026-07-08 02:26:10,playstore
d961f4ad-0099-4ce4-8057-a3378a378082,"Aku kasih bintang 5 untuk aplikasi Alfagift, karena Belanja Untung dengan program Gratis Produk di Alfagift. Suka banget belanja di sini karena sering ada promo beli 1 gratis 1 atau beli paket bundling yang jatuhnya jauh lebih murah. Barang juga langsung diantar ke rumah dengan gratis ongkir pula! Semoga Alfagift sukses terus, jangkauan pengirimannya makin luas, dan tetap konsisten memberikan kepuasan bagi pelanggan agar bisa Bebas Belanja Untung terus kedepannya.",2026-07-08 02:22:34,playstore
699c1120-68bb-4537-b1ae-bbeb0abde059,lelet bgt pelayanannya masalah tidak kunjung Selesei dan solusinya tidak ada itu bukan uang sedikit no ticket 3985926 tidak selesai-selesai mohon dibantu follow up,2026-07-07 23:31:36,playstore
5de43cf0-0bfd-49f5-9a9c-26d4b81e281e,saya rating 1 krn kurir ndk bisa chat watsap. aplikasi jarang saya cek jd pengiriman ditunda krn sy ndk cek aplikasi.,2026-07-07 13:27:46,playstore
c775f9fb-508a-4553-8f8a-0c202765356d,belakangan ini kok makin lelet ya aplikasinya? aplikasi padahal udah update.,2026-07-07 12:45:56,playstore
e62c6d40-0c3f-4f39-81f2-0e2246252839,"aplikasi nya benerin deh, bulan lalu beli offline di Alfamart pas nunjukin Voucher, udah di scan, tapi di struk gada potongan harga nya sekarang, daritadi jam 13.10 sampe sekarang 19.30, masa gk bisa Mulu pesen online kadang voucher nya bisa dipake, kadang nggak gk bisa melanjutkan pembayaran, padahal udah berulang kali terus sekarang? ktanya gabisa ngirim, pengiriman penuh, dikirim nya besok",2026-07-07 12:25:43,playstore
dc6f817e-82bf-44f0-a384-fd94b3ab4ee7,bagusssd,2026-07-07 12:17:21,playstore
3c57f454-d85f-45d7-a3ca-a4c70f455cfb,"aplikasi busuk. mau belanja online aja susah. aplikasi sering error, lemot juga, padahal ini hp main gensin aja lancar. masa buka alfagift lemot. kocak emang",2026-07-07 11:31:00,playstore
cb7dae5f-9baa-4da2-bb2a-49daa298cc66,makin kesini appnya sering crash,2026-07-07 10:54:23,playstore
655b4aac-d05d-4db0-8387-f98ad15f7680,"apa cuma di aku alfagitf ini lemot, lagi pilih belanjaan kadang keluar sendiri, kadang tidak menanggapi. bikin kesel padahal mau co lho.",2026-07-07 10:42:47,playstore
34376e4f-1f1d-4cf3-b7ec-665f12df026b,"dari 2022 saya pake aplikasi ini fine fine aja,skrg sudah sebulan aplikasinya susah diakses,selalu keluar sendiri.",2026-07-07 10:25:30,playstore
f85f542e-bab3-42ba-b3d2-f3c9316cea26,kenapa harus ada minimal belanja,2026-07-07 09:43:47,playstore
ad34383b-bf64-469f-acf1-6e24ecd9ae09,kenapa Akun alfmart saya yg sudah bertahun2 digunakan tiba2 tidak aktif? dengan notif sudah tidak aktif karena permintaan kamu padahal sore masih bisa dipake ditoko tapi malamnya ketika mau pesan lewat alfagif sudah tidak aktif ! Saya sudah hubungi cs & kirim email lewat alfacare tapi nyampe saat ini belum direspon?x,2026-07-07 08:39:29,playstore
9c3a535f-e111-4adb-b649-cd93b1132029,SUPER LEEEEMOOOOOOTTTTTTTT... UDAH LEMOT SAMA IKLAN POP-UP DITAMBAH BUKA STRUKNYA LAMAAAAAAAAAAAAAAAAAA......,2026-07-07 08:19:20,playstore
0dc3e339-3b13-42f9-a865-374cd793c192,harusnya isi saldo adain harga 1 juta ka,2026-07-07 07:13:01,playstore
d50ee054-923d-4f62-9f85-561e850dccbb,banyak stok barang yang sampi bermingu2 dan berbulan2 kosong.,2026-07-07 06:51:06,playstore
06cd61b3-52af-4c9a-9e46-e6c64b19ac7e,"kenapa sudah sebulan tidak bisa dibuka aplikasinya slalu tulisan aplikasi tidak menanggapi? saya juga butuh untuk belanja belanja di alfagift, tolong tanggapannya yaa",2026-07-07 06:33:19,playstore
ae6253b7-197e-4ffa-8990-f9f3884fece7,pilih pengiriman 1 jam setelah pembayaran tapi ttp saja sudah lebih 3 jam masih belum dikirim,2026-07-07 06:00:44,playstore
33223398-b2a4-4f64-8b6a-bd1751de8132,"pengiriman satu jam setelah pembayaran tapi malah diselesaikan secara sepihak, terus deskripsi pelacakan malah pembeli tidak mbalas chat. HEY disini sudah menunggu ya!",2026-07-07 05:58:51,playstore
f6790a99-e95d-435b-ae4d-77dbb882910e,"gercep csnya, pelayanan memuaskan, ramah juga",2026-07-07 05:33:11,playstore
dda0db33-d10e-486b-a5bc-2d1ac2f22a78,kenapa pengiriman lama,2026-07-07 04:31:46,playstore
f3250b56-bd7b-49d6-87b2-9243072f185c,"aktivitas mencurigakan apa coba ,jelas2 no wa dah bener masih aja harus laporan ribet asli",2026-07-07 04:15:40,playstore
cd13aa6f-02df-4bf7-90cb-f7272e0e88ab,kenapa kalau pesan 1 barang selalu ditunda alasan gak direspon langsung ditunda padahal sudah direspon,2026-07-07 03:47:22,playstore
f25fde8c-5e7d-4233-a6bc-89efb094ab7e,"apk jlk, kita sudah beli dan sudah paytmen waktu ketoko nanya apakah bisa pembelian diapk info petugas bisa, waktu kita pembelian eh malah kata petugas nya tidak bisa, padahal jelas jelas kata pegawai bisa penukaran di semua outlet Alfamart, dan waktu kita pembelian tidak ada pemilihan outel langsung ke paytmen berasa Kena tipu sayang saldo dah mending gak usah download dan belaja lagi di sana",2026-07-07 03:20:34,playstore
acfe0807-8c3b-49e5-9e07-3b982f0efa2b,"maaf untuk skrg sy kasi bintang 1, sy mau daftar akun krna prtma kali pake alfagift, semua persetujuan syarat sdh sy baca, semua sdh sy isi, pas mau klik yg buat password, tidak bisa, selalu stuck di hlmn yg sm, tolong dari pihak apk solusinya 🙏🏻",2026-07-07 03:14:45,playstore
01e1b1b8-7d96-4fb8-91a3-a14f6509df69,di coba dulu nantik kalau bagus aku kasih tambah bintang. agak kecewa amak nih aplikasi gak bisa cod kah 😅,2026-07-07 02:57:56,playstore
8424b374-77c4-483d-931d-b96296c1cd75,kak maaf ku kasi bintang 1 soalnya ngebug terus gabisa dibuka aplikasinya padahal ram hp juga masih banyak huhu,2026-07-07 02:48:26,playstore
ca1050d4-c5b6-4adb-a775-f5d955a59696,sudah banyak peningkatan. bintang 5 👍,2026-07-07 02:47:48,playstore
f5802166-ffc2-434a-ae75-ff9f0ff8bc2d,"sorry to say ,tdnya aplikasi ini jd andalan banget tp entah knp skrg jd sangaaaaaaaaaaat lemooot setiap belanja selalu tiba2 keluar sndiri dr aplikasi ,semoga bisa ada perbaikan",2026-07-07 01:58:58,playstore
2c0c04c1-ce35-4bb8-a7d8-a54c868bd488,"Sangat mengecewakan, pembatalan dengan alasan tidak menemuka alamat. saat refund, tertera dikembalikan secara tunai ke alamat saya tapi saya sendiri tidak menerima uang tersebut. Saya email juga tidak ada respon pasti, saya chat melalui aplikasi juga tidak menemukan respon yang pasti. Minta nomor dana dengan alasan akan di tf, tapi tidak ada sama sekali uang masuk ke dana saya.",2026-07-07 00:50:55,playstore
a201f294-eb5a-4e2c-b0e1-eeb444f4ddda,"alfagift saya tidak bisa dibuka, terus muncul pop up aplikasi tidak menanggapi",2026-07-07 00:32:42,playstore
30bc5c31-7e55-43c2-9c31-eac432589f8b,aplikasinya sering error..mgkn spy promo tdk diambil..😄,2026-07-07 00:29:25,playstore
897ed451-1846-4a49-bcbc-26b11fa7d52a,"yang bener aja. beli sesuatu dikasih rentang waktu, tapi gak dikonfirmasiin kapan pastinya dikirim. padahal deket tempatnya. kurirnya pun ngechat kalo mau ngirim doang, dari kita gabisa nanya kapan bisa dikirim. gak worth it ini aplikasi gausah didownload. mending langsung ke alfa aja. Sampah",2026-07-06 15:22:31,playstore
8c61afbc-9cfd-4ca2-929a-57d8094fed2d,kapan aplikasinya bisa dipakai lagi? ga bisa terus... hadeehhhh udah 3 bulan lebih,2026-07-06 15:06:21,playstore
170ab0d9-d886-44b1-9c65-0401a2044f4a,Nama barang dan kode barang bebeda. Barang yang datang berbeda dengan yang dipesan.,2026-07-06 13:33:54,playstore
8e854e77-92d8-406d-9a72-cb30fe528f84,"sangat kecewa tidak ada di toko jual rokok , tapi jual kondom bnyak gokil 😅 , emang nyesal gw download apk ini lebih enak beli langsung lebih praktis tapi jauh",2026-07-06 11:20:59,playstore
7203a29d-1132-46ce-84ec-9ac460b1887f,"aplikasi yang lebih bagus dibanding sebelah, jadi lebih nyaman dan aman pesen disini, ada fitur kontak masuk lebih mudah untuk berkomunikasi",2026-07-06 11:07:51,playstore
536754d4-abcf-4a24-b945-a3209f07c738,"operasional pengiriman kurang efisien, alamat dan no telp sudah tercantum dengan baik di aplikasi sebagai alamat pengiriman.. namun kasir meminta no telp lagi untuk WA.. padahal ada no telp yang diberikan, kenapa harus ditanya ulang? terakhirnya pengiriman saya menjadi telat (sudah mau pulang kerja)",2026-07-06 10:40:21,playstore
75c740ef-59d4-4ead-ab3a-5dc8eb0ee12c,"Sudah berapa kali pesan di Alfagift selalu lewat -+ 1 jam dari estimasi waktu tiba yang dipilih Ga pernah sesuai, kalau memang orderan banyak harusnya Alfa lebih membatasi jumlah order yang masuk",2026-07-06 09:58:44,playstore
98b5fedc-9a62-4dc9-9d16-ba3152fa536b,mantap,2026-07-06 08:04:02,playstore
7bf81f87-a601-479d-8d01-4d2433e9d1f0,"JARAK RUMAH DARI ALFAMART PADAHAL KURANG LEBIH 300 METER TAPI PENGANTARAN BISA SEJAM LEBIH. KARYAWAN PADAHAL LAGI SANTAI, TIDAK ADA PELANGGAN LAIN YANG MAU DIANTAR. MENDING GAK USAH NGADAIN PENGANTARAN",2026-07-06 07:32:12,playstore
3db5a8ff-1af1-4dc7-a461-520cd6ebcc8a,"Susah bgt jir mau beli Nescafe Ice, stok kosong terus",2026-07-06 03:19:15,playstore
e35df667-f1eb-476c-800d-0878289464f9,tolong tingkat lagi kadang eror,2026-07-05 23:54:32,playstore
53099296-1bf9-4e6a-bcbb-c8f659481dc9,"langganan tiap bulan dialfagift banyakkk promonya, pengantaran tepat waktuu, sukses teruss Alfamart, alfagift:)",2026-07-05 15:47:14,playstore
fd85b9ca-2428-4722-9829-86637f57a562,"sebel bgt pesenan online ga dikirim sampe 3 hari jadi aku ajuin pengembalian dana, eh udah seminggu dari pengajuan dananya ga balik2, padahal udah ngadu di apk, ig, sampe email tetep ga ada respon sebel bgt ih uang aku balikin dong",2026-07-05 15:25:51,playstore
c68fd431-0ea5-49f8-9433-87b632018410,Aplikasi terlalu berat diakses.,2026-07-05 15:21:11,playstore
544c0bd8-4f3a-4355-91b6-1e9bdf61be2d,"sangat membantu kalo sedang tidak ada kendaraan, membantu disaat urgent pokoknya sangat oke deh membantu sekali. kurirnya jg oke",2026-07-05 15:20:54,playstore
2585790d-15ef-48bd-b626-363350cf1373,wkkw jir gw beli mi 3rb pas sampe mie nya sudah di kremes sama kurirnya mungkin kesel karna gw beli dikit🗿,2026-07-05 15:02:34,playstore
02d366ab-b669-468b-9a8e-c5ec39f649ac,ribet amat masuk,2026-07-05 13:36:34,playstore
91fef9ad-e593-4ff1-a560-cbfd04659ea1,aplikasi tiba2 tidak bisa digunakan. sudah di install ulang dan log in ulang tetap tidak bisa dipakai. stuck di beranda tidak bisa di scroll atau apapun.,2026-07-05 13:13:14,playstore
d1fb779d-b77e-4680-9efe-29f8f165bf47,gak usah d download percuma ada aplikasi KLO pekerjanya MLS nganterin mending hapus ajah..,2026-07-05 12:21:39,playstore
49b6ad59-d7cd-482a-9958-2dca2576f9a0,vocer subscription tidak bisa pakai tiba2 sudah selesai dan keluar e recipe,2026-07-05 12:20:18,playstore
1a1fb5b7-4b0e-497d-a01e-c7c571fd20ee,keren bangettt pelayanannyaaa,2026-07-05 11:21:50,playstore
c1b5dad6-2dc0-4762-9c12-31cd7b5387e2,"buat apa ada aplikasi tapi tidak semua produk nampil msh harus lewat web, pas lewat web, kadang webnya malah ngaco.. mau belanja aja susah, aplikasi sm web sm aja, dr kmrn mau belanja ssh nya g bs cekout trs aneh.",2026-07-05 11:12:16,playstore
0d5a7322-8bf0-4ce3-b702-faed7f9dae2c,harga blm diganti masih harga lama jadi jauh lebih mahal,2026-07-05 10:38:49,playstore
2b99297f-ddd0-48ba-ab91-c51292faa549,aplikasi sejak diperbarui sering tidak menanggapi. tolong segera diperbaiki. loading produk pun sangat lama.,2026-07-05 09:31:56,playstore
65602de7-8487-4726-b490-bba4af3a019c,ini kenapa ya kok ga bisa di buka alfagift nya keterangan nya kesalahan aplikasi.mau belanja jadi ga bisa nih.,2026-07-05 09:06:25,playstore
f39b4c51-b3c2-43e7-ab5a-933cf5a6430f,"Pesen Barang Instan Jam 11. Status dikirim jam 11 Jam setengah 12 dibilang Pelanggan ga angkat telp, itu HP gw Pantengin dari Jam 11 sampe jam 2 siang blom juga ada telp atau chat.",2026-07-05 07:16:57,playstore
a49f7977-86a4-4440-bd2f-42529d256893,"aplikasi suka mental sendiri. pilihannya ""tunggu atau tutup aplikasi"". sering terjadi. jadi pas lagi butuh malah gak bisa dibuka. sudah dicoba di Jaringan manapun selalu begitu.",2026-07-05 06:41:28,playstore
953737d4-c1c7-4265-9779-ddc6f0a68ad0,Full dengan notif yang menyampah,2026-07-05 05:16:50,playstore
e2aa80f6-85ae-430e-8796-62cfb4bc2953,alfagift saya gak bisa login akun dah benar password dah benar tapi tidak bisa masuk,2026-07-05 05:12:25,playstore
ac10c326-7f5f-453d-9c60-9f286ab9c072,"pelayanan buruk, pesanan saya tidak dilayani dengan baik dengan chatting yang juga tidak dibalas dengan baik. giliran minta di cancel saja malah bilang saya yang hanya coba2 transaksi, dikira saya beli gk niat, pihak Alfamart yang salah bahkan cara menanggapi juga dengan bahasa low education, eh saya yg tidak dianggap mampu pesan. pake alasan coba coba transaksi pula",2026-07-05 04:31:13,playstore
a878bfd9-4a70-453e-9bc0-a00bc3c521f4,"aplikasi bagus banyak promo, tapi sayang petugas Alfa nya banyak yg curang. no member yg di masukin bukan no customer tapi no kasir. hampir di semua gerai Alfa, apalagi yg Deket sama fasilitas umum customer ngantri jarang ada yg di kasih struk. ngumpulin poin buat kasir doang. mau scan lewat aplikasi kadang ngga bawa hp.",2026-07-05 03:58:57,playstore
bc972657-a620-4884-80f0-7603def966e8,"mempermudah saat berbelanja tanpa harus pergi ke toko langsung,langsung dikirim ke rumah dan harga banyak yang promo",2026-07-05 02:24:56,playstore
7af129aa-779c-4425-be64-af11d95ee35b,"kecewa bgt, padahal pesen 2 pouch susu bendera, tapi yang datang cuma 1 di komplain gak ada balasan apapun padahal sudah langganan, tapi di bikin ill feel",2026-07-05 00:44:30,playstore
0a83f574-09fb-45b2-88a0-383b4b82cf4c,"versi terbaru malah jadi freeze dan force close terus, sudah email kendala tapi seminggu juga belum teratasi. kalau begini bukannya memudahkan, tapi merepotkan padahal cuma mau belanja. mohon diperbaiki aplikasinya biar tidak freeze dan force close.",2026-07-05 00:30:16,playstore
e75edc58-6e5e-47f6-852d-4ec5441804de,mantap,2026-07-05 00:12:05,playstore
e5c81856-4cce-4358-a5c6-f4431555d3e1,"belanja langsung ke toko , malah dikibulin kasirnya , barang yg gk di beli malah di masukkin struk digital dan gk dikasih struk kertasnya 👎👎👎👎👎👎👎👎👎👎",2026-07-05 00:05:37,playstore
fe9f1c91-7e22-4130-ba1c-e7c37a9c2ad3,sangat bagus,2026-07-04 20:35:31,playstore
354bc200-c25b-49f6-b7bc-9d33e942da12,"sy pelanggan setia alfagift sdh lama saat ini merasa kecewa berat saat checkout ternyata ada ongkir hrs min25K blnja, pdhl dari stiap 1 item itu kita kena pajak +ongkir jd double, mnding batalkan pesanan lalu leave apk, kecewa saat dibanggakan jd berlebihan",2026-07-04 20:07:18,playstore
3482f734-9fec-4b59-b3ef-ec46fba9392d,"buat yg punya alfagift Tolongg plss tambah in wktu nya smpe jam 22.00 aja jngn jam 21.00 , biar enk aja min ☺️",2026-07-04 14:50:02,playstore
ca112372-1a76-4057-8ef1-14f84a2666f5,"anter makanan/minuman nya lama bgt, kudu nunggu berjam²",2026-07-04 12:51:20,playstore
98cb7a95-1f7f-4241-aea8-71f6eea1fd36,"Lama lama ngaco, pesanan sering kurang tp toko ga konfirmasi samsek",2026-07-04 11:00:51,playstore
7e16f367-db6a-46e3-bc1e-954d6ca8c855,sebenarnya sangat membantu tapi sayang apk nya sering errorr mohon diperbaiki doongg!!!!!!,2026-07-04 10:39:07,playstore
fd85e86c-f875-4705-9556-b4157dac8db9,"demi apapun, setelah update ulang alfagift jadi super duper lemoooottt. udh gtu selalu kluar tiba². baru kali ini bener² banget. lemot nya mengalahkan midikring. hadeeh",2026-07-04 09:37:26,playstore
e7f8f8a8-969c-400d-8389-a4ff187f8c51,Mau belanja aja sulit bga,2026-07-04 08:46:18,playstore
de2c0651-7071-4092-9f70-829f2591bab7,apl nya kurang cepat coneknya mohon diperbaiki agar lebih baik lagi,2026-07-04 07:51:54,playstore
0cf526e9-891a-44f0-9704-d4cab70d7fcf,lama banget pengirimannya,2026-07-04 07:50:03,playstore
534c0480-bec1-43d1-8c13-baf6134795f0,"mengecewakan pdhl kita sdh pilih pengiriman 1jam setelah di bayar tpi nyatanya 3 jam lebih ga di kirim²,apalagi ada pesan otomatis "" pengiriman tertunda karena kita tidak membalas"" heyyy dari mana gue gak balasnya anjirrr gapernah sekecewa ini sebelumnya jdi.tolong di perbaiki lagi untuk pelayanan",2026-07-04 06:39:34,playstore
35b05056-fb76-40ff-924a-da4c6df499a0,"ga bagus pelayanan costumer service, alfagiftnya ga jelas, mau keluhkan oermasalahan alfagift, giliran di telpon malah kaya suara kresek kresek.",2026-07-04 06:21:38,playstore
b66ca33c-feb5-40ed-b29f-a3606a6e2c46,tidak bisa login atau ngga dibuka,2026-07-04 04:04:41,playstore
20d1fa7d-06d3-4546-ad13-9871bfd5e800,mantap,2026-07-04 02:47:58,playstore
3e20be5b-6048-48bf-b698-99b0c48458bb,3 hari lalu belanja lewat alfagift dgn pilihan delivery dan pembayaran VA BCA. Salah satu barang pesanan saya di aplikasi tertera barang ready tapi ternyata barang kosong dan pengiriman saya dibatalkan dr toko dgn alasan pelanggan hanya coba2 transaksi. Ini fitnah namanya. Sdh begitu pengajuan pengembalian dana saya sdh masuk hari ke3 belum selesai diproses. Ini tentu membuat saya kapok untuk belanja lagi lewat aplikasi kecuali bisa COD. Diam2 uang nyangkut di aplikasi.,2026-07-04 02:44:20,playstore
1cccf7c1-8ecf-4dac-a24a-1536f2885660,alamat & ketrgan sdh lengkap diaplikasi + no telpon. kata adminnya tdk bisa terlihat no telpon & ktrgan yg diberikan😫😫😵😵,2026-07-04 02:10:56,playstore
c296b26a-c543-486c-a4b9-28154e1a5358,"percuma deh install aplikasi ini kalo orang dalamnya keep barang ... niat mau beli hotwheels diaplikasi sisa 5 pas disamperin sisa 1 bahkan 0 dibilang ga ada lah, alasan apalah, belum di inputlah, kalo suka yah beli lah jangan di keep. bego bener pegawai kaya gini. pecat2in aja pegawai kaya gini, lagian detail yg tersisa harusnya dikasih tahu di aplikasi jangan random ... kalo udeh diperbaiki nanti diganti bintang 5",2026-07-04 01:36:55,playstore
cf6ce14a-63d6-4f5e-b714-3951cd33a413,"uninstal aahhhh blanja online pick up tidak bisa di atas 21:00 hey DEV nanti kalah bersaing sma kopdes l, pick up ini bkn takeaway kan online dan ada toko yang 24 jam on kan payah rokok juga tidak bisaaa di beli stgaaa",2026-07-03 16:18:48,playstore
f19b0418-916d-44dd-9dfa-8c77f4296f36,"Sangat membantu, awal² dipake apk ini sangat nyaman tanpa kendala lemot². Lama² sangat lemot, dibuka butuh waktu kadang apk keluar sendiri tidak bisa dibuka. Mungkin apa dari penyimpanan atau gimana ya 😪",2026-07-03 14:50:53,playstore
58bb8510-7cf0-4ec5-a93a-41524fe2b020,"lumayan membantu sih . cuma petugas sering membuat status pesanan udah sampai . padahal barang belum diterima dan barang sering gak lengkap jadi harus nunggu lagi buat kelengkapan barang nya . saran dong kasi kenyamanan konsumen buat komplain di aplikasi nya biar petugas gak semena-mena ,gak ada menu komplain .yang ada cuma artikel doang",2026-07-03 14:34:21,playstore
0601afed-e02e-46b0-98cd-219fdb5e8230,"sudah 2 Minggu aplikasi crash tidak bisa dibuka, saya coba ganti hp tetap ga bisa buka",2026-07-03 14:30:43,playstore
2ca0c1a4-d123-46a1-8f85-a0a87380979a,"Salah satu hal yang paling membantu dari aplikasi Alfagift adalah beragam promo gratis produk yang sering ditawarkan, yang sangat berharga untuk memenuhi kebutuhan harian tanpa biaya tambahan. Setiap kali ada penawaran seperti beli satu gratis satu, atau penukaran poin dengan barang secara cuma-cuma, saya bisa mendapatkan kebutuhan tambahan seperti camilan, minuman, atau perlengkapan kecil sekaligus dengan belanja biasa saja. Ini tentu sangat meringankan pengeluaran, apalagi untuk kebutuhan yang",2026-07-03 14:07:32,playstore
683d0da5-f4fd-4b65-8cb2-bfb9ed62404f,aplikasi tlol ngeleg mulu udh ada internet mau bayar gak bisa katanya gak ada internet Poin gw 8k padahal udah disiapin,2026-07-03 13:50:23,playstore
5e6b1273-2e3f-435b-b03d-12b85252848b,"ga bisa ganti pembayaran haduh, malahan pas ke Mandiri nggak bisa ditemukan nomornya, aneh banget",2026-07-03 12:30:57,playstore
a96cf4dd-6bc9-4139-ae75-dcd67488da93,"sangat membantu sih buat yang males jalan,cuman tolong di perbaiki dan perhatikan lagi itu pesannya ada yang salah gak sesuai apa yang dipesan sama di antar",2026-07-03 10:18:01,playstore
846af0a1-fb6e-4d86-863c-5a4cbe36fdc2,"payaaaaaahhh skrg jelek banget pelayanan tokonya, notif dr aplikasi jg ga update PAYAH",2026-07-03 09:20:45,playstore
15be400e-ad45-49e0-8fb5-cbb97b115a56,Aplikasi yang sangat berguna untuk belanja,2026-07-03 07:33:49,playstore
2fc17a5e-3ebd-4d31-a1a4-30d0f9b43390,chat toko online tapi pesan nya centang 1 terus. jadi miss komunikasi sama yg antar. barang yg harussnya cpt di pake nunggu nya luama. kalo ga niat bikin apk ga usah bikin. buat emosi aja.,2026-07-03 07:22:29,playstore
acdfb5f4-4173-4e69-b7a6-360aa9da2730,"Aku kasih bintang 5 untuk alfagift,karena belanja untung dengan program favoritku JSM di Alfagift, Biasanya q belanja bulanan di alfagift, wow banyak diskonnya dan dan banyak cashback juga double poin,untungnya jadi berkali2 lipat dan hemat.Suka belanja sembako dan sabun cucu di alfagift tinggal pencet2 g perlu repot belanjaan datang dgn cepat,Harapan buat alfagift semoga semakin banyak promonya dan hadiah2nya juga makin banyak dan menarik,costumer puas belanja di alfagift sukses best 🥳🥳🥳🥳🥳",2026-07-03 07:05:53,playstore
447988a2-d338-4561-821b-7569090603bd,"aplikasi ini sangat membantu sekali, memudahkan berbelanja dan menghemat waktu",2026-07-03 06:57:34,playstore
2ee98c51-2960-4c35-937f-325cfbb7f01c,"bagus, memudahkan kami yg suka stay dirumah utk berbelanja, tapi kendala nya kadang aplikasi nya susah dibuka. upgrade donk",2026-07-03 06:33:40,playstore
4542501d-daa9-4d59-b98d-ac04a35c7ae2,setiap buka aplikasi selalu keluar sendiri.. pengiriman kadang cepet kadang lelet,2026-07-03 05:39:38,playstore
56cebcaf-a032-470f-b3e0-edf144b239e9,sudah di-update malah keluar sendiri terus saat dibuka. ada apa sihh kenapa aplikasinya makin bad,2026-07-03 04:26:47,playstore
41c3ced5-e42b-409b-b7fd-096f991713ac,hapus aplikasi ini segera. saat bayar tdk di bebankan ongkos kirim. setelah brg sampai di cas ongkir 5 rb. dr alfa mart ke rumah sy gk sampai 1 km. ngpain buang2 ongkir jikalau mmg di cas kan. tujuan alfagift adalah untuk mempermudah ibu2 di rumah belanja bukan untuk memperkaya kalian. memang pantas kalian di demo tutup.,2026-07-03 03:09:55,playstore
99cd51cb-0885-4168-8811-a62dec6b5d55,Pelayanannya sih cepet dan bagus tapi aplikasinya ya ampun... sinyal full tapi loading banget. Malah muncul pilihan tutup aplikasi atau tunggu. Berulang kali login tetep aja susah padahal tinggal check out aja,2026-07-03 02:42:17,playstore
bd621c6c-7d2b-45a4-afa2-814f8ed999c5,kenapa ya tiap buka aplikasinya selalu keluar sendiri dan ga bisa klik apapun,2026-07-03 01:59:47,playstore
79f16c5a-756e-4faf-8804-5678741607ee,"cukup kecewa karna tiba tiba aplikasi jadi sangat berat untuk load. baru buka homepage langsung ngefreeze, berat untuk di scroll saat cari barang. sering tidak respon. saya jadi males mau belanja pake aplikasi gini. coba di update lagi ya karna sebelumnya ringan ringan saja. terimakasih",2026-07-03 01:18:53,playstore
3e0c8a98-d1d9-485c-978b-3202fcb06c9f,"Aplikasinya sangat membantu walau awalnya saya belum terbiasa dengan perbedaan harga di aplikasi dan di toko, mungkin karena ada promo khusus member. Sejauh ini top. Saran untuk pihak toko: sediakan alat scan harga mandiri supaya customer bisa cek harga sendiri dan mengurangi risiko selisih harga antara label di rak dengan sistem kasir.",2026-07-03 00:34:53,playstore
b1fc390f-c92d-4e5f-84ac-c2a2b3c35ad7,"senang sekali belanja dialfagift banyak produk yang bisa ditebus murah,selain itu banyak voucher promo juga,semoga kedepannya makin banyak promo dan voucher biar belanja jadi lebih murah dan hemat",2026-07-02 23:09:04,playstore
0cb9f469-9a61-48c0-9d7c-ef72aec68325,"malesss bangettt, 3 jam saya tunggu gak datang datang padahal sudah bayarr. berakhir saya samperin ke alfamartnya langsung.",2026-07-02 16:50:29,playstore
2b50575a-45ed-42cf-8e11-7c8298321886,"BELUM DI KIRIM UDH KONFIR DULUAN MANA DATANGNYA BISA 4-5 JAM PADAHAL MAKSIMAL 1 JAM PEMBAYARAN ,GA GUNA BGT ALFAGIFT",2026-07-02 15:11:31,playstore
63f6eb8c-5f26-453d-a967-cd152f69d16c,"kenapa sekarang Alfa gilf jadi lemot,, tiba tiba balik lagi balik lagi,,,",2026-07-02 14:49:41,playstore
188b5baa-ef89-4e7a-a5c2-9c25a22eb73f,gak bisa dibuka apa nya yang salah ya setiap masuk keluar lagi,2026-07-02 14:05:28,playstore
cd2a8423-4841-46a9-a11a-c8998fc88997,"Aku kasih bintang 5 untuk aplikasi Alfagift karena belanja jadi lebih hemat berkat program Gratis Produk. Awalnya coba karena penasaran, ternyata prosesnya mudah dan produknya benar-benar didapat sesuai promo. Selain itu, aplikasinya juga praktis, pilihan produknya lengkap, dan sering ada promo menarik. Semoga Alfagift terus menghadirkan program Gratis Produk dan semakin banyak promo supaya pelanggan bisa terus merasakan Bebas Belanja Untung. Sukses selalu, Alfagift!",2026-07-02 13:38:23,playstore
e0aeba16-ba3e-499e-bcbd-94a3acb3cc12,"tidak ada kejelasan dari kurir, dm di apk juga ga ada notif, balesnya lama.. giliran ga ke respon ke cancel, pengembalian dananya juga ga tau gimana, udh nge chat toko tapi ga diresponn huh",2026-07-02 12:39:28,playstore
05f84a8f-a66c-44a9-9751-73d14e1fabd9,kenapa saya tidak bisa mendaftar alfagift dari hp ya min,2026-07-02 12:31:38,playstore
59c12cca-a7dd-483c-8e63-79cd58e48df6,aplikasi nya buruk beda dgn sebelam koin saya sudah bnyak.tp hp dan no saya tidak aktif lg. tidak ada jalan lain untuk msukm jd hangus saja koin nya.kalau d htung 1 bulan saya blanja mkin di atas 2jutaan trus.,2026-07-02 12:26:06,playstore
36447557-8f43-4bea-97e5-68701e284ddd,"udah belanja biar dapet star, malah lama banget prosesnya lemot. ditungguin sampe 25jam dan ush chat cs baru masuk starnya, tapi voc nya udh abis. lelet banget alfagift mana barang sering kurang walau dikirim lagi",2026-07-02 12:23:56,playstore
0b0dea22-29bd-487c-aecb-1388db51c7bb,"Banyak promo, ada voucher dr aplikasi , banyak tebus murahnya, free pengantaran kerumah, cma 15menit dh dianter krmh🥰 Terimakasih Alfagift🫰🏻",2026-07-02 10:33:57,playstore
a41bc85f-542b-4a41-8011-1a37a51c717c,"tolong dong, bekali kali selalu pesanan yg DTG banyak yg kurang, dulu saya maklum i udah lama, barangnya selalu kurang, d chat ga pernah bls, kalo gini terus gmn masa iya harus maklum terus",2026-07-02 10:08:30,playstore
21236963-b223-4077-942f-66cd60fe5a93,"Aku kasih bintang 5 untuk aplikasi Alfagift, karena belanja jadi lebih untung dengan program Harga Spesial dan Tebus Murah di Alfagift. Belanja bulanan lewat aplikasi Alfagift sangat mudah, prosesnya cepat, dan banyak pilihan promo yang membuat pengeluaranku jadi lebih hemat. Selain itu, pembayaran juga praktis dan pesanan diproses dengan cepat. Semoga ke depannya Alfagift semakin banyak menghadirkan promo menarik, produknya semakin lengkap, dan terus memberikan pengalaman belanja yang mudah.",2026-07-02 10:01:11,playstore
a4bfbd6f-0bc1-4f2f-8ade-bb10bbf1edf4,"sebenarnya bagus bisa meringankan,tapi order dari 12.40 sampe 16.47 tidak ada pergerakan sama sekali dengan alasan overload dan kekurangan kurir itu aja ditanya pas masih 14.19. gimana ini udah banyak keluhan tidak ada perbaikan.",2026-07-02 09:53:59,playstore
528ee479-a217-4222-bc72-4561e9efb693,"kok tambah parah sih woi, bisa bisa nya milih pengiriman sejam ini sampe 2 jam lebih ga dikirim kirim???",2026-07-02 09:40:40,playstore
15234903-f4b5-45b6-80b2-2a95687e7e3e,"Ini kenapa sih dengan apk.Alfagift? Setiap dibuka, pasti muncul tulisan ""Alfagift tidak menanggapi"". Padahal udah saya Update. Mending saya hapus aja Aplikasinya😇",2026-07-02 08:29:39,playstore
45a51dfe-995b-45d6-aa2e-c366f9ee2f29,kumpulin point sampe 8000 giliran mau di tukar paket data produk tidak tersedia..kocak ..,2026-07-02 08:27:13,playstore
578e306e-5986-486a-9df0-21921588cebd,"saya kasih bintang 5 utk aplikasi alfagift, karena belanja untung dg program tempel voucher yg nmpel di alfagift. senang sekali sering di kasih voucher tiap bulannya dr gratis produk/voucher potongan dg adanya voucher itu belanja jd lebih hemat lovee alfagift sllu setia blnja di alfagift mna gratis ongkir pula. harapannya utk alfagift semoga makin jaya dan selalu berbagi voucher menarik tiap bulannya supaya bebas belanja untung tiap bulannya terimakasih alfagift sangat membantu.",2026-07-02 08:04:28,playstore
75094286-5042-4618-916f-8b9d4c05b861,Untuk versi lama,2026-07-02 07:23:04,playstore
599f0431-5b4a-4fe2-87cc-9479b361fe40,"aplikasi ini membantu si tapi duhh pengantaran ko lama bnget padahal udah pilih yang 1 jam, ini sampe 4 jam baru sampe rumah",2026-07-02 07:01:35,playstore
eb701e03-6ed4-4cfb-bcf3-de20e7b665dc,"udh di update tapi jd lemot bnr aplikasi nya, dikira HP nya yg lemot eh tau nya aplikasi nya, biasa nya cepet buka produk2 ini mah smpe hang dulu baru bs ke buka, gmn ini alfagift???",2026-07-02 06:05:04,playstore
ff082146-9852-493d-9da9-5e4c5027a927,"Aku kasih bintang 5 untuk applikasi alfagift, karna belanja untung dengan program buy 1 get 1 di alfagift, Saya dimudahkan karna bisa pesan langsung dan bayar dr applikasi, ambil di toko tanpa antri ataupun antar kerumah tanpa harus ribet2 keluar. Semoga kedepannya bs lebih banyak promo dan kemudahan"" dalam berbelanja menggunakan applikasi alfagift. keep up the good services. terima kasih.",2026-07-02 03:03:34,playstore
030d0af6-4f50-4dd6-9111-5ba76972ee24,Aku kasih bintang 5 untuk aplikasi alfagift karena belanja untung dengan program Harga Spesial di Alfagift. Aku belanja popok bayi dan sabun cuci piring senilai Rp. 81.300 aku dapat voucher potongan sebesar Rp. 10.000 (minimal pembelian Rp. 75.000) dan potongan diskon sehingga harganya lebih murah di Alfagift. Semoga Alfagift tetap bertahan dan semakin sukses supaya bebas belanja untung terus kedepannya 🤲🏻😊,2026-07-02 00:47:52,playstore
b1493bc7-5df4-4770-a99c-cac069ed6228,tolong untuk semua karyawan Alfa untuk harga barang disusun berdasarkan harga Krn kadang di beberapa outlet tidak pasang harga produk sama sekali tolong,2026-07-02 00:32:58,playstore
1bdb2a7e-110a-41fe-bace-5ce85d6fd82c,"saya kasih bintang 1 sudah baik. Aplikasi Sampah bikin malu aja, sudah bbrp kali tukar Poin jd voucher saat di scan kata Kasir Voucher tidak ditemukan. Redeem via pulsa/data pun sama aja gak ada fungsinya. sia sia belanja pake Ponta buat cari poin tp poin nya cuma gimmic !!!!",2026-07-02 00:30:19,playstore
815e1a0b-8c93-4779-b7e9-dae0d6109c8b,"Aku kasih bintang 5 untuk aplikasi Alfagift, karena Belanja Untung dengan program PSM Belanja Hemat dan Banyak voucher menarik yang bisa digunakan, sehingga belanja jadi lebih hemat. Berkat sering menggunakan Alfagift, saya juga berhasil menjadi Member Royal. Harapan saya, semoga Alfagift terus menghadirkan promo dan voucher terbaik agar pelanggan bisa bebas belanja, tetap hemat, dan semakin nyaman berbelanja di Alfagift. ⭐⭐⭐⭐⭐",2026-07-01 22:51:17,playstore
5b8712b5-8c85-4622-8ef5-0d65dd0c040a,kenapa sekarang buka aplikasi tiba2 keluar jadi blm klik udah keluar dari aplikasi,2026-07-01 22:06:06,playstore
983e05f8-e7e5-4e49-93fd-e271f3e78b55,"BINTANG 5 buat aplikasi yang selalu bantu akuu dimanapun aku beradaa, terimakasih buat alfagift khusunya buat wilayah Kotamobagu karena membantu aku bangett yang kalau mau baking atau beli keperluan tinggal buka aplikasi ini pilih yang di antar 1 jam tapi ga nyampe 1 jam belanjaan udah di depan rumah, ditambah lagi dengan vocer2 cashback yang menguntungkan aku sebagai customer jugaaa. jujur kalau mau suruh kasih saran bingung karena menurut ku ini udaahhh perfect bgtt jdi pertahankan aja sihh",2026-07-01 21:58:38,playstore
9cb80e3e-defa-44f9-8399-36d375b84163,"Proses pencarian toko di Alfagift ribet sekali. jd ketika kita memindahkan titik lokasi di map, kita tidak bisa mengunci titik lokasi tsb. akibatnya daftar toko yg muncul selalu otomatis balik lagi ke lokasi disekitar kita berada. Lalu harga barang di alfagift pun ternyata kadang berbeda dgn di toko. jd app ini gak bisa dipakai sbg pegangan utk mengetahui update hrg2 barang yg dijual di toko Alfamart. jd gak cocok untuk pedagang yg suka beli barang utk dijual lagi.",2026-07-01 21:36:31,playstore
b7700d92-923c-41e2-97e6-216e818d43fd,aplikasi keluar sendiri,2026-07-01 15:45:10,playstore
a2a8e067-e2dc-4570-8743-e2acaec7c999,"aplikasi lu ngecrash udah mau semingguan, jangan salahin pengguna bilang jaringan, hp lemot, hapus cache dll gua pake wifi, udah gua hapus cache sama unistall tetep aja sama.. mending lu apus itu game"" apa tuh bikin lemot, lagian ga semua orang bakal ngeakses fitur game.. perbaikin",2026-07-01 15:13:48,playstore
e45a6cfd-4e2b-44b4-86a3-41d1e68af96b,gak jelasvocher paket khusus belanjan priode sampe 16 Agustus 2026 gue beli voucer 12.000 lewat alfagif lewat bayar dana selesai lagi beli produk khaf oil ance care 100 ml harga 46.000 dengan uang 50 ribu jadi dengan gue modal 46.000beli di kurangi 12.000 (voucer gue beli sendiri alfagif parahhh lewat bayardana)jadi sama aja gue beli 58.000 lol.rugi gue bukanya untung malah giniiii bukti struk Bon 2 GY1_256_01078VH5 bukti beli vouceralfagif Ref . S -26070-AGLMLDN beli di 2GY1 pagelaran malimping,2026-07-01 14:15:32,playstore
bfa9e2ac-1a11-4096-b75b-74735d357c6f,ngasih bintang 5 karena benar benar worth it untuk belanja dari rumah . untuk aku yang kadang mager belanja keluar rumah . aplikasi alfagift sangatlah membantu apalagi voucher nya belanja 75.000 dapat potongan 10.000 sangat bermanfaat. saran saya semoga makin banyak voucher potongan belanja untuk pelanggan pelanggan nya hihi .maaciw,2026-07-01 14:10:02,playstore
2b7c24d3-4ab3-4e10-bba3-6a345b836139,"Super Keren Aplikasinya, Rutin belanja disini",2026-07-01 12:15:57,playstore
c6229720-a8b1-4eeb-92f6-2d03e21e5472,kok udah seminggu ini aplikasi tidak bisa digunakan terus 🫠🫠,2026-07-01 11:52:01,playstore
65a36306-1f40-401e-87dc-f96d05d81994,"kecewa. saat tanya baik di chat terkait pesanan di jawab agak tidak mengenak'kan, trus di batalkan sepihak pengiriman, sdh nggu lama pengiriman, malah di batalkan sepihak, uang tidak lgsg di kembalikan, nggu sampai 3-4 hri.",2026-07-01 10:47:30,playstore
7252753b-3e2d-48b9-a074-acf7a98d08a9,"lama banget pengirimannya Sangat"" slow respon saat saya bertanya untuk pesanan saya jika memang ada kendala tolong langsung konfirmasi atau kesalahan dari customer jika ada kesalah pahaman jangan diem aja",2026-07-01 10:46:47,playstore
77e20284-e1aa-41fe-881e-9f9bf4fc6d4f,"Pesan alfagift barang tidak dikirim padahal udah 10 hari, minta refund malah ditolak",2026-07-01 10:16:03,playstore
9349b03d-663b-4e00-ab06-084c32c5ff56,"baru instal buat daftar aja sulitnya minta ampun,padahal email Udah,nomer udah. semua bner tapi sulitnya eugh",2026-07-01 09:35:56,playstore
8b41a8e5-b243-4ace-b968-3b33123e6262,"pin saya selalu bermasalah ketika ingin menukarkan A-poin, ini sudah akun kedua kendala nya juga sama... mungkin bisa untuk upgrade dan mengirimkan notif mengenai kendala",2026-07-01 09:30:19,playstore
0a068c52-3514-4ff3-ad38-2e31ce098a0a,pengiriman lambat...sementara harus bayar ongkir...lambat pokonya,2026-07-01 08:48:38,playstore
c1235511-97a5-4d18-b345-0ca3364f936e,"kenapa ya alfagift aku error di buka nya, selalu muncul ""alfagift tidak ada tanggapan"" dibuka di HP lain pun sama gitu, sudah di uninstal trus download ulang berkali² tetap sama, udah stengah bulan lebih loh jadinya susah banget ngecek ada promo, biasanya terbantu banget dengan aplikasi ini, sekarang kok malah kaya gini",2026-07-01 08:45:36,playstore
1f567872-8899-4607-8818-cd13a19e6217,bagus banget ⭐️⭐️⭐️⭐️⭐️,2026-07-01 08:42:43,playstore
19f68c38-28be-4f15-b81c-d63c489b9b5d,Aplikasi yang paling bagus banget untuk saya yang mencari makanan dan minuman dimana saja.,2026-07-01 08:27:52,playstore
9ec27fea-285b-40e9-8b1e-c4295791576f,"suka sekali kalo sudah berbelanja di Alfamart, kalo aku belanja lewat aplikasi selalu aku kasih bintang 5 karena sering dpat promo menarik dan kdang juga free ongkir untuk toko terdekat. Untuk Alfamart dan Alfamidi sukses selalu yaa dan semoga pelayanan terbaik mu tetap selalu menjadi dambaan setiap customer saat berbelanja, dan jangan sewot2 yaa kasir nya 🤗 Sukses selalu 💕",2026-07-01 07:46:35,playstore
abe83062-2915-4a28-9f18-552d6140a139,"pengiriman lelet banget, waktu pengirimannya sangat jauh dari waktu jam antar di aplikasi...masa pesan pagi-pagi sampai sore baru diantar...amat sangat mengecewakan... harusnya ada opsi cancel otomatis kalau sampai batas waktu yang ditentukan barang belum bisa dikirim...",2026-07-01 07:31:43,playstore
3a989a6e-47a4-4ce7-abc5-247c7e713bab,"Aku kasih bintang 5 utk aplikasi Alfagift, karena belanja untung dengan program Harga spesial. Berulang kali beli popok lewat aplikasi dapet diskon gede banget. terus gak pelru repot ke retail buat nyari stoknya ada/gak, tinggal scroll aja dan pembayarannya mudah banget bisa pake cod. Paling seneng bayar pake cod terus ada pilihan nominal uangnya berapa jadi kurir tau sendiri mesti bawa kembalian atau gak. Semoga kedepannya Alfagift bisa perbaiki waktu pengirimannya. Kdg sesuai, kdg lebih cpt.",2026-07-01 07:03:37,playstore
e73ed239-302b-43cf-a28d-13b99d8ca051,Aku kasih bintang 5 untuk aplikasi alfagift karena belanja untung dengan progam voucher diskon pembayaran ovo di Alfagift aku belanja kebutuhan dan stok camilan dari harga 110an cuma bayar 70an karena promo dan tambahan voucher harapan aku banyakin promonya lagi ya min hehhehe,2026-07-01 06:58:59,playstore
54e3d843-f851-4eeb-a683-1c91c6ef524e,aplikasi buruk gk bisa pesan,2026-07-01 06:53:34,playstore
d3ddad83-19e7-45bb-8196-57841641e3c4,"aku kasih bintang 5 Krn belanja untung dgn promo PSM, promo gantung dan banyak lagi🥰 aku suka belanja produk harian Krn promonya menarik misal promo gantung belanja diatas 50/75k bisa tebus produk sangat hemat belanja di alfagift. pelayanannya cpt kita bisa atur jam pengantaran barang. kurirnya juga ramah selalu chat dulu sebelum kirim barang🥰 semoga kedepannya makin byk promo yg menarik dan diskon yg byk. makin sukses Alfamart dan alfagift💕",2026-07-01 06:23:36,playstore
93aa01d5-94af-4413-9f62-7e86b4533b28,awalnya saya sangat senang dan tertarik belanja terus tp tiba-tiba MALAS karena pesan online nya yang dikirim 3 hari baru di antar DI TIADAKAN. (PRODUK ONLINE) ayo dong tolong di muncul kan lagi produk Online nya. kita butuh terimakasih,2026-07-01 06:07:59,playstore
b519e502-d675-4ec5-82dd-24b4cffc851b,"kurir nya cepat nyampek sesuai pesanan yang di aplikasi nya jam nya sesuai , anggota atau kostumer nya cepat banget responnya",2026-07-01 06:01:16,playstore
3e164ae7-046f-40df-8c2b-e8bd2255b198,"-aku kasih bintang 5 untuk alfagift, karna belanja untung dengan program tebus murah/harga special/gratis promo/paket/cashback -bahagianya selalu dapat gratis promo dan tebus murah, dan gratis ongkir setiap Deliv -harapan saya semoga alfagift sukses selalu - untuk Alfagift supaya bebas belanja untung terus kedepanya",2026-07-01 05:19:25,playstore
565b5be8-7d31-41a3-b205-631638ab37ee,"Aku kasih bintang 5 untuk aplikasi alfagift, Karna aku belanja Hemat dengan program harga special * Happy banget, waktu itu aku lagi males keluar untung ada aplikasi alfagift sangat membantu untuk pesan barang dari rumah . dan lebih happy nya lagi aku belanja pakai Voucher potongan produk di alfagift.💖 Semoga alfagift selalu tetap memberikan pelayanan dan promosi setiap hari nya agar customernya happy karna untung terus belanja nya dn makin hemat. Terimakasih Alfagift&Alfamart💖",2026-07-01 05:10:44,playstore
3cac84ed-b8c5-42e2-a7cf-be035fabb548,"belanja hemat banget klo pas promo jusami ❤️⭐️ klo belanja pengiriman cepat kurirnya satset banget 🛵 semoga alfagift setia menemani emak"" yg suka diskonan 😁",2026-07-01 05:07:33,playstore
03bf4b37-e4c6-4f0c-a6a9-ba19498aa239,"aku kasih bintang 5 untuk aplikasi Alfagift, karena Belanja untung dengan program semuanya terutama JSM gratis produk, tgl kembar,tebus murah. aku suka banget Belanja lwt Alfagift karna lbh hemat dan lbh untung udah gitu gratis ongkir lagi,kalo saya belanja di Alfagift saya suka bgt liat2 kalo promo gratis produk,JSM,Tgl kembar, dan juga bisa tebus murah yg bisa tambah untung buat kita. semoga bisa terus ada program"" spesial lainnya dan gratis ongkir dari Alfagift, love u Alfagift.",2026-07-01 05:00:31,playstore
3139cf62-32fc-4601-8651-1757c7c0d933,"susu ultra sedus sama vsoy 6 biji ga di antar2 padahal udah 1 bulanan, pdhl cm antar Balikpapan, kalah2in shopee",2026-07-01 04:47:02,playstore
f9704281-5ef0-4d9a-b516-a87ddfd1ce32,"Aku kasih bintang 5 untuk aplikasi Alfagift, karena Belanja Untung dengan program Tebus Murah di Alfagift. Pengalamanku menggunakan program Tebus Murah sangat memuaskan karena bisa membeli produk kebutuhan sehari-hari dengan harga yang lebih terjangkau. Selain banyak pilihan promo, proses transaksi juga cepat dan praktis. Notifikasi promo memudahkan aku utk tidak ketinggalan penawaran menarik. Semoga Alfagift terus menghadirkan promo yang lebih banyak,dan menjadi aplikasi belanja andalan sehari²",2026-07-01 04:36:00,playstore
a35b3c55-177d-4b84-b36e-d9a42287de01,"biasanya lancar tiap belanja. tapi kenapa sekarang sering menutup sendiri. awalnya loading lama, terus menutup sendiri aplikasinya. tolong segera diperbaiki, karena saya sangat terbantu belanja kebutuhan online lewat alfagift.",2026-07-01 03:28:13,playstore
6cac4396-c23c-4ad2-9eb3-cabf3800892f,"aplikasi nyaa suka maintenance gajelas padahal buka play store gkk minta upgrade kook, lamaa llg error nyaa,",2026-07-01 02:33:07,playstore
8b29c8bb-3e84-4973-bdc0-e74e186ca6d5,aplikasi aneh... gak bisa daftar.... kalau gak siap antar pesanan costumer gak usah buat aplikasi rusak ini,2026-07-01 02:00:29,playstore
808bf339-d536-45ec-bcc4-32f28fe2e4c0,Minggu ini alfagift kok error terus ya gak bisa di scroll gak bisa diapa²in padahal minggu lalu masih bisa. sdh coba hapus chace dan instal ulang di hp berbeda juga seperti itu,2026-07-01 01:03:59,playstore
eef45c28-bd50-44fc-84e2-9a8356fcd6dd,"Mohon maaf saya kecewa, terakhir belanja barang pesanan saya ada yang ga lengkap karna katanya kelupaan. Sudah chat toko 3x janjinya mo dianter , nyatanya sampe hari ini ga dianter juga, plus ga ada pengembalian dana. Memang nominalnya ga besar, tapi cukup buat saya stop langganan belanja diaplikasi ini. Tolong training lagi crewnya, kalo salah jgn cuma minta maaf tapi ga ada tindakan",2026-07-01 00:54:25,playstore
c48fae1b-4b2a-48fc-b8ca-240070027ed9,aplikasi di saya ada bug awalnya aku pilih pick up dan milih lokasi terdekat dan pesenan gw ku masukin keranjang knp gw milih pickup dlu biar tau ada apa aja barang yg alfa terdekat habis itu ku pindah lokasi rumah saya dan ngebug untung blm kebeli,2026-06-30 23:07:47,playstore
c7ef1196-2821-4d8a-8bcd-2b9238eab7d1,pengirimannya selalu lama tidak seperti dulu 1 jam sampai . sekarang 3 hari setelah order belum di kirim juga,2026-06-30 20:15:46,playstore
7b00aef3-0810-443e-9252-870e8c6b2dd7,bilangin sama programmer nya ..multithread dihalaman utama nya bentrok..di hape yang sensitip akan langsung bikin nutup aplikasi.. Bini gw jadi nya ini belum bisa belanja bulanan ooy..,2026-06-30 16:50:33,playstore
efe64639-ce98-4ec5-b99e-6793e1f33a35,aplikasi sering keluar sendiri saat baru masuk,2026-06-30 15:54:18,playstore
6ab32dfa-7da9-413a-8371-98047a8f46cb,"kurirnya taruh barang belanjaan berat diatas kap mobil, ngawur, jelas saja kap mobil jadi beret beret, gak tanggungjawab kurir Alfamart, nih pengiriman hari ini tgl 30 Juni 2026",2026-06-30 14:13:46,playstore
b66d47e7-7330-49d0-9a65-f60a19bc47da,"apk nya sering eror, sering logout sendiri",2026-06-30 13:48:36,playstore
5d5115e3-e5d0-4257-ac93-c80f194dc0d2,"kenapa sekarang bayar Ongkir ya ??? katanya bebas bayar ongkir, tapi sekarang bayar ongkir 👎🏻👎🏻👎🏻. kecewa berat lebih baik uninstall ada bayar ongkir 👎🏻👎🏻👎🏻",2026-06-30 13:46:37,playstore
514c7f45-1891-45ee-8476-c9d9e27a883c,mantap membantu bangget,2026-06-30 13:15:07,playstore
6c9e878f-b704-4ba3-a9d3-5f25030ca502,"delivery nya gak pernah bisa, gak usah ada aplikasi alfagift kalo delivery gak bisa, percuma download, bukannya membantu malah bikin mumet",2026-06-30 12:59:29,playstore
f104ba2e-845e-4a14-8c9b-ef7dad15fba0,"kenapa gabisa milih toko sihhhh, kalo pas dapetnya toko X selalu ga pas, konyol kurirnya",2026-06-30 12:39:58,playstore
953d5b2e-b0b7-495d-901d-39240b891e69,beli roti sandwich coklat kok dikasihnya udh tanggal hari ini 😌,2026-06-30 11:23:49,playstore
d8cd049d-f577-45b1-b471-96f75ccc4ae2,"Nggak bisa akses Chat WA ke tokonya, tolonglah jaman udah canggih 😌 maksimal 1 jam setelah pembayaran dikirim melebihi 1 jam🤧 nggak ada fitur pembatalan juga, harusnya kalo melebihi 1 jam customer ada pilihan bisa membatalkan. Aplikasi nge bug, kukira hpku yg bermasalah, TPI pas buka aplikasi lain lancar2 aja. payahhh",2026-06-30 10:56:59,playstore
decc69af-e5ed-4aac-948f-267e5d121015,"baru buka aplikasi nya, harus menyetujui syarat dan ketentuan, sedangkan syarat dan ketentuan nya gk muncul², cuma layar putih gitu aja, tolong lah perbaiki",2026-06-30 10:25:48,playstore
9f8ac740-b8e4-436b-9c0c-9f2eb51596c3,"Ngelag mulu aplikasinya, sudah 2 minggu kayak gini, jadi gagal-gagal terus mau belanja. Sudah banyak konsumen yang komplen masalah ini disini, jawabnya selalu sama disuruh hubungi Shalma untuk membantu, padahal ini aplikasi bermasalah dibanyak orang, kenapa gak diperbaiki aja aplikasinya, dari pada ribet nyuruh orang hubungi Shalma itu. Rugi dikalian juga, orang jadi batal belanja karena aplikasi kalian yang gak berfungsi gini.",2026-06-30 07:25:42,playstore
e0918801-5170-454d-87a3-553287c63688,"karyawan alfamart cabang sumberbaru jember jawatimur atas nama sely eka tolong ramah dikit ke pelanggan ya trimakasih. perkara ga bilang TOP UP pas mau isi dana aja dipermasalahin, ketus bngt. gasuka. klo pelanggan nanya dana ya pasti itu mau top up! harus jelas bngt bilang mau "" TOP UP dana gitu?",2026-06-30 07:14:23,playstore
ea0fabe5-1eba-4c37-ad44-b5065c341ec9,"Sudah 3 hari tidak bisa pesan, eror terus keluar sndri apk nya",2026-06-30 06:34:56,playstore
5703f8ef-95bf-466b-8953-032cd73b0821,Lemot parah,2026-06-30 06:24:54,playstore
d3cf5a91-2d35-418c-b847-c251bb3fd1d0,fungsi produk online buat apa kalo ga tersedia semua percuma pake apps nya sengaja supaya bisa beli cushion eh malah gabisa di co buat apa ada fiturnya KLO gitu hapus aja gaguna!!!,2026-06-30 04:19:26,playstore
9c044dc8-6d6e-4ad1-92d9-0c8d839c0476,"aplikasinya gabisa dibuka, tiap buka aplikasinya langsung kembali teruss, error apa gimna si, udh beberapa hari gitu teruss, tolong dong perbaiki",2026-06-30 01:36:37,playstore
c20bfc27-64f8-46f8-b94f-cab98aa0eb78,"Jadi kecewa sama Alfagift. pertama keranjang gak bisa diakses, setelah bisa co rh gak bisa bayar pake metode pembayaran apapun. komplen ke Instagram dijawab bot seringnya. komplen ke email aja terus, ampun dah",2026-06-30 00:50:54,playstore
c02cbe45-010e-46cd-aa34-2b1eace46a72,"Aku msh terkesan dg layanan Alfagift, wlo pernah terlambat msh dalam batas wajar. Utk kedepan tentu aku tidak akan membeli barang konsumsi yg memiliki masa kadaluwarsa kurang bbrp hari, lebih baik datang sendiri ke toko, maklum dekat rumah. Shg tak terjadi pembatalan.",2026-06-29 23:52:39,playstore
9221f551-ec52-4131-a3c9-130e5fac699b,"percuma punya Alfagift, tiap mau nuker point pulsa selalu muncul ""Produk Tidak Tersedia"", udah saya coba berkali kali di jam yg berbeda, hasilnya sama aja, iming-iming belaka",2026-06-29 23:50:29,playstore
b87dac26-be68-415e-a174-b55f884bf501,keren,2026-06-29 22:35:55,playstore
c25afd4c-5343-41d1-8214-3b6f430ebfbd,top,2026-06-29 22:28:54,playstore
6ebf02fa-3c5e-4944-82f2-0aea26c74df8,aplikasi keseringan eror setiap mau buka aplikasi sering kembali mau pilih belanja gk bisa dipencet dan kembali udh saya donlod ulang berkali kali masih sama .jdi susah mau belanja online mau cri barang yg dibutuhkan gk bisa kepencet malah kembali tutup aplikasi nya pdahal hk pencet itu . semoga ada perbaikan . belanja online sangat membantu orang orang yg gk bisa keluar .,2026-06-29 21:58:35,playstore
3af5db97-f974-46c6-800b-d528fa255b54,"tolong kah, itu yg paket data yg dkit tolong di isi kembali kah,, kasian orang mau tukar paket baru Trada stok",2026-06-29 16:21:43,playstore
5f84fbdb-a159-4b70-8e04-4ac1ef13de7a,"apk nya sih oke, pengiriman slogan ""Cepat max 1jam"" eh sampe 2jam gak dikrim2, KAPOK KEMAKAN IKLAN",2026-06-29 15:04:28,playstore
89b00e34-7c42-49ee-92a7-ff237caa5ac2,"udah bayar, udah pilih pengiriman MAKSIMAL 1 JAM SETELAH BAYAR, tapi tetep aja nganternya lemot banget. mending gausah kasih fitur pilihan pengiriman 1 jam setelah bayar",2026-06-29 14:32:27,playstore
adf2a70b-765c-49db-9f7a-66d73ad645c9,"aplikasinya simple, dan membantu sekali kalau lg males keluar, ndk memandang seberapa banyak pesanan 100% grstis ongkir, klok ada bintang 10 udh sy ksih bintang 10",2026-06-29 13:18:10,playstore
18da7418-e3df-431a-9f09-897addd01ded,kenapa aplikasi sensitif banget aplikasi terdeteksi apalah terus force close gitu amat aplikasi siapa yang mau bobo aplikasi lu ribet amat,2026-06-29 13:10:00,playstore
43dc483e-ccbf-4eec-837c-039e01612f86,apk banyak bug masa ga bisa dipencet,2026-06-29 12:51:14,playstore
a275f28d-08e6-4c7e-8e26-ee1a47539ce9,"di tempatku alfamart yg memberikan pelayanan alfagift alhamdulilah respon pengirimannya cepet, barang yg diterim sesuai pesanan, barang sampai kurang dari 2 jam kadang gak sampai sejam.. promonya banyak.. petugasnya ramah ke anak kecil.. top mantap is the best lah alfagift alfamart",2026-06-29 12:44:01,playstore
af48bcef-7096-4b44-8a12-5ba50b691d9d,kenapa sistem nya bug terus siih belanja yg harusnya mempersingkat waktu malah ngabisin waktu gini karna keluar terus aplikasinya.,2026-06-29 11:57:59,playstore
e398cdab-1f88-4f20-874c-f3890497d559,pengiman cepat & rapi,2026-06-29 09:51:00,playstore
236eef04-0411-42bb-a089-c174df4497fa,tipuuu.... promo di apk. tapi pas bayar ngga promo😒 males pke apk nya lagi. padahal aku suka cek harga dulu baru pergi beli. tapi hari ini ngga sesuai. (kerja dong klian jgn lambat konfirmasi harganya),2026-06-29 09:16:57,playstore
c2a408aa-65c1-44d3-b9c5-903cc64b1ce3,"halo gan, dengar2 KDMP akan buat aplikasi serupa 😄. tolong perbaiki lg aplikasinya biar tidak lelet dan close sendiri. jg sop nya agar pengiriman tepat waktu.",2026-06-29 07:34:12,playstore
9f6ada56-a0cd-4fc8-839d-2ab3264cea4c,"minta tolong sistem alfagiftnya sedang error mulu hampir 3 hari gak bisa jajan di alfagift, ngelag mulu. klo masuk apk nya lgsung out sendiri, haeduhhh",2026-06-29 06:14:25,playstore
514f92f2-4f98-4c06-a859-45785d1e06ed,"PELAYANAN JELEK, PENGIRIMAN LAMA, G REKOMEN BNGT.",2026-06-29 05:33:52,playstore
94e708e7-40c7-42b6-b8f3-f31bb68c5f7e,tolong untuk diperbaiki. karena sering terjadi sistem tidak mendukung dan selalu ngeleg setiap buka app.,2026-06-29 05:24:14,playstore
b4a6c2c4-f108-43ad-927f-e5040681e1d7,ga perlu cape cape jln tinggal pke Alfa git aja,2026-06-29 04:50:28,playstore
22ecd1de-6da6-4cb6-a134-78928bb3ea71,pelayanan mantap,2026-06-29 04:16:17,playstore
7e0d45a9-575b-4b25-ab03-627db16d6dee,"Aplikasi nya jelek, tidak bisa menampilkan beranda, selalu loading terus, padahal sinyal bagus, tolong di perbaiki",2026-06-29 03:57:41,playstore
41094185-34cb-49a2-b2f3-bd2adaf08fc1,sangat bagus,2026-06-29 03:45:53,playstore
57c5715a-aa56-4f2b-88f8-6045b2f442ae,gagal terus buat aktifasi padahal sudah ada memeber 😔😔,2026-06-29 03:00:37,playstore
2efdafd6-72e7-4594-b8da-d0e734b27485,tolong kasih insentif untuk driver yg nganter. kasih notif maaf keterlambatan krn hujan/kendala macet dijalan. krn ujan juga tetep dianter oleh drivernya 😭 aplikasi sangat berguna. ketagihan bgt belanja dr rumah. terimakasih!,2026-06-29 02:57:41,playstore
ba019ee5-0540-4bbf-a66e-4e95e1d70f6a,apaan mulai ada minimal belanja 25rb dulu baru gratong alesan downlod alfagift ya karna gratis ongkir tanpa minimal beli karna beda dari apk indomam3t,2026-06-29 01:46:05,playstore
a39753b0-76c9-4163-8fa8-d5523a6fcdac,"Pengiriman cepat, Aplikasi nya bagus. TAPI?! Kenapa ya?!!! kalo belanja di aplikasi suka di kasih barang2 yang mau exp. mentang-mentang kita ga pilih2 ke situ, trus ngambilin barang mau exp biar cepet abis dan kejual. ini bukan hitungan bulan lagi, tapi 3-2 hari mau exp barang yang di kasih ke customer emang kalo ada keracunan ada asuransi dan tanggung jawab. ga gitu juga ngejar target penjualan!!!!!!",2026-06-29 01:41:52,playstore
5489378e-bca7-40be-af27-21a7fc8fbc9d,"Aplikasinya berat banget sering ngeleg dan Pelayanan Customer Service, Alfacarenya buruk banget, pengirimanya ga tepat waktu",2026-06-29 00:11:19,playstore
24363d81-d820-4fee-820d-306d4e5662a6,"udah 2 hari ini aplikasinya eror.. tiap dibuka loading lama, setelah terbuka pun pas gerakin kursor TDK respon dan endingnya keluar notifikasi alfagift tidak menanggapi.. pdhl urgent mau belanja .. capek bgt..",2026-06-29 00:09:36,playstore
8234e88a-8b5f-4298-ba02-49769b921917,tambahin fitur ubah jadwal pengiriman,2026-06-28 23:34:01,playstore
a0d9750e-ae5f-48b5-86b7-779a753f0ead,aplikasinya bagus dan sangat bermanfaat👍,2026-06-28 18:00:55,playstore
c1c6db7d-1781-4d0b-bdf3-b42666b0aeba,"saya download ulang beberapa kali aplikasinya nya login nya susah amet udh beberapa kali minta link verifikasi via Gmail malah verifikasinya selalu gagal, tolong diperbaiki aplikasinya",2026-06-28 17:22:45,playstore
abd75ee9-32ce-4435-8c00-5e4cda20a77d,Tolong dong kenapa gak bisa ganti Gmail ya ?,2026-06-28 17:20:32,playstore
23d32cf4-f1ff-42f6-8b2e-fe4bc64c68e3,"gajelas nunggu 1jam lebih gada kabar dari kurir kalo motor nya trouble, baru bilang pas gua chat duluan, yg jdi masalah gua pesen satu jam yang lalu masa selama itu prosesnya dan trouble motor nya gada kabar samsek, pengembalian dana nya pun lama nunggu di acc dulu lah apa lah, padahal malem itu juga uda laper mampus kondisinya, nunggu sejam ga nyampe nyampe bad lah pokonya",2026-06-28 14:32:42,playstore
0b92c23f-ebdd-4908-8958-1e190f145f2a,Udah semingguan eror terus😣 ga bisa belanja Minnnnn😭,2026-06-28 14:13:20,playstore
cf289d0c-5fc2-4318-bc5f-3c93fec11d3a,"mudah digunakan, tapi LAMA BGT—ISTG LUAMA BGT BANGETAN.... pengiriman instan cuman mitos.",2026-06-28 13:35:11,playstore
a8334284-a426-49f0-aeac-8ff61b0e253b,Tolong berikan akses untuk memperbaharui nomor telepon di akun alfagift,2026-06-28 13:34:01,playstore
a4d7c249-ea13-4b37-afbb-ab67744133e2,parah aplikasi sering nutup sendiri sering error,2026-06-28 12:48:33,playstore
e7ef1728-76c6-4b85-b606-a06e8f1485b5,ini gak salah udah di kenakan ongkos kirim🤣 otw uninstal,2026-06-28 11:42:50,playstore
6f2d6ef2-80a9-41b7-b591-db7b43d0dd6b,Abis Update malah ngak bisa bayar. gagal terus pas mau bayar,2026-06-28 11:39:24,playstore
417e0637-c278-4347-ba42-3a6b25840d78,udah 6tahun pake alfagif aman² aja tidak ada kendala tapi udah 1 mingguan lebih setiap buka aplikasi mau pilih menu tiba² keluar sendiri terus udah tak perbarui unistal downlod lgi ttp sama sampe ganti hppun ttp sma setiap buka tiba² kluar sendiri,2026-06-28 11:29:43,playstore
782121e7-7f7a-43a0-80a3-42318ad830a4,gk bisa di log in udh di konfirmasi tetep gk bisa,2026-06-28 11:29:23,playstore
b62fece6-917a-4452-a7e5-d30625370eee,pengiriman cpt dan bnyak promo,2026-06-28 10:50:06,playstore
5acaff49-2f81-4ad4-b7eb-da2bc1f48413,"buat perusahaan alfa bisa gak si sistemnya di benerin, saya stiap kali mau pembayaran pas papasan sama pergantian shift pasti gak bisa, malah disuruh balik lagi sore.. emang pake sistem apa sih sampai selemot itu, ganti shift aja sampe berjam"" komputernya baru bisa... kapok banget sebenernya ngapa""in di alfa, cuma karna yg deket rumah alpa bukan indomart aja makanya terpaksa.. mana kasirnya suka jutek, kaya kita mau minta"" aja...",2026-06-28 08:27:33,playstore
e1eee687-d3e0-41cf-9b46-bc234a109e3f,"mengecewakan ya, padahal pilih pengiriman yang 1 jam setelah pemesanan tapi bisa bisanya diselesaikan sepihak dari toko dengan alasan overload dan baru akan dikirim 3 jam kemudian, itu pun kalau ga di tanya dulu juga ga bilang kenapa tiba tiba diselesaikan",2026-06-28 08:16:59,playstore
c5d6467b-efb5-436e-933b-a81e213e0a75,"ini gimana ya kak estimasi pengiriman 1 jam setelah pembayaran, di status alfagift juga sudah diterima dan ada fotonya blur (padahal belum diterima) pas aku chat ternyata masih dalam pengiriman dan itu sampai disaya 1 jam lebih loh hampir 2 jam. kalau belum sampai ya status nya jangan sudah diterima disini saya juga bingung loh",2026-06-28 08:09:28,playstore
4081fa2d-8eb3-4f28-8569-0b2487ed9170,sering NgeBug aplikasinya🥲,2026-06-28 08:07:09,playstore
90b1d280-dbc8-4abc-8ac0-28baf8950584,aplikasinya bagus berguna.. tp kenapa sih pengirimannya lama mulu gregetan bgt.. alesannya pelanggan tdk membalas chat. pdhl HP saya pantengin trs . klo begini trs karyawannya mending gausa adain pengiriman aja sekalian.,2026-06-28 07:54:43,playstore
dee3f072-bc6f-4cde-9aeb-78f170e9fe4a,"aplikasi nya sering nge-freez, selalu ngebug bikin makan ram penuh",2026-06-28 07:32:03,playstore
611a8de6-0244-4647-bb6e-7465bb400cad,pengiriman tertunda karena tidak membalas chat. apa apaan,2026-06-28 07:07:31,playstore
afedbe4a-51c1-48d9-8f64-63abcca0a797,"kenapa ya, alfagif saya sangat susah di gunakan ,ada gendala atau apa ya,",2026-06-28 06:11:53,playstore
f3be6437-e043-4d5c-96cc-ca9c843d757b,pelayanannya ramah dan murah senyum,2026-06-28 05:46:54,playstore
ece1fe75-2f51-469a-aed0-2aabd80e9e77,apk nya sukai ngelag astagaa ganggu bgt,2026-06-28 05:35:46,playstore
4a35d3f1-6c24-4aa2-8c80-ea1c1f3f11be,lumayan cepet daripada sibiru wkwk,2026-06-28 04:46:27,playstore
bb957fe8-1b5d-4a7e-bca1-1a1fe628c70c,"gak tau kenapa punya ku nggak bisa belanja barang nya gak BS masuk di keranjang,, harus langsung ke Alfamart aja",2026-06-28 04:29:33,playstore
b2560064-7b6e-46c8-a5ea-d57930be1c99,"sgt membantu untuk kaum sibuk yg begitu plg belanjaan sdh di depan rumah, plus utk barang yg gak ada akan ada confirm dan jika gak deal ada penggantian atau pengembalian. MINUSNYA SATU, pengiriman kadang lelet bangettt tapi masih bisa ditolerir karena beberapa kali aja jadi masih bisa dirating 5 bintang. tlg terus ditingkatkan kualitasnya semoga pengiriman bisa lebih sesuai dgn waktu yg dipilih konsumen ya, karena rating jeleknya mayoritas dr waktu pengiriman",2026-06-28 04:25:25,playstore
e75d7a2f-c768-4a51-82e1-0cd6cf382fc7,"udah masukin keranjang banyak, giliran mau melanjutkan pembayaran keterangan sinyal hilang? hadeuhhhh apl 👎",2026-06-28 03:26:34,playstore
4c79c266-4926-4fda-b837-26022c60cbce,"memasukan email atau Gmail itu menurut saya sangat amat tidak berguna min, kalau mau ganti nomor, ganti pin itu harus pake otp nomor lama dan no lama nya ga semua org selamanya nyimpen itu nmr pasti bakalan ganti, jadi tolong di fix ya min.",2026-06-28 01:11:19,playstore
0d1566f0-cdbc-45ff-93bd-e293fb732113,"Tiap buka aplikasi sekarang jadii malah keluar sendiri. Jadinya tidak bisa checkout. Apa karena sudah terlanjur masukin barang banyak ke keranjang yaa jadi keluar sendiri? Kalau iyaa, benahin dong aplikasinya. Tadi aku total nambahin 25 barang tiba tiba keluar sendiri terus. Sudah uninstall terus install ulang tetep kaya gitu. Plisss diperbaiki soalnya sebelumnya aku pake ini fine fine ajaa.",2026-06-28 01:11:13,playstore
83ae93a8-d0b4-45d1-8821-79ff32c24f47,"padahal cuma ga sengaja kepencet bagian live terus pas masuk aplikasi lagi malah otomatis ke bagian live, ga jelas",2026-06-27 17:04:28,playstore
614f9f99-a6bb-49a7-bcbb-eea02b26521e,"dapat poin gak bisa di pakai bayar, 🔥",2026-06-27 15:10:48,playstore
25152230-94dc-46d3-9c2c-20e6e92faed1,ga ads opsi pembatalan jika barang dikirim lewat dari estimasi waktu pengiriman,2026-06-27 15:08:46,playstore
95c003d4-171e-402f-a459-ce2a8c97129e,kenapa saya sulit buka alfagift. setiap bisa masuk terus langsung mental keluar sendiri. sampai ga bisa bust scrol belanja,2026-06-27 14:14:07,playstore
4c858119-0ce6-4cf2-a353-92f1a3bb6c20,akhir akhir ini suka error.,2026-06-27 14:12:53,playstore
fcc50ae8-2509-4c99-ae40-a6ab1f1342f0,sangat buruk.. pengiriman sangat lama... payahhh,2026-06-27 13:43:53,playstore
4ae3f8f2-5448-4ed1-80a1-1c5d537fcd7f,1 jam sampai adalah janji palsu dan pembodohan,2026-06-27 13:26:03,playstore
73625820-76db-4be5-808a-10a84e672030,"dekat, cepat dan pelayanan ramah",2026-06-27 13:02:37,playstore
76c4ca0d-9bf0-474f-8d76-c97c2a6cedb7,"mengecewakan, belinya apa di kirimnya apa. giliran protes kurirnya bilang udah keburu di scan dan adanya cuma itu, mau ajukan pengembalian dana udah ga bisa. gimana sih harusnya chat dulu customer kalo misalnya beda kemasan atau gimana-gimananya kan kita bisa milih.",2026-06-27 12:44:03,playstore
31c70705-9822-41f1-b869-cc02f9a3edc5,Group terbenggek tutup jak aplikasi nya,2026-06-27 12:39:20,playstore
a7c8e8f3-cf1c-4715-bfa3-8332f2323d84,"untuk aplikasinya sebenarnya baik dan bagus cuma di kurirnya parah banget. udah pengiriman lambat, tidak ramah. kapok beli produk di alfagift kurir tidak ramah sekali sama customer. seenaknya banget. kecewa saya. GK lagi deh beli mau install saja aplikasi GK penting kurir tidak ramah. mending kurir ekspedisi malah ramah ramah.",2026-06-27 11:07:05,playstore
0b588ec3-3d1a-4a96-8969-15335ea7081d,"pengiriman lambat, ketika pesen lewat alfa gif dan pesanan saya smpe skrg msih ada yg belum dikirim sdh 3 hri, dan mau refund dana pun ngga bisa",2026-06-27 10:22:01,playstore
2c00e165-f95b-4863-8feb-b4fe27fb3312,"Ga tepat waktu, driver pemalas, maksimal 1 jam nyampenya 3 jam gausah ada opsi begitu aja sekalian buat apa ada opsi tapi gabisa di tepatin. saya akan kasih bintang 5 kalo udah tepat waktu dibawah 1 jam. sesudah itu tetep aja, ga tepat waktu produk pun banyak yang udah expired",2026-06-27 10:00:30,playstore
e03fc5cc-2466-47ed-a5cd-200e71a7edf2,"jadi sering nge bug, tampilan tidak usah terlalu berat , simple saja yg penting usefull",2026-06-27 08:38:11,playstore
b3bbead8-2612-4c89-a621-161bb36702b5,baiknya kedepannya diberikan note/catatan untuk konsumen sebagai contoh semisal pesan kopi bean bisa ada opsi tanpa gula atau es sedikit).,2026-06-27 08:29:38,playstore
88cf9272-61eb-4278-8b3b-93c3a00b35af,aplikasinya bagus saya sering order. tapi semenjak di hp saya g bisa jd g pernh order lg. kenapa ya min? hp saya vivo y17.,2026-06-27 07:31:09,playstore
7a01ae27-8b84-4ace-8c67-4ae91d4fd23b,sangat bagus,2026-06-27 05:57:31,playstore
b3a2498e-7c9d-4b0a-acbf-9544f2a9c123,alfagift aplikasi ngelag parah . mau order aja gak kena² .,2026-06-27 05:56:38,playstore
d1ed7b8e-6882-4143-b118-3c544adb4059,bagus banget sangat terbantu,2026-06-27 05:48:22,playstore
03a408b2-46a5-4ef5-9bfc-7c505c9f5a8c,gimana sih katanya bebas ongkir tanpa minimal belanja skrng malah minimal beli 25rb baru gratis ongkir,2026-06-27 05:37:48,playstore
e2363f3d-5667-49fa-a5ac-81bd1db5c2aa,jelek bgt pengiriman lama ga ush pke apk iniii,2026-06-27 04:45:51,playstore
b6019de6-4a42-4bee-8be7-c4463669eb0c,"APLIKASI SEPERTI ADA MASALAH selalu Nge-Lag, setiap saya scroll, tiba2 keluar sendiri ke beranda, selalu seperti itu, selalu gagal memasukan barang ke keranjang, tiba2 keluar terus. padahal aplikasi Shopee yg besar saja gak Nge-lag, lancar setiap scroll, berarti bukan HP saya yg bermasalah tapi aplikasi ALFAGIFT nya bermasalah. PERLU DIPERBAIKI SEGERAAAA",2026-06-27 04:43:07,playstore
d4a1235a-daa1-4791-9598-1c2c90df035d,akhir² ini knp lemot sekali,2026-06-27 04:39:45,playstore
17d26be5-33b0-4cde-b881-332237afe54a,aplikasinya tidak ada jual rokok,2026-06-27 04:05:18,playstore
82a957f3-9921-44f8-ad68-866ead72b99e,"dari awal saya download ini aplikasi akhir desember tidak bisa menentukan lokasi presisi,sampai sekarang saya udah di lokasi berbeda juga tidak bisa,mohon bantuannya min",2026-06-27 03:10:57,playstore
33471f51-0463-4e38-9762-55151e6a9408,Pesanan saya Produk Online dari tanggal 19 Juni 2026 sampai sekarang masih belum dikirim. Saya komplain CS Alfagift tidak dibalas2. Distatus pembelian sdh diterima padahal kami belum terima barangnya MOHON KEJELASANNYA,2026-06-27 01:59:10,playstore
188fe336-c469-4808-bc06-a88c2d7d666f,"tolong perbaiki aplikasinya dong, udh bbrp hari klo d buka tiba² keluar sendiri. sudah d update ttp sm. sudah bbrp x d hapus kemudian instal ulang tp ttp tdk ada perubahan. pdhl aplikasi ini sangat membantu ketika ingin belanja bulanan",2026-06-27 01:27:34,playstore
5f001684-30a7-4a25-bb2a-df2ced1660c8,Bagus,2026-06-27 01:24:31,playstore
4fd734cf-a0e4-4097-9d80-318ae7f3111c,cukup oke,2026-06-27 01:19:43,playstore
bb7fa41e-98de-41a7-a7eb-1e500bda3ef6,after update ... ngelag parah ... sangat2 parah .untuk q yang tiap hari pake ... ini udh g ketolong ngelag nya ... harus refresh berulang dan loh out dulu....,2026-06-27 00:50:19,playstore
e1ce5d2c-e3de-43fe-8e35-d1527b0955cb,bagus. bermanfaat untuk kaum mageran 🤭,2026-06-26 22:41:17,playstore
b30c03e0-ad73-4c97-9c27-757e8c8b85d4,minta pengembalian dana aja susah banget sampe sekarang belum masuk ke rekening dahal udah email dan point masuk tapi duitnya ga masuk chat ke cs ga ada jalan keluar gimana nih payah banget sekelas alfa loh,2026-06-26 21:05:07,playstore
0d1cf4d6-08f0-4363-bbe9-325e1cc88e04,amazing The Best,2026-06-26 13:57:01,playstore
04c10187-af6e-4fd4-b2a4-39cef1b2265d,leg parah,2026-06-26 13:53:26,playstore
6f9e3867-e790-40a1-a112-2a376999ced8,cara daptar nya gimana ini,2026-06-26 12:27:12,playstore
32808178-9586-48d0-b2ec-3dbd75fb4cc3,kak kenapa struk belanja tidak muncul diaplikasi..mohon bantuannya kak,2026-06-26 11:02:27,playstore
895a3b2a-89ac-4e0f-9b91-2d480c76c147,dari semalem error gabisa pembayaran tiap mau bayar pasti error hmm,2026-06-26 10:26:19,playstore
c43b8a16-3d5e-4753-b1e3-a9b0481e7d14,PROSES PENGIRIMAN LAMA DAN SLOW RESPON,2026-06-26 10:13:15,playstore
0b18a2b3-b9e2-45a9-b4e1-4cd1af54b444,kenapa gagal terus verifikasi dihp lain? padahal email & nomor hp sudah sesuai,2026-06-26 09:50:15,playstore
87a87bcd-d053-4970-a0d6-54cb8df30d0c,kenapa aplikasi alfagift sekarang sering eror bikin ga nyaman buat pengguna,2026-06-26 09:29:36,playstore
bb4c5bba-9774-44f8-b80d-5da61f2e18f6,"sangat memudahkan, lebih banyak promonya di aplikasi di bandingkan di Gerai. 🫢",2026-06-26 08:36:37,playstore
6bf07a2d-f0f0-4ae4-bd3a-2b3f9cfb6f3f,"Jadwal pengiriman sudah telat lebih dari 1.5 jam. saya akan meninggalkan lokasi. tapi barang status nya belum dikirim juga. saya hubungi admin via chat tidak ada respon sama sekali. Saya mau ajukan pengembalian dana, di sistem eror malah tidak bisa di proses. padahal barang blum di proses antar juga. fitur chat cs juga tidak bisa digunakan, tertulis eror dan selalu begitu sudah berbulan"". mau kirim email ke cs email juga tidak bisa. eror terus padahal aplikasi sudah berkali"" reinstall dan update",2026-06-26 08:12:48,playstore
fb54fdf9-fda0-4794-b62e-42e5a27f1bc1,Sekarang mah kok ada ongkir nya yaa.,2026-06-26 08:01:23,playstore
d5a9e2a3-ee33-4f67-a16f-60eff1d50b39,mantap,2026-06-26 07:50:14,playstore
e54a61ee-eac3-44fb-b3e3-6cce383340cf,"Saya konsumen setia alfagift,tapi kenapa beberapa hari ini sistem nya eror, kalau buka aplikasi langsung otomatis keluar aplikasi,jadi sedih. Padahal alfagift berguna banget buat saya ibu rumah tangga yang punya 2 anak yang sulit di bawa kalau mau belanja. Semoga secepatnya bisa pulih kembali sistem nya min.",2026-06-26 07:42:34,playstore
e8457a18-63ed-4ed0-b9c4-779f1823ca4d,"kenapa setiap mau pesan dalam pengiriman eh lama lama pengiriman tertunda,alsan tidak menjawab tlpon/chat,tapi gaada chat/tlpn samsek,ini ko gabisa. dgunain sih apk nyaa ngebug terus eror terus",2026-06-26 07:39:10,playstore
ccb238ab-fda5-4cbd-a2d8-6fd2a0f02c00,GA BISA MASUK AKUN WOI VERIFIKASI GAGAL TERUS. KATANYA KESALAHAN SISTEM. PERBAIKI LAH DODOL. SAMPE BERHARI2 MASALAH GA SELESAI. PAYAH.,2026-06-26 06:21:02,playstore
2054dedf-5deb-417b-a2e4-995c90d56657,bagusan pelayanan online dari Alfamart di bandingkan dengan Indomaret,2026-06-26 04:51:05,playstore
64b75bdb-cfc9-4a4e-b1e4-9efc2e90d47e,"sekarang aplikasi nya lemot. gtw knp pdhal dulu ngga,skrg kalau buka alfagift gabisa di scroll ditekan gabisa tbtb muncul pemberitahuan alfagift tidak menanggapi. entah knp akhir akhir ini seperti itu. mohon diperbaiki lg",2026-06-26 01:37:22,playstore
b96a828b-e5c9-4ec6-a91f-7a8eb7874462,sangat jelek. tidak professional sekali balasannya. tidak responsif. tidak bisa 24 jam,2026-06-26 00:45:32,playstore
319146c7-d707-46b4-ae62-ba4c276074f4,aku user aktifnya alfagift tp belakangan ini sering sekali force close. mohon diperbaiki,2026-06-26 00:44:34,playstore
4c78848f-ce6c-4bfa-b6f6-b48d63426de1,"aplikasi udah beberapa hari jadi berat lemot susah di buka ,kirain hp nya ternyata bukan kalo buka aplikasi lain lancar",2026-06-25 22:42:26,playstore
79ef4f74-9d25-4a23-9be0-5ce4e2cf97de,ini kenapa apk makin sini sering loading dan close sendiri sih? baru buka udah keluar lagi. jengkel tiap mau belanja susah buka jadi males pake padahal alfagift ini sangat membantu,2026-06-25 16:42:25,playstore
6074a87c-aebd-42b7-b91b-fcbcbcefb8ed,"Notifikasinya sangat lelet, kurir cuman chat kalau mengantar pesanan jadinya pesanan tercancel oleh toko karena alasan ""custumer tidak merespon"", padahal notifikasi status pengantaran tdk masuk, udah gitu tunggu pengembalian dananya berhari2🤦, Ampun Banget. Kesal banget,,, tidak apalah kalau di cancel tokonya asalkan dananya cepat kembali, lah ini sdh notifikasi leles, pesanan di cancel toko, eee pengembalian dana nunggu berhari. Sekarang saya sdh nunggu 2 hari pengembalian dana belum masuk.",2026-06-25 16:35:21,playstore
6179a961-619f-4c6b-a03c-3d0bf1bc52d6,sekarang kalo belanja dibawah 25.000 ada ongkos kirimnya jadi males pesan di Alfamart via online,2026-06-25 15:50:10,playstore
f501d5e5-75c7-4280-a021-433c15abb786,"delivery nya parah. air minum hampir habis, order yg bakal diantar jam 8-9 malam. diantarnya baru bsknya. gk ada air minum nih kami semalaman... parah... parah... dibatalin gak bisa. seharusnya ada pembatalan otomatis apabila lebih 1 jam dari waktu yg dipilih barang blum dikirim",2026-06-25 13:59:34,playstore
c2f34f32-39da-4e50-8ccb-7b1f4790ea21,admin online tapi susah banget respon chat dari cust,2026-06-25 13:09:51,playstore
0b8d9560-8bb0-46e9-bae3-a98197331b7b,"kalau udh dikenakan ongkir dibawah 25k, konsumen berhak minta pengiriman 1 jam stlh pembayaran donk. aplikasi lain saja mau diganti dg waktu pengiriman lebih cepat. ini kadang masih ajah pengiriman sampai 4 jam baru sampai",2026-06-25 13:09:14,playstore
6b9b12be-9278-4bc1-94e3-1f4acc8fe62b,puas bgt,2026-06-25 12:57:47,playstore
5861fd1d-6296-4c16-b00d-35235fe4951d,"pesanan sllu sampai 4 jam stlh pembayaran. pdhl ad fitur pengiriman 1 jam stlh pembayaran, perbaiki lagi. mana ini udh ad ongkirnya klo dibawah 25rb, klo kena ongkir pengiriman harus tepat waktu",2026-06-25 12:51:25,playstore
f98aff27-2ad1-4fd0-9a13-a73c9ed01bcb,sumpah udh beberpa hari lemot banget buat buka aplikasi nya,2026-06-25 11:43:17,playstore
ecd134d8-7d45-4a60-adf3-1d5bc0fb3f25,"terimakasih Alfagift aku lagi d JKT, ternyata alamat yg tercantum d kampung tapi Abang Alfa nya masih tetep anteri, padahal belanjaan ny ga seberapa, fix nnti kalau belanja banyak Alfagift jadi solusi nya🙏🏻☺️🥰",2026-06-25 08:55:22,playstore
3520a008-48e3-48ee-8f47-ba46a88a0f81,aplikasnya eror bisa keluar sendiri dihp kaka ku juga ky gt tolong diperbaiki aplikasi nya,2026-06-25 08:02:19,playstore
49249889-90fa-4b20-9f4c-050f11b57280,alfagift napa sekarang jelek bnget aku udah update malah sering keluar sendiri ini aku mau cekout keranjang gabisaa mlluu heeeehhhh dlu mah bgus2 aj skrg jelek amiirr plisss ini gmn heyy😤,2026-06-25 07:53:19,playstore
56330b01-b500-45c2-8712-b21f2d57d08d,"aplikasi jelek, dibuka gabisa bisa trs ada keterangan aplikasi tdk merespon, padahal udah di update juga. kalo ga siap buat aplikasi ga usah diadain. payah",2026-06-25 07:38:21,playstore
fff8227c-3640-410a-9b74-0476b013a1ba,g bs buka aplikasi. keluar terus.,2026-06-25 07:23:50,playstore
0f751c01-6d0b-468f-a9f8-c899bb4a6272,Ok,2026-06-25 07:15:59,playstore
f458367a-2bb1-418f-95d6-2e7eca8cc88d,Kecewa udah gak Gratis Ongkir lagi,2026-06-25 06:47:27,playstore
64b5bec4-df15-47f1-a4f3-ac3ad180e5a3,bagus,2026-06-25 06:18:44,playstore
2c0ef9c2-e0fa-4016-8884-1f5f72663990,"KURIR DI ALFAGIFT SAMA AJA SEMUA, CUMA NGELUH PESANAN BANYAK, BUKAN NYA LANGSUNG ANTER TP NGELUH DAN NUNDA PESANAN MULU",2026-06-25 05:45:25,playstore
d5e9e053-3d4e-4e27-8cd9-e8d71c04f81f,kadang eror,2026-06-25 05:17:58,playstore
c847f51c-d640-4d8c-a6aa-4253917c5589,"halooo... saya pengguna setia alfagift tapi kenapa udah 2 minggu ini jika masuk app slalu alfagift tidak menanggapi dan keluar sendiri, apakah ada masalah?",2026-06-25 03:56:22,playstore
535f1c7d-ccfb-4300-b1ad-be8ee594b73f,"apaan gak bisa lanjut daftar, mentok di syarat dan ketentuan gabisa lanjut",2026-06-25 03:46:48,playstore
9c5f1855-5011-4fe5-9e11-c25fbc4b532b,"Tolong buat Alfamart. Buat dompet digital tersendiri saja biar mudah. Atau pakai dompet digital lain yang bisa saling terhubung bisa saling pindahkan dana satu sama lain seperti gopay, shopeepay dan lainnya yang familiar. Agar untuk setiap kembalian receh yang sulit dikembalikan agar di kumpulkan saja dalam dompet digital tsb agar pelanggan bisa memilih sendiri uang kembaliannya untuk dikumpulkan untuk membayar kekurangan uang belanja lagi dan atau didonasikan tanpa harus diminta.",2026-06-25 02:21:04,playstore
d68c70de-e0d6-4683-b398-d4e021eacfda,sukses selalu,2026-06-25 01:41:43,playstore
22087ddd-f63c-4f9f-9c3f-5a8f91686ed7,oke,2026-06-25 01:32:43,playstore
c3f1f8c8-4f41-4da5-a056-377530a88f7e,respon chatnya lama. saya pesen jam 6 saya minta dkrm 7.00 dan 7.30 harus sampai di tempat ga di bales lama banget. saya ada urusan jam 8. aplikas sebelah respon cepat,2026-06-24 23:30:14,playstore
8f37fef0-8f3c-450c-b822-dbc19910cea6,5 b aja,2026-06-24 17:38:50,playstore
855c0b27-7a7e-44cd-b154-af38f2630c67,"apa apaan susah buat masuk aja, kadang juga waktu udah masuk gaada gambar produknya, TOLONG DI PERBAIKIN",2026-06-24 17:06:17,playstore
76b1f38e-4c7b-4d41-ba00-96759c582c9d,kenaoa ya min setiap buka apl nya kok tba2 keluar..sampai males rsa nya buka apl nya,2026-06-24 14:27:30,playstore
e288afb8-b3ee-4652-9a15-d8a328776493,aplikasi tidak bisa di buka ket alfagift tidak merespon buka apk lain aman sentosa,2026-06-24 14:17:34,playstore
51713a66-3211-4dff-9922-2a09e5c36345,"payah, pilih sejam sampai sampe 3jam lebih ga sampai, fitnah saya lagi alasan pengiriman tertentunda karena tidak balas chat, padahal dia chat jam 20.05 ku balas 20.06 di 20.06 dia bikin laporan aku ga bales chat saya order dari jam 18, kagak profesional amat kecewa .",2026-06-24 14:06:14,playstore
99595211-623e-4fba-aad0-6595ba84446e,muak bgt pake ini aplikasi sebentar aja tiba-tiba disuruh login ulng. lalu password gak kesimpen.,2026-06-24 12:27:20,playstore
d2043e06-5a48-4a5a-814d-1aeb4909fc39,ko opsi topup e wallet ga kebuka ya,2026-06-24 11:09:37,playstore
f68826ca-296d-4b92-a64c-011a652f7dc3,aku udah kirim alamat rumah saya kok kagak bisa heran,2026-06-24 10:06:45,playstore
50e59c9b-1508-485c-8f6a-64a00b183ed6,aplikasi sudah normal setelah hapus data dan uninstall apk,2026-06-24 08:41:18,playstore
3a1e7466-fcf2-40c9-b071-afec8456974b,"pengiriman melebihi batas waktu opsi, saya memilih pengiriman maks 1 jam, tetapi lebih dari 1 jam.",2026-06-24 08:28:41,playstore
8c382a2f-3a51-4243-8c96-3d261776adff,mantep,2026-06-24 08:26:13,playstore
21431c3e-0760-405b-8c5f-69a60d9b2f26,ada bugs notif chat. buruan benerin,2026-06-24 07:49:19,playstore
cc773f66-f2b2-41c7-97f4-005b3ad68246,aplikasi cepet,2026-06-24 07:43:11,playstore
a1350fc1-dfda-44af-aab5-6dc9cbb33400,"estimasi 1jam buka nyaa dikirim, lambat bangett udh dihubungi bukan nya direspon, pengembalian dana tidak bisa. Alfamart di Gombong/kebumen krg rekomendasi, sy pelanggan Alfamart dari beberapa kota yg aku kunjungi ini yg paling parah",2026-06-24 07:39:00,playstore
96959425-0db3-4bb4-8b69-51b9a1ca6416,chat dengan customer service sulit baik di aplikasi maupun Instagram semua di balas Ai yg muter2 . harus nya kasih menu chat dengan cs klik ini .itu baru jualan mentingin customer bukan mentingin untung,2026-06-24 07:14:34,playstore
7c1a860b-16ff-4e03-bd73-969c996e0fcd,kenapa yaaaaa sekarang app alfagift lemot bangget dan toko yg semula lengkap di pindah yg gak lengkap #awal dapet toko di taman raflesia ok pondok timur ok taraaa taman Narogong 😭barangnya gak lengkap duhh sedih sekali nanti saya ganti bintang 7 kalau sudah di ganti tokonya yg lengkap,2026-06-24 05:01:33,playstore
51e2daeb-bf34-4524-abe8-8976716520d0,kenapa tidak menanggapi padahal habis update,2026-06-24 04:02:23,playstore
ca028343-fc56-4039-95e7-7b8230a2a567,"dapet banyak vocer tp ga bisa di gunakan alasan produk tidak tersedia,giliran di cek k toko produk masih banyak.",2026-06-24 03:01:56,playstore
12615496-b6f8-4ddd-8308-ff4995b25714,kok kluar trs sih alfagift dipencet vocher,2026-06-23 23:54:19,playstore
a2fa717d-fa9d-49da-b69e-49a03885b9bc,"keren banget sih, pengiriman cepat banyak promo nya kalo lewat alfagift 😍",2026-06-23 16:49:23,playstore
7569c17a-98f3-4516-9fc5-3e6bc9289776,"kenapa ada popup: Alat Rentan terdeteksi, Tidak diizinkan meluncurkan aplikasi menggunakan ""org.lsposed.manger"". Aplikasi akan ditutup. (Hapus Alat Dari Pengaturan>Aplikasi) dan aplikasi langsung force close??",2026-06-23 16:04:59,playstore
b2990168-e067-42a1-8433-7e36f689a22a,aplikasi bagus...lbh murah belanja di sini..promo banyak..diskon jg banyak.pointnya kepake..cuma tdk bs milih toko..pilihan toko hanya 1..kl barang habis terutama aqua galon..susah stock kosong,2026-06-23 11:36:24,playstore
0939e969-2e29-44d3-af30-6c6018191ce3,membantu tp kadang pengirimannya lama bgt bahkan lebih dr jam settingan jadi malas nungguin dan kalau ga ditunggu bakalan ditunda pengiriman nyaa,2026-06-23 10:03:20,playstore
0133c9c3-2acd-4f2f-bd98-3a512775049b,"INI GIMANA SIH AIR GALON CLEO & VIT MASA STOKNYA KOSONG TERUS DIAPLIKASI ,GILIRAN KE TOKONYA ADA",2026-06-23 09:23:18,playstore
e4a70008-4d05-474f-97f4-77cc11c08352,"kadang orang toko suka membatalkan pesanan hanya karna barang katanya habis , aneh ,, trus gk bisa komplain , tambah lagi gk ada no yg bisa d hub , no yg tertera d toko tidak aktif 😔",2026-06-23 08:52:07,playstore
52365c5e-c8b6-4977-ab2e-f9a402a29afe,"alfagift lagi kenapa? tiap buka aplikasi selalu ketutup sendiri, mau belanja jadi ribet",2026-06-23 08:24:33,playstore
0088657d-db48-4182-b4f3-7f2d7cfa2ae7,"respon chat lambat, pengiriman minta 1 jam jadi 6 jam baru di kirim",2026-06-23 07:56:10,playstore
a012bca6-8b55-4c51-b8dd-1e66c5c58cfb,untuk barang sesuai cuman gini untuk cabang Alfamart Cinde itu harus diperbaiki bener2. karena itu pengiriman lama banget pesen jam 3 sore Dateng jam 6 sore itu harus bener2 diperbaiki.. kalau Ndak biar customer pilih mana layanan yang terdekat yang bisa ngirim.. gitu aja semoga kedepan nya semakin bagus,2026-06-23 07:48:29,playstore
71569370-d234-4b5b-af7e-d3412b3dbc5a,barang di aplikasi status ready tapi waktu di Check out kosong. uang sudah saya Transfer tidak dikembalikan. parah,2026-06-23 07:16:20,playstore
53e921aa-72bb-4f8c-aac4-e32986ac92ea,"bintang 5 mmg pantas tpi knpa saat ini tidak bisa cek out. apakah sistem sedang tidak baik kak kenapa sudah hmpir 2minggu aplikasi Alfagift saya tidak bisa untuk belanja melalui Alfagift. saya sangat sedih krna sudah terbiasa terbantu oleh alfagift tpi aplikasi nya gk bisa, apakah di blokir apa cmna. salah aplikasi saya apa? saya sering belanja loh....",2026-06-23 02:27:38,playstore
e1c1a091-2393-4ece-abe8-ec4ee6f337ff,1.KALO PRODUK KOSONG TUH ILANGIN!!! mana pegawainya ngegas. kita mana tauu kalo produknya kosong! salah siapa di aplikasinya stoknya masih ada!!!,2026-06-23 02:21:46,playstore
90325b8b-da59-46fc-a185-d2766b5e2e11,aplikasinya bagus udh bertahun2 pake gk ada kendala. ko skrg tbtb error y min keranjang gabisa kebuka mana mau belanja bulanan poinku ada banyak. udah restart hp download aplikasi ulang ttp gabisa. ini gimana min ada solusi kah? mohon dibantu dong min!!,2026-06-22 23:39:42,playstore
91f61e12-2d25-4a28-b83b-8853af7dd35f,ga jelas aplikasi nya. a poin 163 rb tapi cumaan jadi 38 rb top up ga masuk masuk cs nya ga jawab. lemot muter terus. bener bener buruk,2026-06-22 16:49:19,playstore
3e9fee3f-b630-460d-af51-4fa68846bba5,josss mantep pisan membantu kalau orang males keluar barang Pesenan langsung sampe rumah,2026-06-22 14:44:24,playstore
3592c953-5868-41b7-8d43-108b89af4f5f,"pengiriman sangattttt lama, kalau dichat baru ngasih kabar. parah bgttt",2026-06-22 14:37:03,playstore
6de4139f-d1fc-4745-ab71-e1b6094e9750,"Mohon diperbaiki ketersediaan stok produk susu kalengan ukuran 800 gram. Beberapa kali saya menemukan status nil stock di aplikasi, padahal di toko fisik stok produk tersebut tersedia. Semoga Alfa dapat meningkatkan pengalaman belanja digital, terutama terkait ketersediaan barang, pilihan produk, dan transparansi promo.",2026-06-22 13:49:02,playstore
8a4d7c7b-5c0a-4355-8926-f920d6ef114b,"bagus, pengiriman cepat..",2026-06-22 13:05:52,playstore
07fcdf2a-696b-47ae-b0d6-f575a732d85b,jelek bgt sih masa tiap mau buka alfagift malah keluar Mulu gitu aja trs ada kalo setengah jam org kan mau belanja gimana sih,2026-06-22 12:26:25,playstore
4d16c29f-c9c5-48ca-8656-2f1887cda7fb,lumayan buat kumpulin poin,2026-06-22 11:35:56,playstore
4544fe6d-6581-46f4-8b9a-b7d4353707da,"susah login, di persulit",2026-06-22 11:22:39,playstore
1844c52a-1934-4d1d-b425-a454d3eb013c,"opsi pengiriman max 1 jam tapi pesen dari siang dikirim malam hampir jam 10, lalu diletakkan sembarangan tidak diserahkan pada penerima",2026-06-22 11:01:28,playstore
ef8d7543-80d3-451b-ba09-582892915b41,"Pesanan di cancel krna produk tidak tersedia, minta refund udah 1 minggu g ada kejelasan dana nya ga balik², di chat pun g ada balasan cuman di read doang, sedangkan di aplikasi keterangannya pengembalian dana selesai.",2026-06-22 10:02:17,playstore
ef6bdc7f-63d2-465a-ad2d-1b594a1e897c,"pop up iklannya sangat mengganggu, bikin aplikasi jadi lemot pas awal buka",2026-06-22 09:39:10,playstore
cb1200a4-cab2-4a3d-8271-e15845351fcb,kenapa ya aplikasi tiba2 susah digunakan??,2026-06-22 08:38:02,playstore
b3e42954-311c-46da-a092-0b5810586101,aplikasi ya berat banget loading ya lama bener mau blanja dan liat produk jadi males device ram 8 aja masih parah,2026-06-22 07:28:44,playstore
b3da83ef-a267-41f6-8e04-45b0bc213430,kenapa ya skrng aplikasi nya eror mlu... jdi susah buat belanjanya,2026-06-22 07:13:06,playstore
e8d0c99a-9c14-4ee2-86a3-cb4e0c948d5b,udah ga free ongkir lagi harus pake minor baru free ongkir uninstall,2026-06-22 06:58:09,playstore
c7c7d39d-1b1c-4c25-866e-4336d9fa34d0,"sejak diperbarui tidak bisa pesan antar, ini apk minta di perbarui. barang tidak bisa di input ke keranjang, bahkan keranjangnya saat mau dilihat pun error",2026-06-22 04:58:46,playstore
49804afc-9305-416e-ba1a-7c073c1bd2bf,Mau masuk akun proses nya RIBET,2026-06-22 04:21:15,playstore
735fd9b6-cbad-440f-aadd-56847e3a80b5,"mohon perbaiki aplikasi nya,sudah semingguan ini aplikasi lemot dan sering kembali sendiri. . saya pakai hp istri juga sama begitu . terimakasih",2026-06-22 03:32:20,playstore
a146e972-58f6-4810-b567-ba5b70589579,aplikasi alfagift tidak bisa di gunakan sering ngelack.. tolong dong ini solusi nya gimana???,2026-06-22 00:53:37,playstore
7c8a6c4b-bc84-4f65-b7eb-f2f8543d7a02,force close mulu setiap dibuka app nya,2026-06-21 23:26:53,playstore
6db68b6b-50ca-417c-872b-036a3aad2fee,gak niat ngasih voucher belanja.. padahal sering belanja di atas 100k 😅🤣,2026-06-21 15:46:54,playstore
03186db9-f046-4924-874f-3ae9ef992024,"saya kasih bintang 4 karena Kinerja bagus cepet sampe sebelum diantar pasti konfirmasi ke customer, cuman 1 yang kurang. kenapa gak bisa ngirim ke Plosok? ""alamat tidak tercover layanan pengiriman kami"" masa gak bisa, toh itu juga kalo sodara"" kita yang gak bisa ke Alfa karena gak ada kendaraan Giman? min tolong diperbaiki lagi ya padah jelas"" ada beberapa rumah masa gak bisa anter",2026-06-21 14:12:04,playstore
d0d995c2-47a4-4832-a1b2-ac9d19b38dd5,"Aplikasinya lambat banget...membuka halaman saja tidak sanggup, discrolling juga lambat. membuat malas belanja. Sepertinya kebayakan data atau iklan, membuat berat.",2026-06-21 13:59:46,playstore
828add20-3c8e-41e0-b2dc-14b947424545,"buruk, pelanggan gak minta penundaan pengiriman tapi dari pihak tokonya malah nunda pengiriman . asli buruk. dibatalin juga gak bisa . pesanan dateng lama, barangnya dateng juga gak lengkap. sampah bgt",2026-06-21 13:45:36,playstore
f2bcb014-df48-4c10-8788-c39d3f750967,tidak ada opsi batalkan pesanan ketika salah pilih alamat pengiriman. kontak tokonya kadang kurang responsif,2026-06-21 12:44:28,playstore
12a3a05f-136c-44f0-af38-5b540c74a8ea,"pengirimannya selalu lama. bisa lebih dari satu jam, hadehh",2026-06-21 11:50:45,playstore
79620478-84ac-434f-8693-3a0dcfd1e022,"kecewa si ak pesen dari jm set 6 sampai jm 7 pun blom datang""juga huhuuu perasan awal pesen ngk sampek 1jam an ini knpa berjam""p",2026-06-21 11:37:07,playstore
c864a152-b7c2-4eee-81ec-b15c6004b088,"Tidak bisa dibuka aplikasinya, force close",2026-06-21 10:08:11,playstore
7506177c-12de-41f8-99d5-534cc1219185,udah cape2 pilih produk. pembayaran.. karna aplikasi dana tdk cukup.. beralih pindah ke pembayaran bca.. eeh masa hilang barang yg udh ku pilih. pilih dari awal lagi gitu?? kan bkin malas Mulai awal 😔,2026-06-21 09:58:42,playstore
aef199fd-f89b-47c9-8b28-66c2877f5e98,mau login malah dikira aktifitas mencurigakan dongok,2026-06-21 09:30:59,playstore
a0cbd51e-f55a-48df-a365-d3358d40f19d,"aplikasi tidak maksimal di hp samsung A04 android 14, crash mulu, keranjang alfagift ga bisa dibuka.",2026-06-21 09:03:04,playstore
5394c9a6-58f3-436a-93ee-841a69826e57,"sudah intal tp mau daftar aja gak bisa terus, aplikasi sampah",2026-06-21 07:50:48,playstore
ee23d3af-c42c-4706-a95b-b6a76aa2b1e5,eror Mulu apk nya ga suka,2026-06-21 07:41:05,playstore
c911a219-8bad-481c-a44e-6186df6ee2f1,"kenapa tidak bisa di buka, selalu muncul keterangan alfagift tidak menanggapi",2026-06-21 07:34:35,playstore
81fe3727-16a6-40d4-bc6f-e37c691e1ac3,"kurir nya, minim komunukasi. org d rmh, slalu d blng ga ada d rmh, akhir nya lama bgt sampe pesenanya. klo ga siap dgn pesan antar. mending gak usah ada kurir internal.",2026-06-21 06:03:26,playstore
52820d19-2d60-43ad-8f27-292a96dbab19,lok jalat,2026-06-21 05:54:46,playstore
31cbedec-c959-4bd4-9c7b-32b6d4f90bd7,"pengembalian dana nya lama bangettt, ga otomatis",2026-06-21 05:07:32,playstore
ff33af96-1ab6-4b56-923b-972db1056d12,"Gak jelas ini aplikasi banyak bug nya, kalau belum siap jangan di launching dulu napa",2026-06-21 05:04:25,playstore
0e392910-4df7-4d97-ac19-6c8adfc390a2,"SISTEM NYA PERLU PERBAIKAN!!! MILIH 1 JAM SAMPAI MALAH UDAH MAU 3 JAM GK D ANTAR². ADA TULISAN PENUNDAAN PENGIRIMAN OLEH PENERIMA PDHL GAADA OPSI KYK GITU! JGN DZOLIM YA FITNAH² PEMBELI!! UDAH BERKALI² INI SOALNYA!!! KURIR NYA JG KUWALAHAN, PERBAIKI SISTEM, KALO GK SANGGUP KASIH FITUR CANCEL. DZOLIM BGT DIH",2026-06-21 04:06:34,playstore
fa4e36b5-638f-46e1-8ea7-d15c256548c2,suka logout sendiri aplikasinya. jadi harus jeluar masuk,2026-06-21 03:48:48,playstore
eb6a9cec-d8ff-40c2-ad53-f99c0cef3a50,aplikasi cuma asal asalan nggak niat stock selalu kosong terutama beras semenjak kirim di jadikan 1 kacau aplikasi ini dulu saya senang sekali sekarang sangat kecewa,2026-06-21 02:49:50,playstore
4bde9d9a-61ad-44ed-b750-b12e45f6e2c2,oke,2026-06-21 02:14:42,playstore
3c3121bb-0d05-4050-a9b0-c95713e9ef13,semoga belanja semakin hemat promo meningkat hadiah melimpah... gasas,2026-06-20 19:23:54,playstore
710926bc-8815-41d8-a5a5-e0ab4db9a005,Alfa gift kenapa sekarang lemot sekali sih??????,2026-06-20 16:56:37,playstore
3497b4e1-ccbe-42d5-99f6-e9e86d48b820,kenapa di aku ga bisa di buka ni apk,2026-06-20 15:42:24,playstore
e715a7de-acd0-4b18-b7a0-2063973c431c,"aplikasi tidak dapat digunakan,eror terus",2026-06-20 15:37:29,playstore
d8593264-771c-474e-900e-80a3d080fedf,Tolong perbaiki SOP nya udh 2 kali pesan antar padahal 1jam setelah pembelian tapi pengantaran bisa sampe 2-4jam. Mana pembelian tidak bisa di batalkan. Gak jelas dan jadi ga efesien. Gausah di install guys ga bagus kurang membantu apalagi kalau lagi urgent.,2026-06-20 15:19:38,playstore
81b3b572-3c0e-4a6a-81c5-fd189731476b,"benerin tuh sistemnyaa Gedeg banget dah mana ngajuin refund gabisa buruan deh udh tau sengaja biar cepet dianter buat makan drmh malah ditunda""Mulu",2026-06-20 14:04:05,playstore
cedc9de2-678f-4ec1-96d3-cbf9b6bf6fe7,"kenapa mau belanja, tapi di keranjang gak bisa muncul orderan, tertulis aplikasi sedang dalam masalah. bagaimana ini??? sebelumnya tidak apa-apa, tapi sekarang tidak bisa belanja. karena keranjang gak bisa di klik",2026-06-20 12:58:57,playstore
cdbdc676-cf48-46d3-99b9-0a304398e35a,kak kenapa apk Alfa gif aku nggak bisa di buka ya keluar2 mulu,2026-06-20 12:53:18,playstore
93da42bc-08f5-4537-a293-f6fd67f911d1,habis diupdate mapah ngadat knpa ya,2026-06-20 11:20:06,playstore
4a4289dc-d662-4e91-b3af-bf18df1639a2,"super lama bisa sampai 3-4 jam nunggu buat kirim kalo misal ngga bisa pesan antar tulis aja kak, nunggu yang opsi 1 jam datang lama banget belum kurir banyak alasan dan notif pesan jarang muncul pas kurir antar jadinya delay dan nunggu bisa 2 jam lagi + kurir super slow respon",2026-06-20 11:13:42,playstore
24716196-a711-4c53-b7b6-679a1090cdbb,"aplikasinya sekarang sering ngebug, keluar sendiri, tolong di perbaiki",2026-06-20 11:07:38,playstore
7be7d7d9-16c8-4f44-ae7a-55f8d67c0b99,ka gimana ini aplikasinya tetep gabisa dipake loading dan keluar terus padahal udah hapus cache beberapa kali uninstall beberapa kali matiin hp sebelum instal beberapa kali tetep gaada perubahan. cape,2026-06-20 09:39:03,playstore
c56b8d22-42d3-46d3-bc85-71bb1ab4484d,"sekarang harus 25rb baru gratis ongkir, sudah tidak sesuai apa yang di bilang sebelumnya kecewa dan ga asik.",2026-06-20 08:00:31,playstore
0ecbe355-ecea-454f-9842-85d88660a209,"kenapa ya beberapa hari ini app alfagift di hp sy error terus, udah nambahin barang ke keranjang tapi waktu mau checkout dan bayar malah error. terus sekarang lihat rincian barang juga error. Padahal seminggu yang lalu masih ok. Aplikasi alfagift temen saya malah ok ok aja. Tolong bantuannya min...",2026-06-20 07:44:18,playstore
6b51b80f-b246-41c9-8be8-c232b6b41331,semakin kesini semakin lemot aplikasiNya.,2026-06-20 07:16:14,playstore
ff6ec592-9432-4f4e-a283-448d9f027e1d,"awalnya bagus, tapi beberapa hari yang lalu sampe sekarang tiap saya mau belanja tiap masukin barang ke keranjang tidak bisa, buka keranjang juga tidak bisa, ini kenapa? saya sampe keluar aplikasi, sampai uninstall & install ulang tapi tetap tidak bisa belanja, mohon tolong ini gimana",2026-06-20 05:59:46,playstore
e78bf74a-3f35-4c32-acc8-dc6f488a9d19,"aneh, gw ga jadi cek out malah bilang melebihi batas pembelian! pengiriman juga sangat lama padahal instan",2026-06-20 05:12:00,playstore
4f242ad2-5433-408b-800a-54f14299f744,"kenapa sih, daritadi saya mau pesan apknya malah eror, suka keluar"" sendiri padahal. di update udah, di hapus terus download lagi udah, tapi sama aja tetep seperti itu, tolong diperbaiki lagi gangguannya supaya kita belanjanya lancar juga",2026-06-20 04:53:46,playstore
8b1f95ac-ebe8-4cfe-a76c-52cd6211d829,tidak bisa lakukan pesanan alfa gift d semua alamat,2026-06-20 03:47:09,playstore
a5ce0b82-5b30-4b44-9f2f-4fef68fef01b,👍👍👍,2026-06-20 03:30:21,playstore
774cc3fe-5971-4895-9fd3-f2f53776fb1c,"kenapa klk barang nya di rtrnd uang gk di kembalikan k dana ya, tapi malah di jadiinn A-point, trus point itu gkbisa di pakek",2026-06-20 03:22:50,playstore
86cdb17b-dece-48d1-a449-0ca014f0535d,aplikasi nya eror setiap di buka pasti keluar lgi,2026-06-20 03:09:31,playstore
dc1828ec-5561-4492-b188-7d30e69b9d0b,"Tolong bagian packing diperhatikan lagi, kadang dikirim barang yang tampilannya sudah rusak, kadang packaging makanan/minuman nya berdebu, kalengnya penyok, atau mendekati tanggal expired terutama yang tebus murah. Ini baru banget saya dikirim sosis tp vacum nya terlepas, saya sudah chat di aplikasi untuk dibawakan gantinya tp malah tidak dibawakan",2026-06-20 02:56:30,playstore
b49a9322-a0dd-40b3-aa1a-103f7275fd01,"kenapa habis diupdate malah closed terus, ga bisa masuk ke aplikasi bolak balik hapus instal ulang sama aja dulu lancar2 aja",2026-06-20 02:08:25,playstore
13f2b089-3a27-400d-b0d0-7dd3482c1150,"sangat membantu di saat tidak ada kendaraan,dan harga juga terjangkau...",2026-06-20 01:58:58,playstore
3246dbc7-28af-443c-ac3b-8c151cacb11b,KACAU ! udah konfirmasi refund katanya proses dr pusat ditunggu 7 hari kerja belum diproses akhirnya minta customer service dan disuruh mengisi data no rekening setelah mengisi dan kirim nunggu 3 hari malah dijadikan A-Point tanpa konfirmasi . SANGAT BURUK LAYANAN ALFA INI TIDAK MEMENTINGKAN KEBUTUHAN CUSTOMER . SEKALI LAGI TANPA KONFIRMASI !!!!,2026-06-20 01:27:00,playstore
2b9d789f-951b-4487-bee8-313dde3f42dd,kenapa saat saya klik keranjang selalu tidak bisa?,2026-06-19 23:58:19,playstore
91c63bf7-0804-443d-97dd-4b0b24aebc6e,ini knpa smpek 3 hari perbaikan mulu yaa saya lg btuh barang biasanya lancar2 aja ini mlah gjls perbaikan mulu bhkan krjang gk muncul,2026-06-19 21:17:02,playstore
7a0ab4ec-7f03-4d4d-a52e-310b0d79764b,"tiba-tiba gak bisa order, fitur keranjang nya gak bisa dibukaa.. biasanya juga bisa dan lancar2 aja.. tolonglahh, gimana saya mau order kalo fiturnya bermasalah, udh 3 hari, di update udah, restart hp udh, logout udh, uninstall dan install lgi pun udahh.. masih nunggu sampe skrg untuk fitur keranjang nya bisa lagii 🥲🙏🏻",2026-06-19 14:50:47,playstore
0330a672-69ee-44f4-995d-a8cd8dc7fd4a,tiba² keluar mulu gangerti.,2026-06-19 14:25:49,playstore
e5e07d1a-1c34-4fef-8525-7c43e199a39c,"tolong perbaiki lagi, udh daftar biodata tr DJ suruh isi kode refeal pdhl itu opsional tp pas ngelewatin malah harus isi pdhl opsional. trs daftar tahun 2005 dikira dibawah umur 17 pdhl udh 2005 trs pas ngelewatin kode refeal dikira spam atau akun aneh perbaiki ya tolong udh isi 2005 malah dikira dibawah umur 17 lawack",2026-06-19 13:35:34,playstore
20672c3a-69fd-4a50-bdbe-5003679d8445,"saya tidak bisa claim barang saya padahal saya sudah ambil barang yang saya sudah pesan. tidak seperti Indomaret, pembeli bisa claim barangnya yang telah diambil",2026-06-19 12:52:58,playstore
897aa46e-0fb6-43dd-8b7f-4f9d8ed04075,"susah di buka.. eror terus, padahal udh di update.",2026-06-19 12:29:11,playstore
aeccd449-4e42-4ef1-8a80-097d0b1488f7,"Pengembalian dana setelah cansel berapa lama? Pengiriman lama, pengembalian sana juga lama.",2026-06-19 12:20:08,playstore
f23d6a01-790b-4951-bab4-f1a59c33d09f,jelek banget jadi berat loading lama,2026-06-19 12:19:08,playstore
df10fbc3-cd93-4c4b-a4f0-2ca50bed6260,aplikasinya ok,2026-06-19 11:50:47,playstore
7c13a04b-9037-4f5d-8313-d612983869e4,"pengiriman nunggu 1hari baru nganterin gw jabanin masih sabar aja, trs ini pake pas nganterin salah rumah terus diterima nenek2 lagi, udh setengah jam. apa ga abis barang gw yg isinya makanan? yang bener lah karyawan kalian kalo kerja. mau beli lewat alfagift jadi mikir 1000× lg dahhh",2026-06-19 10:04:39,playstore
85788675-03d2-4b16-9759-d090b26160e1,"saldo gue ga bisa balik, ga becus karyawan nya malah salah kirim saldo orang ke nomor yang lain 👎👊",2026-06-19 09:53:59,playstore
c9d5b6d9-6b8a-479e-9d25-fb29882f0293,sudah bagus tapi kadang data terhapus sendiri jadi nota belanjaan tidak tersimpan padahal terkadang sangat membutuhkan untuk split bill,2026-06-19 09:51:03,playstore
bf163d26-7e8f-4e8b-a5cc-8be8b627a68f,"Daerahku daerah Baturadden, tapi aneh padahal banyak alfamart, tp kenapa gak bisa pakai aplikasi alfagift sama aja bohong saya harus ke lokasi.",2026-06-19 09:37:43,playstore
ab828f4b-ad33-4dd5-82ac-1ecdb5444e6f,bulanan sllu belanja di allfa sangat memuaskan pengiriman cpt no debat banyak promo dapat poin setiap x belanja gratis ongkir dan tidak perlu gantri sangat memuaskan sukses sllu allfa..,2026-06-19 08:49:22,playstore
1affb55f-cb9e-4bc5-9dd7-b2c3ffc98fbc,"aplikasi kocak, gak mau bersaing keknya. Ini kalau beli hp second dan hp pernah buat login si pemilik lama masak gak bisa buat login pakai akun si pemilik baru, dengan keterangan. ""Maaf, perangkat ini sudah digunakan oleh akun lain"", wkwk",2026-06-19 08:29:22,playstore
181a6f98-9ab0-4f39-b21d-f0e7c94dc63a,pelayanan anggota Alfamart sangat minim pekerja tukang parkir gak boleh belanja di Alfamart emang kalau belanja di Alfamart tidak boleh kerja tukang parkir ya? alamat Alfamart nya di jalan lintas Pelalawan pangkalan kerinci,2026-06-19 08:10:51,playstore
9477e060-4cfa-4cc3-ae47-05b5e048da6c,"Sangat membantu kalo lagi mager keluar, tanpa ongkir juga. Tapi kurangnya menurutku, ketika pengiriman gak ada maps kurir nya sampai mana, jadi kadang kasian sama kurirnya kalo menunggu/alamat kita kurang lengkap hehe",2026-06-19 07:24:37,playstore
5d789046-3e0d-4e32-b93d-a532af8b5cfa,"min kenapa aplikasinya ga bisa buka keranjang sudah seminggu ini aku jadi ga bisa belanja di alfa gift lagi, tolong sistem nya diperbaiki ya nanti bintang aku rubah lagi kalo aplikasinya sudah oke",2026-06-19 05:56:05,playstore
16cbc334-a53a-47f5-9e54-88614cfed6fe,aplikasi bug atau gimana? keranjang belanja tidak bisa dilihat atau ditambahkan. otomatis gak bisa belanja,2026-06-19 05:12:18,playstore
98143951-acda-4290-bca7-171dc7c6eb9e,bug tebus murah nya balik harga normal pas bayar,2026-06-19 04:45:39,playstore
36a7707c-936a-4a3c-944d-55d98ca9c9ec,"aplikasi belanja paling best. sebenernya yg oke tuh pegawai alfa di daerah sy sih (tanjungraya madiun). orangnya pada ramah2, ada kesalahan sedikit langsung gercep ganti, pengiriman jg gapake lama. sepanjang sejarah setahun lebih pakai alfagift (seminggu 1-2x belanja) pernah komplain 4x n semua tertangani dg cepat n sangat baik. makasi ya mas/mbak alfamart tanjungraya",2026-06-19 04:39:44,playstore
384652ad-c836-4172-8fd5-855e40d994f7,"aplikasinya buruk , sering error",2026-06-19 03:42:16,playstore
b9efe42e-8e29-44c9-acd9-fe4d00a3b303,"Tolong diperbaiki/ diperbarui lagi aplikasinya🙏🏼 berat di tampilan berandanya, kalau bisa jangan memaksakan hanya tampilan yg elegan tapi di sesuaikan dengan bobotnya juga wahai develop",2026-06-19 03:32:35,playstore
d9e50b07-4740-4abb-b9b2-7a798a86dc7c,update versi baru nya malah lemot,2026-06-18 15:18:21,playstore
02704bae-cd47-40fa-b421-08bf302968c3,"Ga bisa ganti nomor hp, nyusahin.",2026-06-18 14:08:45,playstore
6778e477-00e7-419e-af63-215c857be8f3,pengiriman sangat lambat!,2026-06-18 13:55:12,playstore
7f775a5a-a476-49e3-902d-761eb139d448,aku suka jajan di alfamart,2026-06-18 13:53:55,playstore
1bbd27e2-0dae-46da-be7d-9ae82667e74f,"kasih bintang 1 karena tiba"" kena ongkir dan pengembalian ongkir nya tidak wajar dalam bentuk koin yg artinya harus di belanja kembali , tolong kembalikan sistem yang lama tanpa ada ongkirnya",2026-06-18 13:13:07,playstore
b21e2aff-04a8-41c0-8ab4-f709334aac10,"untuk aplikasinya sendiri sangat membantu dan sangat bagus. pengirimannya bagus, cepat, rapi, sesuai pesanan, tidak ada yang keliru... tetapi tidak semua toko seperti itu. bukan aplikasinya yang kurang, tapi pelayanan masing masing tokonya yang berbeda, karena pernah order dilain toko slowrespon, barang salah, kurang lengkap, dan lama, tergantung pelayanan masing masing toko. untuk alfagift harap di-briefing kan kesetiap toko agar para pengguna setia alfagift tetap setia menggunakan aplikasinya",2026-06-18 13:10:55,playstore
f404b934-e44c-4573-ba43-1c00306a22da,"terbantu sekali , untuk saya ibu yg punya bayi",2026-06-18 12:43:44,playstore
be98d283-c5bd-4ea5-9c79-fca734dc76a7,alfagift sangat membantu untuka ku yg jarang kluar rumah krn sibuk semoga tambah banyak promo dan tambah lengkap 👌💯,2026-06-18 12:12:57,playstore
26fa3685-d806-4d67-a10f-e937353dd9e6,senang,2026-06-18 12:12:36,playstore
98a9c73f-0ba9-4815-8ac1-2dd4b0384c27,bagus dan murah,2026-06-18 09:06:46,playstore
c2c5d9f3-8091-418c-aa73-1ba072535736,"pesan barang dikatalog ada,pas mau dikirim malah dibilang kosong terus dibatalkan.alasan pembatalan dibilang merubah item, sekalinya mau pengembalian dana,malah lama banget maksimal 7 hari.parah yang salah siapa malah bikin ribet konsumen",2026-06-18 07:56:04,playstore
f80f049e-cbb0-4aec-a4ce-5ca3eee3e6b5,"sebenernya aplikasinya baguss, tapi ini ini pengirimannya sangat tidak tepat waktu, mungkin gk di semua cabang tapi di tempat saya di bandar lampung suka telat banget pengirimannya, kata temen temen yang lain juga ngeluh gitu, lama banget pengirimannya. mungkin bisa di tambah fitur penilaian buat kurirnya dan fitur maps proses pengirimannya trus fitur pembatalan pesanan kalau udah kelamaan gk di kirim kirim.",2026-06-18 07:44:10,playstore
5524b815-62d4-4909-a96f-859edf90a218,"sering ngelag aplikasinya, sering keluar sendiri, ga bisa dipencet, loading lama bngt aneh padahal jaringan dll mendukung bngt",2026-06-18 07:43:32,playstore
b579c133-89fb-4f37-a997-d87fadbc7322,"banyak promo dan gratis pengiriman, pengiriman sesuai estimasi. pelayanan oke banget, mantap dah....",2026-06-18 07:21:17,playstore
0eaf33d0-a448-49a2-9cd2-a36c3a20ae18,"untuk penukaran pulsa dan paket data, kalau produk sudah tidak tersedia minimal di hapus ajaaa dari daftar, kurang asem emang..",2026-06-18 07:12:27,playstore
2e433680-56c2-4f55-8096-7ec676facae2,"hai kak.. bisa tolong di tangkap google maps nya kak.. di sini sudah da Alfamart terdekat kak., tp sayang nya ga bisa belanja online lewat aplikasi Alfa gift kak., cuma untuk daerah nya atau alamat nya ga bisa ke jaukau, aku dari kerta, Banjarsari, jln Raya Malingping Lebak Banten. KLO bisa tolong di perbaiki ya kak., supaya bisa ke jangkau ke daerah atau alamat kita, karena kebutuhan di desa hampir sama seperti di kota., terimakasih☺️🙏🏻🫰🏻💕",2026-06-18 07:05:45,playstore
e9d42f60-5e9f-4984-ad27-cf32b588e7fa,"aplikasinya sudah bagus, cuma syg GX bisa ganti nomor kalo nomor pertama mati, coba dikasi fitur bisa ganti nomor pak",2026-06-18 05:42:59,playstore
5e328adc-6091-4c38-81a1-ce022a507c53,aku pelanggan setia alfamart tp aku kecewa sih. udah bbrpa kali belanja. tp pesanan yg di kirim Salah. tdk sesuai Dngan yg di order. sekali salah okelah. tp ini udah kesekian kalinya.. pdhal tiap minggu Belanja Tp kecewa Sih. ini merugikan Banget. mungkin bukan hanya sy yg mengalami Ini. smg kedepannya bisa di prbaiki lg kinerja Nya. sebelum kirim di cek Dlu barangnya. kami bayar. tp dirugikan,2026-06-18 04:49:16,playstore
9cb5968a-c338-41ab-b692-27fae884416b,bagus apk nya keren dowlod lah sebelum anda menyesal,2026-06-18 04:24:49,playstore
9126c928-9385-41c1-ba05-4df45469a79d,"dicancel dari toko tangga 7 juni 2026 sampai sekarang 18 juni 2026 belum dikirim refund dana nya, tolong diperbaiki lagi kesalahan toko kenapa jadi konsumen yg harus menanggung nya dengan dana blm dikembalikan selama 11 hari padahal disitu 5haru kerja tapi kenyataan nya nihil. Refund dana 1x24jam harus langsung dikembalikan karna bisa jadi orang tsb akan dibelanjakan lagi. PAHAM?",2026-06-18 02:58:16,playstore
f74265b0-23b0-4dc8-8e08-db723251554a,"proses lambat,tidak jelas,kurang tanggung jawab.dari ptugas alfanya ngga ada pmbritahuan kalau toko tutup,ada kjelasan sampe chat petugas 2 kali.suruh kirim hari kdepannya malah disuruh retur aja.giliran sudah diretur dana ditahan.dilempar sana sini sudah lebih dari sminggu danaku belum kembali.",2026-06-18 02:55:22,playstore
16a747fb-f4f0-4319-85e0-78fb8a66d38e,"aplikasinya kenapa ya kok sering ngebug skrg? tampilan beranda oke, pas klik pencarian stuck gak berubah sampe keluar sendiri",2026-06-18 01:33:10,playstore
d8c3042b-a58f-44d8-a170-f449bf726dc9,KETERLALUAN POIN SOFTEX GAK MASUK PDHAL SDH LBH 3 HARI SEKARANG VOUCHER HOMECARE...NGADU KE CUSTOMER SERVICE JG PERCUMA,2026-06-18 00:27:42,playstore
f9183723-8465-423a-907e-8916f9d8b9d1,"habis update malah ga bisa buat belanja, fitur keranjang ga bisa di buka dan ada peringatan aplikasi sedang ada masalah. udah coba log out trus login lagi tetap sama, bahkan sudah coba pakai perangkat lain juga tetap ga bisa... padahal sudah lama pakai aplikasi ini dari tahun 2020 ga ada masalah sebelumnya...",2026-06-17 23:58:36,playstore
84a12fc1-706e-4245-88bf-153deb58a13a,bagus,2026-06-17 19:34:57,playstore
74532d6f-5052-4cc9-ac79-e7a27881996d,susah,2026-06-17 18:11:50,playstore
970649e8-7d01-469e-96b3-ba6b546fbac2,sangat membantu saya,2026-06-17 17:25:52,playstore
1225174b-1df5-48ab-857e-541397ef472c,"alfagif saya gak bisa di gunakan, setiap mau masukin barang belanjaan ke keranjang kuningnya.. malah gak muncul,",2026-06-17 15:17:54,playstore
f6f29325-4d39-466b-abf4-d2930614c9b9,"pelayanan Gercep dikirim sesuai permintaan pelanggan,jam selalu tepat waktu..bagus pokokx mantap alfamart",2026-06-17 14:07:41,playstore
c41f2ae7-5fe2-46c9-a2a0-b0fcd2998e94,"nunggu berminggu-minggu ga pernah di restok, ga niat banget aplikasinya",2026-06-17 10:18:19,playstore
b46e2718-9712-4e40-80ed-f845c73baa1f,"saldo saya belum di refund juga, tolong ya admin",2026-06-17 10:01:23,playstore
8961843f-5218-4b3f-8c8c-873026369a29,"pesenan ga sesuai, baru dibuatin pas dateng ke store, percuma pesen dari aplikasi kalo sama aja antri!!!",2026-06-17 08:11:00,playstore
0c0dee73-f290-4c0a-bb71-2377a3c11d3a,kok sekarang pakai ongkir ya?,2026-06-17 08:07:32,playstore
32e4b836-f4b4-44f8-b8f1-a1539b1a7655,"tolong diperbaiki aplikasinya min🙏 setelah update terbaru setiap login sering crash dan keluar sendiri, padahal hp iphone 17promax ram 12gb rom 512gb cash",2026-06-17 07:26:25,playstore
7ccf3b84-faee-4a1b-ae93-1fd488bd015f,"perluas jangkauan delivery plis, Indomaret yang jaraknya lebih jauh dari Alfamart masih nyediain layanan delivery yang jauh untuk produk online, masa Alfamart kalah sama Indomaret, padahal barang-barangnya lebih banyak dari Indomaret, kecewa",2026-06-17 06:57:02,playstore
9eee898d-a676-4b9b-ba2d-3192cab48de3,"saya sdh beberapa kali kecewa sama Alfa gift order siang nyampe malam order sore nyampe pagi ....semenjak ganti yang ngirim jdi pengiriman nya lama ,eh tdi iseng"" masukin ke kranjang tidak bisa masuk laporan nya ada yang tidak beres ... untuk Alfa gift mohon maaf ya saya kasih bintang 1",2026-06-17 05:52:36,playstore
23ab9a0c-542c-4987-bc3c-96051499dbd2,kenapa alfagift skrng ada ongkos kirimnya padahal dulu gratis ahh..gak recommend lagi pake alfagift,2026-06-17 05:16:28,playstore
a8cf9c08-4d51-41ea-a48f-9fa628550c39,"Kasiih live location, biar kalau barang di antar bisa tau",2026-06-17 04:59:58,playstore
b69f4d72-c4f8-45aa-8f91-dd296363ffea,alfamart bohong kata nya dapat hadiah malah bilang nya bohong,2026-06-17 02:58:54,playstore
dd3e2e38-0253-4479-b331-24996c75550b,"pelayanan nya buruk , pesanan saya di batalkan toko dan sudah di bayar. tapi uang tidak di kembalikan chat toko tidak di respon hubunngi cs nya pun susah . tidak ada tanggung jawab nya terhadap customer",2026-06-17 01:35:30,playstore
e1f11e13-c48e-499b-8bb1-b37188eb1ad9,"min admin, kenapa setiap buka keranjang,coba lagi terus?",2026-06-17 00:31:48,playstore
3e561a4c-aaac-4bfc-bb0f-cc5a5a6a5703,"aku kasih rating 2 karena pesen galon aqua datangnya bocor gak layak minum, kalau ada itikad baik ditukar baru ak rubah bintang nya",2026-06-16 15:38:48,playstore
e7debb0d-f1a1-44aa-9232-a175a18f27e6,aku kasih 4 bintang dlu soalnya masih blum bisa,2026-06-16 13:48:42,playstore
df99b084-da22-4a0d-94c1-795ea81c30de,pelayananya bagus dan memuaskan,2026-06-16 13:21:49,playstore
12502641-77de-4028-9f02-824fef4c3a13,"min, ini apk nya selalu keluar sendiri ada pernyataan yang bilang apk ini tidak menanggapi,padahal aku udah instal ulang tapi tetep gitu.Sejauh ini cuma itu si kekurangannya, tolong min diperbaiki lagi apk ini.",2026-06-16 12:44:56,playstore
4b82a1e5-129e-4d90-a336-562fd91e3eb0,Ribet banget dikit-dikit aplikasi rentan,2026-06-16 12:39:56,playstore
94e82938-5d5a-4a2c-93d9-d48ca4ab0a37,"mau komplen, alfa sekarwangi cibadak kalo nganter luaaamaa poll. dulu awal awal cepet, sejam sampe, sekarang pesen jam setengah satu, jam setengah 5 sore aja belum ada kabar pengiriman, sip deh",2026-06-16 09:15:43,playstore
62c0904d-fedc-4800-bbe8-d505f99a3d96,"Adain opsi tip buat driver min.. kadang pen beli sedikit tp kalo dianter ga enak sii cuman gabisa keluar rumah, jadi klo dh nyampe pen ngasi tip gitu.. soalnya klo ngasi langsung ga enak",2026-06-16 08:11:11,playstore
47a0e2f8-633a-46bd-919e-881c4cf2cc09,"aplikasinya kenapa banyk bug nya , aplikasinya nutup sendiri, kirain pindah perangkat gk ngelag, ternyata masih sama. jaringan aman diperbaikin lagi ya",2026-06-16 07:21:36,playstore
89131ea5-ee4b-459f-8055-cbfaf77db59c,"haloo ini saya mo ke metode pembuatan muter2 trs padahal jaringan lancar, pdhl lagi butuh barangnya nih",2026-06-16 07:02:28,playstore
185dcd1a-cd68-4dc1-9615-a676afd70317,pengirimannya lama di opsi 1 jam tpi nyata nya 2 jam,2026-06-16 06:30:06,playstore
b3f589b8-c25c-4614-ab67-434b6f44ec76,"pengiriman selalu lamaaa kalo di komplain petugasnya cuma cengar cengir, kaya menyepelekan customer, boro-boro minta maaf",2026-06-16 06:18:08,playstore
cee395ed-e4b6-4b00-b2c7-70ba7d2fee47,"estimasi pengiriman TIDAK PERNAH akurat, diaplikasi dibuat Dikirim maksimal 1 jam setelah lunas, tapi Nyata nyata bisa sampai 5 jaman gak sampe sampe, kadang besok pagi nya baru dikirim, kadang dibatalkan otomatis tanpa ada pemberitahuan, segera dievaluasi dong APLIKASI nya jika tidak bisa dibenahi mending tutup aja aplikasi nya,gak usah sok mau keren pake aplikasi tp gak sesuai kenyataan, kesellllllll",2026-06-16 05:50:10,playstore
1523029b-f8bb-4ee6-b357-6cb8593097be,"kurir nya lama banget nganter nya, gak sesuai sama jam antar. Ada opsi mask. pengantar 1 jam setelah payment tapi selalu ngaret. Harus di spam terus. Lucunya sering ngasih notif ""pesanan anda sedang di antar"" padahal harus belum, bisa 1/2-1 jam sendiri nunggu nya. ya kalau emg ga bisa tepat sama pikihan waktu nya, non aktifin aja pilihan waktu maks. 1 jam itu. Trus juga gak ada fitur kasih rating toko yang mengantar pesanan.",2026-06-16 05:06:20,playstore
b160860d-2452-4ece-ac28-0a8c2254a387,"pengiriman selalu tertunda dgn alasan pelanggan ingin menunda pesanan, tp saya ga pernah ingin menunda ga sekali dua kali, tp udh sering. perbaiki lg yg bener",2026-06-16 04:59:29,playstore
f5c34ffc-e49e-445a-a2e6-cf60226450ad,"lumayan mudah, cuma masih ada produk lainnya yang belum bisa di beli via apk alfagift",2026-06-16 04:50:22,playstore
0827e574-2db4-4cbb-98ba-7abc9fefe273,"KESEL LOLA BANGET, ga hanya itu pas klik barang yg harganya jelas lg promo, pas cek keranjang harga normal. BEGITU TERUS, bisa gilakkkkkk",2026-06-16 04:10:17,playstore
4d4506e3-a3fa-4917-997f-6923ddf19927,belanja dikirim gratis ongkir puas banyak promo nya mantap,2026-06-16 03:50:41,playstore
195a9d2a-22d0-41ad-84ad-c6ab320ea0f8,aplikasi punya sy knp ga bisa kebuka udh ganti hp ganti no tetep aja terkunci gimana ya pdhl udh ngebantu bgt buat blnja,2026-06-16 03:34:41,playstore
7d3eef54-78d5-4d06-b278-48a67da5e2e2,"Lemot banget sumpahhh mau belanja jadi emosi duluan,udh diupdate apk sinyal full ttp lemot heran",2026-06-16 03:30:14,playstore
a2980162-dca5-464b-9b39-bb835c4a348c,"GK jelas,ga ngerti saya sama aplikasi nya baru aja daftar tiba"" keluar dari halaman saya masukkan nomor telfon yg terdaftar ktnya nomor tidak bisa digunakan padahal tidak ada saya hapus atau log out dr aplikasi, aneh udh 3x saya daftarin nomor hp gitu juga smuanya",2026-06-16 03:24:47,playstore
fe46e130-7f3b-48cd-b7c5-07c44fbd8e31,ini pengiriman khusus daerah kota .yg didalan desa jauh dari alfa pasti gak bisa,2026-06-16 03:08:27,playstore
046dfda7-28c4-4ecd-8e23-edcea437707b,Perlu perbaikan sih ini di aplikasinya.. pake fitur pengiriman instant maksimal 1 jam malah dikirim lebih dari itu mana proses ditunda dulu dengan alasan *PELANGGAN TIDAK MEMBALAS CHAT* padahal jelas jelas sebelum itu saya sudah balas dan nggak ada konfirmasi kepastian kapan pesanan akan dikirim ulang.. customer jadi menunggu hal yang tidak pasti *apalagi tidak ada fitur cancel*,2026-06-16 02:32:08,playstore
702f5c34-0142-44a2-a612-3877467b3286,"gajelas banget error apa gimana,pas mau di cek out berubah harganya gimana sih",2026-06-16 02:15:15,playstore
b15ff5cd-602c-40b2-a69e-8eba6b6b7faf,"Sebenarnya saya suka dengan adanya apk ini karena cukup membantu saya meskipun kadang agak lambat, tapi sekarang kenapa yaa apk nya pas masuk suka closed sendiri belum sempat pilih belanjaan dan cek keranjang udah closed aja padahal kan lagi perlu tapi begitu terus dari kemarin sampai sekarang biasanya gak gitu tapi dari kemarin sampai sekarang ko masih tetap closed aja saya coba clear chace udah clear data dan masuk ulang dan uninstall juga udah tapi tetap tidak ada perubahanan closed sendiri",2026-06-16 01:26:32,playstore
df382be9-0c9e-4e05-9463-63a41b1b1f8a,aplikasi suka nutup sendiri,2026-06-15 23:06:07,playstore
8065af2c-96d9-4413-8c95-8717f2f9cbe6,aplikasi suka error cuma muter-muter. mau cari barang aja di pencarian lemot banget. bikin kesel aja ini aplikasi. pas diklik nyimpannya lama bener. kecewa bangettt,2026-06-15 22:10:58,playstore
038e34f6-2c8f-46eb-98af-fb994e8d9634,Alfagift Aplikasi Terbaik 👍🏻,2026-06-15 19:47:51,playstore
5f12af30-1c72-48fb-ba48-89bcbea109bb,"Memenuhi kebutuhan dan cepat sampai ke rumah, benar-benar memudahkan pelanggan.",2026-06-15 14:28:32,playstore
f08301fd-6790-46a0-a5a4-4a9ab7918fd4,"ngga usah ada fitur chat²/pemesanan kayak gini kalau admin balasnya lama!! gilak ya, dia pikir dia doang yg sibuk, saya pesan online karena saya juga sibuk!! udh di kasi tau di antar sebelum jam 10 pagi, tpi ngga di balas² terus tiba² seenaknya chat WA sore² dengan posisi gw lagi DILUAR dan disuruh pesan ulang, situ gila ya? dichat ngga di balas² dari PAGI sampe SORE, klo ada report admin, udh gw report tu orang, njs.",2026-06-15 14:16:36,playstore
c0c5a150-14e6-4b01-9b7f-090cc546b375,"fc terus setalah update, gabisa dibuka wkwkwk Apk berat lebih dari shope malah",2026-06-15 13:02:51,playstore
791d2503-5b2e-4880-b7bc-ea3580670548,"ga sukak karena sekarang ada ongkirnya 5ribu, tolong hilangkan, masa minimal belanja 50ribu baru ga ada ongkirnya",2026-06-15 11:24:26,playstore
8be4ef00-e165-4893-a49c-01b5dc9af010,nyampek nya cepet banget . ♥️♥️♥️ GK nyampek 1 jam. beda sama di sebelah. pesen hari ini nyampek nya besok,2026-06-15 11:16:54,playstore
bda460e8-8f89-4f53-b374-b83e8725c8d7,"cukup sering berlangganan di alfagift.cuma yg sangat di sayangkan itu pelayanan pengiriman & pembayaran.untuk pengiriman barang terlebih.semisal order pesanan dengan metode pengiriman 1 jam lebih.di anternya baru sampai ber jam"" .sedangan kita konsumen menunggu kapan barang sampai.juga pembayaran COD yg bahkan saya sering chat admin kalau akan meminta kembalian & uang apa yg akan saya pake.hasilnya barang datang saya beri uang malah di jawab enggak ada kembalian.& itu selalu terjadi..",2026-06-15 09:04:33,playstore
e5e888e8-ce14-4a62-b8c4-9d11d58ed0db,"Kenapa sekarang berbayar ya ada ongkirnya?, sdh seperti di gomart dan grab saja. Padahal sudah langganan transaksinya mudah bebas ongkir.",2026-06-15 08:12:41,playstore
78f1fd8f-9dba-4cf8-bdc3-748bc72aa3b9,"Alfagift skrng ini bermasalah. Semakin kesini terasa semakin berat. Buka keranjang malah terkeluar, gitu terus kejadian berulang. Mau order gk bisa. Pdhal dlu enteng aja. Skrng leletnya menyaingi Shopee, mlh skrng Shopee lancar-lancar aja, gk seberat dulu. Eh skrng Alfagift lebih parah. Masih dengan hp yang sama btw. Ini aku mau order gak bisa, keranjangnya gak bisa kebuka. Kecewa. Slma ini bagus2 aj, entah kenapa skrng jadi begitu. Woy Min ini aku mau order gimanaa? 😭😭😭 Edit : udah bisa Min",2026-06-15 08:11:14,playstore
6a556878-b303-4d31-9e0a-7555d48bf11a,"aplikasinya sering nge crash, tiba2 keluar sendiri",2026-06-15 06:45:29,playstore
75023690-7ecb-4100-8281-502f7bfb67de,next time fitur pembayaran pake uang nominal berapa dihilangkan aja udah pilih nominal 100rb karena gak ada uang pecahan kecil malah yang nganter nggak siap kembalian jadi ribet nyari tuker uang,2026-06-15 06:34:21,playstore
46c10eac-80da-4935-bf8d-0bf6bcf17cd4,"parah banget.. aplikasi nya makin parah, lelet dan suka keluar sendiri...",2026-06-15 06:19:00,playstore
1586a99c-da3b-4741-95ea-836972acbfdb,gak bisa login meskipun udah nyoba cara yang di kasih tau dengan cara nge DM di Ig tetep gak membantu,2026-06-15 05:44:57,playstore
4be94b62-fcfa-4362-8bfa-3222d9508731,sangat membantu,2026-06-15 05:35:57,playstore
79c3e9c1-6dad-4845-9e16-3e504dd032f2,ga bisa login padahal udh punya akunnya,2026-06-15 05:08:44,playstore
fbe73d16-20e9-4bc1-85de-2cc729c11a57,"pada tanggal 8 saya melakukan pembelian, pembayaran sudah berhasil lewat transfer namun di aplikasi alfagift pembayaran belum diterima sampai akhirnya orderan syaa dibatalkan. Saya email untuk pengembalian dana disuruh tunggu 5-7 hari kerja dan sampai hari ke 8 tidak ada pengembaliam dan, tiap kali di email jawabam selalu solved, bukan soal angka tapi TANGGUNGJAWAB pihak alfamart NIHIL. dana receh aja ga bisa dipertanggungjawabkan",2026-06-15 04:47:44,playstore
780c19ba-30db-4ed3-923a-aa87df3df04b,"parah nih alfagift pesanan sering dibatalkan dengan alasan diluar jangkauan, mana pengembalian dana lama. tolong benerin dulu sistemnya baru aku kembalikan bintangnya.",2026-06-15 03:22:45,playstore
5b777263-4bd1-4cc9-bd6c-98c8f83ed37a,"dulu sering belanja disini karena bebas ongkir Rp 0, sekarang minimal 25, sama ajjja kaya toko sebelah di biru, mending disana sekalian",2026-06-15 02:06:07,playstore
4172b37f-34eb-49b0-b3e6-5f51e5340f18,"Buat ALFAMART saran buat item kantong plastik dinota tolong ditulis lengkap jangan disingkat..""KT"" Karena itu item tambahan bukan kita yg beli biar gk terjadi kesalahan pahaman. Sampai pernah viral terjadi pemukulan karena salah paham.",2026-06-15 00:07:54,playstore
f0b67859-207d-468c-86fb-5f778aa4c9f1,"kenapa apk nya selalu tidak menanggapi? udh dari lama loh, uninstall - install - masuk - tidak menanggapi - uninstall.... kek gitu trs ga dibenerin? tlong lahh",2026-06-14 23:13:32,playstore
efb172d6-2a6a-44f7-810c-7dbd78b3be71,ADMIN TOLONG GA BISA PASANG SALAMAT RUMAH 😭,2026-06-14 15:55:23,playstore
b8bbee71-9e91-4bf7-965a-4fb6106f7bf3,"chat toko ga dibales bales, beli jam 8 an, sampe mau jam 11 malem ga sampe ☺️ besok udah pergi. wkwkwk, pertama kali beli di supermarket dengan pengiriman ke rumah sampe semalem dan selarut malam ini nunggu ya. perbaiki, jgn asal iya iya aja, liat ini bukan udah komplain yang pertama kali. Sistem acak acakan itu diperbaiki, bukan mohon maaf akan kami perbaiki tapi tidak diperbaiki.",2026-06-14 15:29:37,playstore
f8915929-647f-48b1-afb3-23f7b213f765,"1 menit gak respon chat langsung keterangan pengiriman ditunda karena tidak membalas chat, ini memang males ngirim atau gimana? Menurut sy pelayanannya kurang baik & belum maksimal untuk alfamart L141 - Metro Wates",2026-06-14 13:54:32,playstore
3d1c3895-166b-4403-aad2-199e45ae1026,"jangan download aplikasinya pengalaman di sini sangat buruk kalau kalian mau download aplikasi ini harus hati hati deh masa udah 6 hari saldonya belum di refund , sakit hati banget gara gara itu token listrik ku telat bayar",2026-06-14 12:15:39,playstore
10d4608f-a8ed-467b-a77b-c6fb22d357f8,"yg dipilih pengiriman 1 jam, ditunggu sampai 5jam gak datang2. di chat ke toko gak di respon. jgn buat delivery order deh kalau toko gak konsisten.",2026-06-14 11:15:45,playstore
48a08769-5768-453a-b9b9-a40f40856c64,alfagift skrg payah jd ga gratis ongkir:(,2026-06-14 10:51:44,playstore
39c8ee9e-0e68-4682-bba1-f3e2609cdf23,"nyesel nyabut komen. aplikasinya ga berubah, selalu lemot, baru scroll dikit udh kekeluar sndiri. ga ngerti lg dah, tolong perbaiki fiturnya. cma buat masukki produk aja perlu wktu sejam lebih, gegara aplikasiny berat bgt. udh di update masih aja ga ada perubahan",2026-06-14 10:50:04,playstore
581e9fd7-42a8-45f9-a6cc-7f908778a6aa,kenapa sering tiba2 ga bisa dibuka trus sih apk nya,2026-06-14 10:29:50,playstore
f214cf7f-3fe6-4dfc-b4a2-62d5db2bad4d,sangat rekomendasi banget untuk berbelanja online,2026-06-14 10:26:16,playstore
51180ccb-f643-4d8a-95e3-aceb4aa76eb6,"bukanya gratis ongkir ya? knp skrg ada ongkir nya?skrg ga worth it bgt,aku uninstall deh",2026-06-14 10:04:45,playstore
c3da0d48-c55a-43b7-afee-2daf01459034,"apk tolol gabisa login, mau nambah alamat loading ga beres², sangat tidak worth it",2026-06-14 09:23:31,playstore
69247f78-b48c-4746-b9c3-23b18af63432,"belakangan ini aplikasinya gabisa di akses. setiap berhasil masuk ke beranda, dia langsung kelempar keluar aplikasi. sudah coba di uninstall dan diinstall kembali masih saja tidak ada perubahan.",2026-06-14 09:11:24,playstore
24130e1b-c172-41d4-a188-f5129c8d8220,jelek bgt sistemnya. pesananku milih 1 jam setelah pembayaran. pesan jam 9 pagi. baru dihubungi jam 3 sore. tapi ga jd dikirim alasan kurirnya baru jd ga paham. trs pesananku tiba2 dibatalkan dan uang kmbali 2 hari kemudian katanya.klo ga kembali suruh konfirmasi lg. knapa malah merugikan bgt sih,2026-06-14 07:51:45,playstore
c639464c-536b-4ab6-b3bb-b78ca2d86c52,bagus aplikasinya tapi karyawannya di beberapa toko kadang suka cheating,2026-06-14 07:25:10,playstore
d4b6d4ab-96d4-4d09-84f3-e443190daed6,"gajelas sumpah, pake 2 nomor buat 2 akun 2 2 nya malah ga bisa di loginin, notifikasi nya ""nomor ini pernah terdaftar, tapi sudah tidak aktif atas permintaanmu"" aneh.",2026-06-14 07:18:36,playstore
c050a065-58cd-46d6-9917-a2b37e8da146,"baru kali ini saya kecewa berat sama alfagift, msen naget mlh di krim naget yg udh rusak, rasa nuget nya asem bgt trus cripsy bubble nya udah pda gak nempel ke naget nya, giliran minta kejelasan alfagift nya gak ngrespon sama skli",2026-06-14 05:32:23,playstore
c2918391-3dc3-4957-b2e3-d3c53d15bee6,"ku kasih bintang lima karena selama inj membantu. tapi hari ini emosi banget mana mau belanja darurat aplikasinya ng-lag terus.. duh duh.. tolong diperbaiki lagi,, bneran plist",2026-06-14 04:26:22,playstore
769f6393-db39-4d1f-a99c-3821f57a3061,"Maaf nih min, jujur sekarang aplikasinya parah banget sering close sendiri, baru bika langsung lemot banget terus close. padahal sudah di instal ulang tapi tetap saja sama. bagaimana bisa belanja online kalo aplikasinya saja super parah.",2026-06-14 03:08:13,playstore
ffb2b761-9fb8-41e0-8009-5760e2e66795,aplikasinya sekarang lemot banget. sering force dan keluar sendiri. lama banget pula masuknya. jangan terlalu banyak menu atau dibuat lebih ringkas gitu. jadinya susah banget mau order.,2026-06-14 00:45:57,playstore
349f0a14-692e-48aa-86f9-322449a8a4fc,good,2026-06-13 22:40:22,playstore
df020d00-1583-4307-8f66-4cebc6574ce3,banyak tawaran discount,2026-06-13 16:00:44,playstore
841aaa02-05cd-4be4-a986-15a9afa9e598,"Payment dari jam 18.16 Status berubah proses pengiriman jam 20.50 Respon chat toko lambat, nomor telpon toko tidak bisa di hubungin ditunggu sampai jam 23.00 pesanan gk dateng juga.",2026-06-13 15:49:48,playstore
ff3153ba-fd38-4229-b64b-f97023ba58ac,"aku kasih bintang 5 untuk alfagift, karna aku sangat2 terbantu dengan aplikasi ini, udah 6 tahun berlangganan alfagift, karna banyak promo diskon dan gratis ongkir.. semoga makin maju ya",2026-06-13 15:27:13,playstore
3f578334-9b16-474a-bb15-d43cb40c9465,"Pengiriman lambat, bahkan dari jam 7 baru dikirim besoknya, lain kali diperhatikan kenyamanan customer",2026-06-13 15:14:21,playstore
d29fbd9d-ee1a-4f0e-91d1-beb6a629de56,ga rekomend bangett bayangin aja member dah lama tiba tiba ga bisa,2026-06-13 14:26:36,playstore
bf6bf6a2-f5c0-4f2a-95fc-ed1ab3dfdae6,"ini kalo ada 1000 bintang aku bakal kasih 1000, jujur alfagift membantu bgt, pengiriman cepat pol, barang sesuai, packing rapi bgt, pembayaran nya juga mudah pollll, i love alfagifttttttttt 😭🫰🏻🫰🏻",2026-06-13 14:23:39,playstore
a1a333a8-1e0e-4bd6-90cd-109644e43b38,bagus. bisa lihat promo yg update via aplikasi.,2026-06-13 14:19:10,playstore
fa7f7549-229f-45ad-ae66-f4bed877407e,sudah 5hari aplikasinya gk bisa digunakn sudah diperbaruhi dan di instal ulang tapi masih saja gk bisa digunakaan ada apa ya???????????????????? 9-13 jun 2026,2026-06-13 13:21:56,playstore
7d216d0b-688f-40dd-999a-ba3e54633f63,"kok sekarang pengirimannya jadi lama ya? biasanya paling lama 2 jam tapi sekarang malah 5 jam belum dikirim2 juga udah gitu diundur pula banyak alasan kayak ""pelanggan tidak menjawab telepon"" padahal daritadi ga ada telepon masuk.",2026-06-13 12:44:13,playstore
97c1d2ab-b126-4689-af5e-3ab38ef0437a,"pengembalian dana lama, padahal udah jelas informasi data nya!!!!!",2026-06-13 12:24:43,playstore
6a49afc5-5c15-4854-8e5e-1976ff036d95,"sering ngelag terus loading nya lama bngt tiap mau pilih produk, padahal sinyal bagus"" aja buat buka aplikasi lain",2026-06-13 12:10:58,playstore
4d212a70-9a6c-41c0-b52a-80f8ea77e3d8,sangat membantu,2026-06-13 11:00:21,playstore
3f981dba-e954-4f22-b884-75e3d5cce2d2,selama pengiriman masih gratis dikasih bintang 5 dulu,2026-06-13 10:48:49,playstore
27ccc53e-f079-41b0-a98c-bf9a8f8e96cd,Tidak bisa melakukan pembayaran karena saat masuk di bagian pembayaran loading lama sekali pdhl sdh pakai data internet.,2026-06-13 10:47:44,playstore
48f5284c-c5e5-4cc5-944d-60e9a00ba793,"kakaaa, ini aplikasinya tidak bisa dibuka. saat saya coba membuka, lalu scroll setelah gambar muncul malah langsung close. saya sudah hapus cache, uninstall dan install lagi pun tetap ga bisa. saya mencoba menunggu beberapa hari untuk tidak membuka aplikasi, tapi saat saya buka lagi ternyata masih sama. tidak bisa. masih close sendiri.",2026-06-13 10:38:57,playstore
5182dfc1-f2d6-4b2c-80f7-f65538f1feed,kenpa gak bisa d buka yah app nya? kluar terus 😩😩😩,2026-06-13 10:38:11,playstore
f5e75559-75d1-4ae0-b537-9889f53d23bb,"udh gak gratis ongkir lg, payah. langsung hapus apknya",2026-06-13 10:34:48,playstore
31528a12-33ff-452f-a752-ad6b0458d35a,tidak bisa melakukan pembayaran dengan cara apapun!,2026-06-13 10:02:56,playstore
b3045e5d-a133-4246-974d-b97ed71db0b0,Aplikasi sangat membantu. Cuma memang ada pengalaman barang dikirim sempat salah alamat untungnya saya langsung telepon dan barang dikirim kembali.,2026-06-13 09:59:14,playstore
5c7e1ba6-e82d-413b-80a5-2aa581efa470,Mau buka app lama bener iklannya,2026-06-13 09:52:33,playstore
330b873e-110e-40e5-8606-5d6c32f44a64,suka eror,2026-06-13 08:46:32,playstore
8fc03e42-fa06-4d57-9575-a01fe172e06a,"pliss kenapa alfagift jadi ngelag parah gini?? udah di uninstal, clear up chace, tapi tetep aja. Di buka ga bisa diklik apa"", tiba"" close sendiri😭",2026-06-13 07:50:54,playstore
f3ab667e-064c-4a82-ae24-94fb898dd665,sdh jlk skrng krn pkai ongkir sudah pengntarannya,2026-06-13 06:59:45,playstore
b4b33e52-9ff5-4d9c-b10e-0342b7cb6158,"ku kasi bintang 5 biar di liat, awalnya saya suka pake aplikasi ini, pas update tbtb jadi lag, pdhl buka aplikasi lain ga selag ini, tulisannya not respon not respon mulu benerin dong, pdhl udah nyaman bgt pake aplikasi ini",2026-06-13 04:02:37,playstore
e3320028-ec48-49c4-9e41-9c944b6c1e96,"Capek bgt pake aplikasi ini, udah sering di update tetep aja nge lag, responnya alfagift tidak menanggapi, tolong diperbaiki 🙏🏻",2026-06-13 02:58:54,playstore
cbb9087a-f600-4a34-a922-e61e8f7b5a93,puas dengan layanannya,2026-06-13 02:53:21,playstore
70c7be5d-93c4-45fd-b781-2831db93b70b,aplikasi ini ngebantu banget.,2026-06-13 02:52:46,playstore
5eb05557-9b82-4d24-8a13-d8823a726684,oke bgt,2026-06-13 00:34:10,playstore
4907f476-2128-4855-81f2-c9b82aaad7d9,"sebagai emak"" dengan bayi newborn nya dengan adanya alfagift terbantu sekali, bisa pilih dari rumah dan tinggal nunggu di rumah hehe",2026-06-12 23:55:57,playstore
cc59ca37-8592-4116-8b85-cb4b982812f8,"selalu puas belanja di alfagift sudah bbrp thn ini lebih memilih aplikasi ini karena kita cuma tinggal duduk santai nunggu pesanan di antar ,,respon kurir alfagift Peundeuy,, Cicalengka bagus banget",2026-06-12 22:58:45,playstore
fcc23b06-e7f4-4812-bdd6-9dfb06bcb38e,tolong dong virtual account bni di tambahkan ke fitur pembayaran di alfagift,2026-06-12 14:59:50,playstore
7d908e78-fd2b-4f18-921a-e880f016b581,hebat...semangat buat kurir nya...,2026-06-12 12:28:37,playstore
8e39930d-9735-44f6-9a9a-cd9bbc09a21b,Sangat membantu,2026-06-12 12:18:33,playstore
f6484204-2440-4df2-a0e4-5999d2c96cd0,"gak bisa beli sebat lagi di web nyari sebat Via website (desktop) malah gak nemu nemu, ngapain dah lu ngetalase display rokok di bagian kasir kalau gak bisa di cekout mah! males mau ke tokonya",2026-06-12 12:13:37,playstore
b8a33a93-d9c0-4558-bb8f-b4a366088054,"penguna setia alfagift, dari dulu gk pernah kecewa dari produk sampe pengiriman nya selalu rapih dan fast",2026-06-12 11:47:48,playstore
a438e266-ba09-4a0d-8cf1-c7be55820a58,ini kenapa kok alfagift force close terus? saya mau pesan gak bisa2. selalu FC saat mau pesan (saya ganti bintangnya saat permasalahan saya teratasi),2026-06-12 11:27:16,playstore
830f9caf-330e-4356-8dc4-b058cdd345ae,"aplikasi jelek, banyak aturan harus hapus beberapa aplikasi supaya bisa digunakan. lebih"" dari aplikasi bank, padahal bank aman"" aja ada aplikasi tersebut.",2026-06-12 09:11:47,playstore
b8866eda-30a8-4348-9910-7bd4b3c9982c,BENCI BNGET MILIH OPSI YG Di kirim 1 JAM SETRLAH PEMBAYARAN SAMPE JAM 4 GA DTENG DTENG TUH PESANAN SAYA KESEL BNGET KURIR DI CHET GA DI BALES GMNA COBAA KEK GINI ENAKAN BELANJA DI INDOMART DEHHHH DRI PADA DI SINI GA RAMAH BNGET BENCI KALI,2026-06-12 08:51:03,playstore
6f465007-41d8-4336-9f61-9f2b8c432543,gua beli 5 hari kaga dikirim2 woiii parah nihh😭,2026-06-12 08:30:16,playstore
78dde9fa-232b-4def-9178-7c2c20cf2776,aplikasi sekarang sekarang tiba tiba forclose teruss coba di perbaiki,2026-06-12 08:03:44,playstore
523a1126-7693-4e24-8d90-23100e667849,udah nggak Gratis ongkir lagi yah😔,2026-06-12 06:17:42,playstore
88dc5fdb-5453-442e-af15-940e5bd30426,"tolong beri ulasan untuk kurir alfagiftnya.. tolong di perhatikan lagi untuk kurirnya. untuk yg produk online kadang mereka gak mau bawa, sampai 1minggu, nanti pesan lagi baru mereka bawa produk onlinenya, padahal sudah di pihak kurir produknya, tapi mereka malas untuk bawa, mohon lebih di peehatikan lagi bagian kurirnya.",2026-06-12 05:47:45,playstore
8362a538-fb5f-4084-a3c8-a3ecbf809bf8,lemot bgt aplikasi nya,2026-06-12 04:54:14,playstore
cd939510-34fc-4246-bd0b-1626b9245e26,apk sering eror dan keluar sendiri,2026-06-12 04:18:34,playstore
a11a8902-083a-4186-847c-a07fcb577027,"gk lagi"" belanja disini max 1-3 hari kenyataan nya 12 hari belum di kirim juga sangat"" kecewa dan menyesal kalau hari ini belum di antar juga mau saya perkarain minta di kencel gk di kencel"" juga lama"" jadi penipuan nih apk gk jelas!!!",2026-06-12 03:21:29,playstore
56d45729-edf6-466f-9b84-5d185dc2cc40,"Belanja lewat alfagift emang dpt hrga promo yg murah tp ternyata produknya udh expired, untung pick up ditoko jd bsa langsung komplain. Akhirnya ditukar produk yg sesuai harga, tapi jadinya ngga sesuai kebutuhan karna biasa pakai pasta gigi pepsodent sensitive expert treatment, malah dapet penggantian nya yg pepsodent whitening biasa. Tolong disurvey dulu, kalo ada produk mahal tp susah laku, tolong diperhatikan apakah expired date nya masih aman, jgn diturunin jadi murah tp trnyata udh expired.",2026-06-12 01:01:06,playstore
5039387e-9f95-4d5c-bab9-a053db779299,gatau kenapa aplikasi nya sering ngebug pdhal jaringan bagus-bagus aja bikin bete,2026-06-12 00:31:25,playstore
12b56897-8523-4444-aab4-12751a702903,"saya dari dulu pake alfagift dari 2022, tapi kenapa sekarang ada ongkir ya 5k dan harus ada minimal belanja 25k, baru dapar gratis ongkir dulu tidak ada minimal-minimalan makanya setia, tapi sekarang ga dulu, kecewa sekarang sama Alfagift",2026-06-12 00:31:04,playstore
91e0fcf1-e46a-4fd0-927a-8025db58372f,baguss gratis ongkir ramah jugaa,2026-06-12 00:19:03,playstore
26bde87b-ef12-440a-8119-5f41906bafdc,"perbaikin sistem nya buat COD, kaku banget. minimum 50 rebu, dapat potongan harga 10 ribu, total yang harus dibayar jadi 41.100 tapi jadi gabisa bayar COD. kocakkkkk",2026-06-11 23:25:14,playstore
0777b14e-2c16-480b-a93a-f2bcbee59449,"udh seminggu lebih gabisa buka alfagift, selalu tidak menanggapi, ada apa ini?",2026-06-11 18:22:24,playstore
5b1f0c49-78a1-4665-9561-2d76ef2554b5,sekarang ada biaya pengiriman auto hapus aplikasi,2026-06-11 13:29:56,playstore
42af7b48-b6cd-4840-a68c-4e1ea2cb7537,"aku kasih bintang 5 ya,karna aku puas dan banyak diskonnya",2026-06-11 12:50:19,playstore
fe7de18e-5ce7-41d8-bed6-8a4a2f3d9aac,"UNTUK AREA KARANGANYAR KEBUMEN : Saya usul :kalau air mineral Galon Besar 15 Liter tolong ditampilkan dalam kolom pilihan agar saya dapat ikut membelinya yg Galon Besar 15 Liter itu, Jangan Stock Kosong Melulu tu ..karena saya senang belanja di Alfagift ..Terimakasih atas perhatiannya Alfagift .",2026-06-11 12:28:36,playstore
0a56f4f7-6179-43c1-9c79-c56f774dceb1,lemott bangettt kalauuu masuk ke aplikasinya padahal jaringannya baguss trs lamaa banget ngirimnyaa,2026-06-11 11:49:54,playstore
0a5e15f1-0618-4b0a-9060-450d3e78331f,"sudah bertahun2 pake, kelemahanya gak bs gnti nomor telp, tolong di perbaiki",2026-06-11 11:49:07,playstore
77836f17-e227-4d4a-bb8b-42da4c218b3d,sangat membantu dan gratis pengiriman. bnyk cashback nya,2026-06-11 11:39:16,playstore
c0e5cb32-5d70-4507-ab6c-7c7e92edc3c5,aplikasi sangat sering lag dan berat untuk scrol,2026-06-11 11:24:39,playstore
b4173888-cd63-44e4-9b0e-f85969e6f1fd,ongkir nya jadi bayar ya 😌,2026-06-11 10:48:43,playstore
4addbe9b-cdd6-4d06-bc49-c5df091a9096,"kenapa keterangan aktivitas mencurigakan terus ya,, udah sering coba masih tetap gitu keterangan nya",2026-06-11 06:17:35,playstore
822de21b-8e5a-4c1f-b807-9a5d31b0b39c,"Pelayanan pesan antar sangat buruk, kurir tidak menghubungi tapi langsung membatalkan pengiriman pakai alasan pelanggan tidak merespon saat dihubungi",2026-06-11 06:04:11,playstore
7056666a-b2fc-45a1-b56b-240be2f432da,"aplikasinya lemooooott parah, sering keluar² sendiri kesel deh. dulu perasaan lancar² aja gk bgini. padahal memori saya masih sangaaaat bnyk, download aplikasi lain yg jauh lebih besar pun lancar² saja. hanya alfagift yg lemot😭 balikin kayak dulu pliss😭",2026-06-11 05:38:55,playstore
5e36e7f6-2f03-4c6f-b73e-ef056c547793,Pelayanan Professional.,2026-06-11 05:32:55,playstore
a7458d49-2db2-4a84-a055-09264824440b,"Aplikasinya sedikit berat ya, buka sesuatu agak lama loadingnya, tapi ga parah banget. Fiturnya lumayan lengkap dan mudah dipahami. Minusnya di filter pencarian tidak ada urutan, misalnya harga terendah ke harga tertinggi atau produk terlaris ke produk kurang diminati, semoga ke depannya ditambahkan filter ini. Plusnya di aplikasi ini ada fitur chat toko, kalau di aplikasi biru ga ada. Pengiriman dulunya gratis ongkir, sekarang minimal belanja 25k baru gratis ongkir💔",2026-06-11 05:29:59,playstore
22785777-4e96-4282-b345-2a682bd6b70a,ini aplikasi nya eror kah? kok gabisa login ya? kasi bintang 3 dlu soalnya keluar terus setiap mau login,2026-06-11 05:14:45,playstore
21440ea7-86ac-47f2-9787-106226ee1909,app tidak bisa di buka. .,2026-06-11 04:58:55,playstore
4e64e117-2a72-494b-84d3-24130de5c65c,"lagi butuh banget aplikasinya malah ngeblank, mohon pembenahannya dongg",2026-06-11 02:35:15,playstore
e675ec98-5406-4858-8b88-a5d2e2be4410,free ongkirnya ga ada lagi 😕,2026-06-11 02:28:40,playstore
03367585-4626-4678-8249-6ce57d140a9f,"Jelek banget, saya tanya barangnya belum diantar langsung diblok oleh moderator, moderator macam apa kamu??",2026-06-11 00:16:57,playstore
324858c8-f63c-423f-8af0-42f473f934e4,jelek,2026-06-10 14:16:13,playstore
9023c959-e3a8-47f5-b108-9c6e28f1ef5a,"Pengiriman pesanan melalui aplikasi alfagift mohon dipercepat, pesanan diantar selalu antara satu sampai satu jam setengah, kelamaan saya nunggunya.",2026-06-10 14:12:24,playstore
8784453e-f7a4-4fbb-8349-078fc6c3e753,sekarang harus belanja 25 ribu dulu baru dapet gratis ongkir kecewa banget padahal langganan alfagift tapi semenjak ada ongkir jadi males beli di alfagift lagi tolong di kembalikan ongkir kaya dulu lagi tanpa ada batasan belanja,2026-06-10 13:34:58,playstore
a2d8231f-57ca-448d-beb9-d399d73ddcb5,apknya bagus,2026-06-10 12:42:55,playstore
87e4fbfb-3109-40d3-8ec4-008881696a1c,sangat memudahkan menggunakan nya dan nyaman,2026-06-10 10:05:51,playstore
27ecbe64-f6da-4623-9fd8-1d4fc6c02bdd,"poin ada ga bisa di tukar data/pulsa, wkwkw jadi buat apa coba. kalau ga bisa di tukar. mending ga ada sekalian, dari kemarin produk tidak tersedia mulu wkwkwkw.",2026-06-10 10:01:55,playstore
ac3ba8b8-a5f6-4532-a268-7c7ad4445fda,Harga label di rak tidak sesuaj dengan di kasir,2026-06-10 09:09:33,playstore
2d083dd5-e51c-4282-85d8-10b2bf10cf83,"saya pelanggan setia karena bebas ongkir tanpa minimum pembelian,tapi sekarang sudah ada ongkir saya jadi mls belanja disini ,pdhl yang di cari itu gratis ongkir tolong kembalikan gratis ongkir",2026-06-10 06:15:36,playstore
bb2fa433-240b-4e59-9e33-8754b4b4074c,"pakai aplikasi ini udah hampir 4 tahun sangat membantu sekali buat aku yang apa apa harus pake angkutan umum bisa hemat ongkir diantar gratis minimal belanja 50rb, banyak diskon pula produk lengkap. tapi sayang nya makin ramai orang pakai aplikasi ini jadi lambat di pengiriman biasa sampai 1 jam sekarang kadang 5-6 jam baru sampai. bagus nya ditambah armada pengiriman nya",2026-06-10 06:04:33,playstore
9e874a60-8649-4f14-b060-8e1010df6204,"Fitur chat toko tolong diaktifin lagi, jd gabisa nanya stok sblm order susah mau pesen. klo gaada suka dikasih varian lain 😤",2026-06-10 06:03:51,playstore
e299c2ce-58ce-4a9b-b675-b7b046b78d4b,barangnya komplit,2026-06-10 04:38:45,playstore
f5e047ab-dc15-4b44-9197-a53a0edec06d,"ampas banget mending ke apps sebelah, udh gk gratis ongkir ok lah, ini konyol banget orang keperluan hari ini suruh nunggu pengiriman sampe 3 hari, mokadd dulu gw",2026-06-10 04:32:42,playstore
ca08feb3-710e-49d3-8289-a962aaf83e8f,"kecewa banget skrg pake ongkir, mana hrus belanja min 25k baru gratis, dulu pdhl aku puja puji alfagift dn aku saranin ke tmn2 ku krna dia enak gratis ongkir trs pelayanan nya cpt. eh skrg pelayanan and pengiriman lama bgt 🥺 + pake ongkir segala 😫 jdi males belanja disini lg",2026-06-10 03:12:32,playstore
3d42be59-7e55-4cf6-898e-1dac76b3ed88,"balikin gratis ongkir nya, kek harus banget belanja 25k baru dapet gratis ongkirnya",2026-06-10 02:21:16,playstore
43085043-a8a8-4d5b-a082-0c619fd4406f,"sangat membantu ibu rumah tangga, tinggal pesan belanjaan langsung di antar",2026-06-10 01:45:55,playstore
d605e51d-b5fa-4c5c-940a-b8aa04444c4d,"selalu pke alfagift,, belanja tinggal klik.. diantar smpai rumah gratis ongkir banyak promo dan tebus murahnya.. suka bgt..",2026-06-10 00:22:50,playstore
cfc88543-cb78-4256-b41e-34bc483a064f,alfagift sangat membantu sy dlm berbelanja keperluan rmh acara online,2026-06-09 23:38:36,playstore
23fb3a65-7609-400b-8f27-b3c148beee25,layar hanya bergulir ke atas ketika akan melakukan pembayaran,2026-06-09 23:31:14,playstore
34c61bc9-379b-4463-939d-437c3aee0b2e,bagus hnya sja stok minyak yg jrng ada pmbelian terbatas smua ok,2026-06-09 23:12:44,playstore
980bcb48-5a72-4a95-b698-3615fe22b775,"belanja jadi praktis tak perlu keluar & antri, dan gratis ongkir terima kasih alfagift ❤️",2026-06-09 22:45:43,playstore
81e5c95f-02f2-4c32-b266-9e0607521602,berbelanja jadi lebih mudah,2026-06-09 22:01:02,playstore
2f01d6f1-d449-49ee-ad33-46cdcdc47344,"makin hemat,makin banyak promo diskon😍😍😍",2026-06-09 16:55:17,playstore
b2f3a99c-5008-4bae-ae0c-660041cd88c2,"pesan lewat Alfagift yg delivery, kurirnya baru semenitan nunggu balesan chat d aplikasi lgsg dibatalkan sepihak paket sy sama kurir abdesir Makassar. gak smua org 24 jam pantengin alfagift chat. kurirnya jg gak ada usaha ketuk pagar kek atau seperti kurir aplikasi2 lain utk inisiatif telfon. didata kan sdh ada di masukkan no hp, apa gunanya itu. atau Alfagift adakan fitur telfon jg dong kaya shopee atau grab. mna lama bgt lg pengembalian dananya. kurir alfagift SANGAT TDAK recommended",2026-06-09 15:28:08,playstore
4820bd4d-e524-4808-be99-c5fa04d741cc,Waduh sudah berbayar ongkir,2026-06-09 12:50:52,playstore
61ee2635-c7e0-497e-929e-dfff8ca3affa,"awalnya saya suka banget dengan adanya alfagift,bisa belaja sambil rebahan,tapi lama kelamaan di buat jengkel,yang alesan tidak ada 1 barang yg di pesan ,sehingga di batalkan,terus titik lokasi alamat sering banget ubah sendiri ,sehingga pesanan di batalkan .gak tau mau nyalahin ke siapa ,tapi yang pasti alfagiftnya. yg makin lama makin ruwet",2026-06-09 12:48:36,playstore
944544fc-d368-44f0-a1b6-94ff22f85170,aplikasi mnt update muluk. lemot bgt tiap di buka ampun deh,2026-06-09 11:22:15,playstore
22d3736f-03cf-4ee8-813c-30373886f1b1,"udh enak enak gaada ongkir, ini malah dikasih ongkir dan ongkirnya mahal pula. kalau semisal mau order 1 barang dengan harga yg dibawah ongkir kan jd rugi di cust nya.",2026-06-09 10:08:08,playstore
9ae21dd6-12af-40b7-964a-a075c6f25415,aplikasi alfagift sangat membantu belanja lebih mudah hemat dan cepat.,2026-06-09 09:21:37,playstore
326e20b4-c65e-43eb-ac1e-9416e3144a91,"benar benar kecewa sekali dengan layanan alfagift mallaayang karyawannya pandang enteng tidakenghargai customer,,,,pesanan lama menunggu tidak di antar",2026-06-09 09:00:26,playstore
740816b0-bd5e-45b0-a04a-3b54184e1a3c,"makin di update makin lemot, mana ada biaya ongkirnya juga",2026-06-09 08:57:10,playstore
fa23e923-3966-41ab-8a6c-9f33e1f9c45b,good,2026-06-09 08:11:38,playstore
cc540f67-57b0-43dc-aa66-7018033f09c0,"ini aplikasi kenapa ?? error ngebug, sudah hapus cache data juga keluar terus",2026-06-09 07:55:02,playstore
ffad787d-d1ad-48a3-9c7e-7ab156e35b98,"sistemnya parah banget skrng sudah uninstall download lagi , bersihin chace tetep aja Kelua sendiri boro2 mau klik ke kranjang parah parah jeleknye",2026-06-09 06:44:59,playstore
54649023-99ff-4841-b6cb-5eab9abf38d8,tolong tambahin fitur melacak kurir seperti di klik indomaret,2026-06-09 06:25:23,playstore
8fed6833-6a64-492a-87e9-861c76c86d56,"pesan es krim tapi es krim nya ga dikirim, kesel banget. ga mood skrg :(",2026-06-09 05:36:29,playstore
af527572-7083-4f54-a3d4-276a2d8c4d80,skip ada ongkir,2026-06-09 05:28:51,playstore
f10bec57-1217-4c34-8ddd-56031ee4d1a9,"produknya tidak lengkap, sekelas Jakarta Selatan, bisa produknya kosong. menuh-menuhin RAM njir",2026-06-09 03:20:35,playstore
b94658b8-b8b0-4ae3-9e92-46028484c082,"belanja lengkap, karywanya ramah2",2026-06-09 03:00:46,playstore
e90ed830-88c2-4633-907c-7707b4904159,sanagat senang berbelanja di alfamart agak lebih murah di banding indomart,2026-06-09 02:16:39,playstore
7b28db86-213f-4085-a118-27a2df4febf9,"Makin lama makin ga jelas sistemnya sering belanja tp makin lama makin lelet pengirimannya sudah lewat 3 Hari pesanan belum juga sampe . di chat ketoko gak ada respon , chat ke cs jg gk ada respon lama . dahlah kapok",2026-06-09 02:07:11,playstore
71a1e5a9-4ecb-49e2-879c-232db280dcfe,terbaikkkkk,2026-06-09 01:30:47,playstore
63c9be57-d9ec-4365-b4bd-fdfbe5e9d618,bagus tpi knapa ini g bsa dibuka? udh sebulanan gaada tindak lanjut padahal udah chat juga ga dibales,2026-06-08 21:17:21,playstore
f1450a73-e655-464e-b297-84fc62208e69,"aplikasi masih perlu ditingkatkan lagi, seringkali pesanan diselesaikan sepihak oleh karyawan toko dengan bukti foto yang tidak jelas.",2026-06-08 20:03:42,playstore
5fcbf99b-f2bf-40ca-897d-2a706e1488d0,"apk tipu tipu gak jelas . hanya untuk ngumpulin point doang, dapet Vocer gada yg bisa di gunakan , padahal sudah belanja sesuai dengan ketentuan nya tetep gabisa di gunakan buat apa !!",2026-06-08 16:01:32,playstore
f5e352e8-4f6f-4f84-b738-da53b1624299,Aplikasi lemot sekali,2026-06-08 13:51:36,playstore
76443e33-9046-485a-b0f9-d3547e383c5f,"payah bgt, layanan gantung pengiriman tertunda tapi gada kasi opsi cepet / tanggepannya gimana, chat sana sini jawab AI semua, ga bantu 👎",2026-06-08 13:49:40,playstore
b1dba071-82cb-4060-a907-f22e04543bce,"aplikasi lambat sekali dan selalu force close, tolong diperbaiki lagi",2026-06-08 13:12:03,playstore
20f35de8-0a7c-46c2-bb6e-c95d2b65e1da,bagus dan lebih murah harganya,2026-06-08 13:11:09,playstore
c491e158-1853-403e-ad15-85492835a0b1,pokoknya blanja di alfagift itu memuaskan gak pernah ngecewain bnyak diskon pula,2026-06-08 13:11:06,playstore
6521162a-f23a-41e2-af2b-fc21ab5ebc96,"bagus sih tp kalo mau komplain ga responsif, notif promo aja muncul terus giliran chat komplain ga responsif. misal ga bisa jg ya tanggapi gmana kek. uninstal dulu maaf.",2026-06-08 12:39:05,playstore
9add1226-09a6-47ab-a44f-2cb636c15b7d,seneng bgt belanja di Alfa byk promo n semua kebutuhan sehari² sdh tersedia terimakasih 🙏🏻🙏🏻☺️,2026-06-08 12:26:21,playstore
1694d8b7-d6ee-46da-afc5-eba9dcc684b1,Sangat disayangkan banget pengirimannya bener - bener lambat banget udah pakai opsi yang 1 jam setelah pembayaran pun tetap aja lama banget nunggunya sampai bar jam-jam,2026-06-08 12:15:07,playstore
e1821214-1c27-4063-bfca-451b3c41d730,tolong lah.. adain pembatalan belanja.. sekali kepencet g bisa d batalin -_,2026-06-08 12:07:41,playstore
fc261821-2349-436e-8076-bf7fa6ddf5e0,"saya suka bgt alfa gift, memudahkan dalam berbelanja kebutuhan, banyak promo jg, cm awal Juni ini entah lg gangguan atau bagaimana y? tiap kali baru buka apk alfagift langsung keluar sendiri, apa saya jgn belanja online lg kah?",2026-06-08 11:53:31,playstore
7aa0b645-1ee3-4c21-9873-5af4c27b0463,"udah 2x ini pesen kecewa! slalu bilang pelanggan ga di tempat, udah ditunggu berjam2! tanpa konfirmasi terlebih dahulu.",2026-06-08 10:50:03,playstore
23dc63f0-cf79-4900-80f8-0678dc1a9d51,baru kali ini kecewa soal ongkir sebelumnya oke aja sekarang dibawah 25k dikenakan ongkir jadi males banget. kecewa,2026-06-08 10:25:58,playstore
1a062fd3-c6e2-46ca-99cf-cd53f5967e07,"Saya sebenernya sudah sering menggunakan jasa alfagift ini, dan saya juga senang dan saya terima saja entah keterlambatan, atau kesalahan jaringan, yang penting datang aja udah syukur, tapi.. setelah ada biaya ongkos kirim sampai dengan 5000 saya memutuskan untuk tidak menggunakan aplikasi ini lagi, terimakasih sudah menemani tahun tahun yang berlalu...|-----| Bagaimana kalau belanja di bawah 25 ribu, dan bayar ongkir, apakah akan pas minimal 1 jam setelah pembayaran? tidak ngaret lebih 1 jam+?",2026-06-08 09:39:49,playstore
71ca57e4-0250-4b23-ad65-a362af4f93a0,banyak disconnya mantap,2026-06-08 09:38:15,playstore
c887b31f-ee91-485a-b789-658a604646c6,jarak 200 meter ll alamat tidak terdeteksi,2026-06-08 07:57:32,playstore
93c07ad0-e36b-4f2e-ba03-9e73ab6b2c0e,"males banget sih, sekarang ada ongkirnya <25k padahal aku pilih alfagift karena bebas ongkir daripada sebelah",2026-06-08 07:38:31,playstore
44e32ed7-1670-4655-a0cd-2a7883c77528,lemot banget ini apk. minta otp Karena mau ganti pin gak masuk tuh wa maupun sms.,2026-06-08 07:35:18,playstore
c2cc8275-cf85-4a93-89c4-d37e338342d0,keren,2026-06-08 07:29:52,playstore
8828528a-520f-46a2-ba5f-c2bf10bc9599,"ini knp DS kelapa gading, kalo ngirim lama banget ya nyampe nya? padahal udah pilih pengiriman 1 jam setelah pembayaran. di chat online tapi ga bales chat. bikin kecewa tau kalo blanja bgini.",2026-06-08 07:24:35,playstore
db85bb3e-2199-401b-b7d3-e4b4b2b17458,"Sampah bener nih apk Kurir lelet bngt pesan jam 11 pgi dianterinnya jam 9 mlm,trus kembalian atau ganti uangnya selalu kurang,okelah kalau cuma 500 perak atau seribu,lah ini 3.5-5rb jir bahkan pernah 8rb ku chat cuma di read doang.Terus no akun gw udh 2 dibanned atau gk bisa dibuka lgi krn alasan yg gk jelas,itu terjdi setiap aq libur semester selama 1-2 bulan,aku pulang ke kampung dan situ gk ada Alfamart jadi selama 1-2 bulan aq gk pake nih apk eh pas balik ke kota lgi mlh gk bisa dibuka lgi",2026-06-08 07:09:17,playstore
2b3d4944-ed5a-49be-a798-2b98cab31225,"mendeteksi root, jls tidak root ponsel saya. meski vpn tunnel sdh di force close, usb debug nonaktif. ms iya katena false detect gara2 tunnel vpn.. berrati bug ini, update dev perhatikan ini",2026-06-08 06:06:55,playstore
e9218425-be04-420c-ae33-5b6b96099198,"Pemalas semua orangnya, bisa bisanya VIT Galon selalu habis stoknya. Ntah settingan atau emang pada malas",2026-06-08 05:57:25,playstore
db5037cc-ff31-4aa0-9865-dfa4ee8da6a2,bagus barang cepat bgt datangnya,2026-06-08 05:41:14,playstore
b48227e8-08ff-4366-9c36-a5c0db753765,milih alfagift di banding toko sebelah karna gada ongkir skrg alfa malah ada ongkirnya🥴,2026-06-08 04:59:11,playstore
af525a95-1662-4cfe-9866-f224644b30ce,"Secara keseluruhan layanan Alfamart sangat membantu, terutama layanan delivery yang memudahkan pelanggan. Namun, mohon ketersediaan stok galon Le Minerale lebih diperhatikan karena akhir-akhir ini sering kosong. Selain itu, untuk pesanan delivery mohon produk yang dikirim dipastikan dalam kondisi baik, kemasan rapi, dan tidak mendekati masa kedaluwarsa. Terima kasih.",2026-06-08 03:44:42,playstore
b68e467f-f64c-4cb1-b2af-690e2d59f498,"berapa kali masuk aplikasi gagal terus, kesalahan di aplikasi bukan konsumen",2026-06-08 02:40:02,playstore
188540f1-0356-45c6-bc73-66bea7ba26dc,"katanya barang ibu saya yg kurang dan uang akan dikembalikan semuanya ternyata bohong,kami putuskan tidak mau lagi berbelanja dialfamart/alfagif tokonya tidak amanah😡😡",2026-06-07 23:48:45,playstore
5874b8eb-8368-40af-b052-17742a7e1429,lumayan belanja murah,2026-06-07 22:46:47,playstore
a26f51e5-e845-4e1a-bad3-d312ec1f3c44,"sekarang ada ongkirnya, pada beberapa waktu yg lalu gratis ongkir tanpa minimal pembelian",2026-06-07 18:41:31,playstore
c04178d3-c7c4-4085-a9b6-b6ea23ecc25d,layanan terbaik,2026-06-07 16:04:01,playstore
527ed268-6c35-4be4-be08-f187b6cce952,"PENGIRIMAN LAMA BANGET, BUKAN SEKALI TAPI SELALU, MANAJEMEN JELEK DAN TIDAK MEMBENAHI MASALAH, MAU REFUND ATAU CANCEL GAK BISA TAPI PESANAN SELALU DATANG TERLAMBAT DAN TIDAK ADA KONFIRMASI APAPUN!",2026-06-07 15:10:23,playstore
146be2e3-3855-4b4f-a0b7-9cc6d5161d44,KENAPA SKRG LAG TRSSSS,2026-06-07 14:40:07,playstore
46441b84-3fac-4569-911e-329bf00cd5a8,sekarang setelah update pesenan dibawah 30k dikirim pakai ongkir waktu sebelum update masih gratis ongkirnya,2026-06-07 14:13:06,playstore
e17bdd23-05a3-4581-be43-5e05714ce9a9,di update malah tambah loading dan keluar dari aplikasi sendiri,2026-06-07 13:06:01,playstore
7b530c7f-37be-4691-ac02-c5aba5421c83,"Pesen dari jam 5 kurang sampe sekarang belum di anterin juga, klo nunggu 1 jam masih oke lah ini udh 2 jam lebih gk di kirim kirim",2026-06-07 12:39:31,playstore
9b098106-07cc-465e-8813-dcf35c7d86ca,"semoga kedepannya jauh lebih baik lagi ya, sistem dan aplikasinya engga bermasalah sama sekali, mungkin untuk bagian crew outletnya yang kadang bermasalah dalam menangani customer yang pakai alfagift",2026-06-07 12:35:02,playstore
cffb4ae9-9d5b-4843-b327-f8649444bb5f,"gausah pakai AI AI segala bikin lemot aja. app sekarang berat, lemot, ga enak. masih enakan yg dulu. masih enakan app belanja sebelah. perbaiki. jadi males buka app kalo kayak begini terus. udah berat di app, berat di data jg",2026-06-07 12:17:32,playstore
7bae2df2-95fc-4bcd-8d73-63f2194b575e,Kalo belum siap buat kerja jadi kurir jangan kerja. Kalo mau dikenain ongkir kenapa ngga dipakein ongkir aja!? masa jarak dr rumah ketokonya cuma 2km sampe 3 jam lebih ngga nyampe!!! Anak saya lagi demam dirumah cuma istri sama anak aja dirumah !!!! Kalo ngga niat kerja ngga usah kerja !!! Next saya bakal ke kantor pusat kalian.,2026-06-07 12:15:41,playstore
e302e520-5609-4dcc-a9ff-235cf943da15,makin kesini makin kesanah .. udah bener2 pengiriman dr toko terdekat ini malah dirubah pengiriman ditulisnya sejam setelah co sampe kerumah bisa sampe 2-3 jam gila!,2026-06-07 10:26:26,playstore
913d9cb0-a46d-453c-8770-a1b9473e023c,ongkirnya ga ngota,2026-06-07 10:12:49,playstore
9854d5b3-71ec-453a-bbab-60d7b7d6cbea,"pengembalian dana nya lama bgtt, ktnya kurang lebih 7 hari, jugaa slow respon",2026-06-07 10:04:23,playstore
44a3cc25-4c9c-4abc-8614-1e0d7ad2e064,ISI ULANG AQUA SEKARANG G PERNAH ADA STOK LE MINERALE G ADA STOK,2026-06-07 09:45:29,playstore
ad48ad06-66cd-4336-83f5-d02e77782ac6,sekarang ada ongkirnya jadi bikin males,2026-06-07 09:36:11,playstore
d52d6e2e-7e72-4b64-9996-5c099ece14c2,"Pesan tanggal 4 juni, sampai tanggal 7 juni gk dikirim² nth apa maksud nya gk ngertilah",2026-06-07 06:23:54,playstore
33108394-1299-43e6-a686-043dcbf480dd,"Pengiriman selalu terlambat, bahkan pesan dari jam 8 pagi untuk estimasi sampai jam 10-12 datengnya jam 2",2026-06-07 06:08:22,playstore
c229032a-fd81-42da-84ea-2d557cdcab5d,"Pelayanan buruk, item yang dikirim driver tidak lengkap. sudah menghubungi admin ybs tidak direspon. bukan masalah nominal tapi tanggung jawab karyawan yang dipertanyakan.",2026-06-07 04:40:24,playstore
2bebef44-0e4d-4c69-bcbc-f8e259857d9d,"tidak gratis ongkir lagi. justru itu adalah kelebihan Alfagift, malah diilangin",2026-06-07 04:32:34,playstore
5138c24d-0c14-400c-b821-f41c7461b2f4,"Saya kasih Bintang 4 untuk Sementara,saat Masuk Ke Bagian Interface Beranda/Utama,Terasa Sangat Lag/macet,semoga diperbaiki",2026-06-07 03:47:48,playstore
b769c8f0-ff86-4ebf-9559-15e4b9b41cfd,Udah jadi langganan setiap hari pesan free ongkir.malah ada ongkirnya.Mikir mikir mau pesan online deh🫣🤦,2026-06-07 03:17:11,playstore
9a1b9ebd-36e7-4acc-b2f0-51b58e296d8a,"pesanan selalu ditunda karena penerima tidak ada dilokasi, padahal saya sudah standby",2026-06-07 01:48:10,playstore
24fea1c0-6b19-46ae-9e40-9fdc03fe8a0b,"Tidak ada fitur memilih alfa yg ingin dipesan untuk delivery, saran saya mohon tambahkan fitur memilih alfamart yg ingin dipesan dengan maksimal jarak yg ditentukan aplikasi, karena di alfamart terdekat rumah saya sering tidak ada barang yg ingin dibeli.",2026-06-07 01:42:03,playstore
d29a0117-6e51-449e-9ec2-1fca4793530b,pembelian produk di batasi sm kyk sebelah,2026-06-07 01:30:18,playstore
78993321-d665-45df-a3aa-d2da91ea15e5,alfagif sekarang pakai ongkir. padahal bagus gak pakai ongkir.,2026-06-07 00:59:50,playstore
00d25b11-5fb0-4db6-9611-94d3bae44ef4,terkadang sulit untuk di buka aplikasinya.,2026-06-07 00:45:07,playstore
c1b7fb13-8f79-4b1c-9ab2-0c2dadc1767e,"pemesanan sistwm pick up, pada saat klik item masih ada keranjang dg bar biru, tiba² saat ke menu selanjutny jadi ""stok kosong"", kemudian pilih item lain tiba² muncul notif ""melebihi limit pembelian"" YANG DITANYAKAN MELEBIHI LIMIT PEMBELIAN ITU UNTUK 24JAM ATAU 1MINGGU ATAU 1BULAN ATAU 1TAHUN?????",2026-06-06 22:56:00,playstore
0c438271-0615-4b5e-95ea-118bc28dcc70,"klo bsa 0 gw ksh 0, entah SOP entah aplikasi nya, setiap beli nanya mulu kemana, udah ngisi alamat, ngisi titik lokasi, patokan, masih nanya, beli jam 4 minta dikirim satu jam setelah pemesanan alasan ga dikirim krn gatau dikirim kemana, pelayan nya nge chat udah dijawab 3 mnt setelah dia nge chat, dia jawab jam 9 malem di hold dulu?!! jam 5 bilang nya mau diantar, jadinya gabisa di refund. di aplikasi ketulis maksimal hari ini jam 10, ini sampe detik ini blm dikirim, smpe barang nya beli sndri",2026-06-06 15:09:06,playstore
846d30ad-5d4a-49c2-84d6-8a89e15265bb,kalo ga bisa ngirim tepat 1 jam setelah pemesanan GA USAH ADA FITUR PILIHAN PENGIRIMAN ITU BIKIN KESEL AJA PESEN DARI JAM 18.00 SAMPE JAM 21.21 BARU SAMPE DIPERBAIKIN LAGI DEH,2026-06-06 14:22:19,playstore
0533a8e6-4e40-4e51-a461-06def903ca37,jelekkkkk gabisa buka aplikasi padahal jaringan bagus mau belanja susah,2026-06-06 14:09:58,playstore
8233e5c1-fe2f-482e-b0e8-1cb16741219d,"aplikasi bagus, tapi pelayanannya agak kurang. disuruh pilih opsi jam pengiriman barang tapi ga pernah tepat waktu. saya sering pakai app ini, saya ga pernah dapat kurir yang ramah minimal senyum atau kasih balasan sekedar ""sama-sama"" saat saya ucapkan ""terima kasih"". saya sampe mikir ""apa saya ngerepotin?""",2026-06-06 13:40:51,playstore
dcd545fc-53bc-4035-ab6f-2e15192a8a33,"Kenapa ada opsi maksimal 1 jam kalo gabisa dipenuhin ! Beberapa kali dikirm 2 sd 4 jam dengan opsi pengiriman maksimal 1 jam. kalo emang lagi full gabisa dipenuhin jangan ada opsi itu. Chatnya awalnya aja yang cepat bilang akan segera dikirim tapi ditunggu ga dateng. Dichat gabales, ditelpon ga di angkat. Masukan, mohon tambahkan opsi pembatalan untuk pembeli karena keterlambatan pengiriman yang tidak jelas.",2026-06-06 13:19:09,playstore
1ea8133d-6505-43f7-a9a4-ebdbfb53c197,Saya pesan barang maks. 1 jam. lalu d lakukan penundaan karena PELANGGAN TIDAK MENJAWAB PANGGILAN. SEDANGKAN TDK AD PANGGILAN MASUK. SAYA CHAT GA DIBALAS.,2026-06-06 12:11:41,playstore
6e66db56-5039-4423-af55-d68279f99a84,"bnyk menu pusing, pdhl cuman mau nyari snack"" yg biasa ada di alfamart",2026-06-06 10:51:56,playstore
d3b6a1e5-79c5-4996-bf17-7d899928074a,aplikasinya bagus sebenarnya memudahkan orang utk belanja tapi kadang aplikasi ini jelek karna sering ngelek,2026-06-06 09:44:15,playstore
4d670798-eb27-4f54-af2d-163187f64160,banyak promo tapi sayang kemarin pesannan kurang diantar lama beberapa hari pas Dateng kayak udah kepakai dan produk tinggal sedikit,2026-06-06 09:33:46,playstore
2f82f4e2-0106-4b46-bc07-b8f2b193a70f,"gimana si masa tiba-tiba di keluarin akunya😡😡😡 katanya "" nomor sudah tidak aktif atas permintaan mu"" pdhl saya tidak minta terus pas mau login ulang gabisa😒😒",2026-06-06 09:17:29,playstore
4fd1b069-e882-4aa6-811b-db7c13cdfb2d,dulu belanja berapapun gratis ongkir sekarang harus ada minimal nominalnya,2026-06-06 08:56:38,playstore
9a5c39b9-8273-4593-be42-b8ecf178a451,"bertahun-tahun pakai aplikasi dan memutuskan uninstall nya karena kariyawan nya perlu di traning lagi dengan ucapannya sopan santun nya , kalau capek mreka suruh libur dari pada harus ngomong ngegas dengan pembeli",2026-06-06 07:59:35,playstore
62bf4efa-d879-43b0-be9d-9f9acfa6d3df,semoga cepet bisa di gunakan lagi sudah tlvon juga,2026-06-06 07:31:09,playstore
40a2c3be-9bc7-4bec-a030-4a37df3cb110,"Sudah pake 3 Tahun dari app minimarket sebelah, sekarang bukan mempermudah malah lebih sulit dapat poin dan sudah pake ongkos kirim? bintang 1 dulu mending beli sendiri sekalian, di benah lagi komentar syaa ya",2026-06-06 07:17:18,playstore
f1b59471-29f4-4fb7-8169-b7f2a29002d3,"crash saat di buka, sekarang aplikasinya kenapa jadi berat banget ya",2026-06-06 07:03:40,playstore
490b123d-aec3-4094-bc2f-4b1ad215c243,"eror mulu, keluar dri app trus!",2026-06-06 06:56:03,playstore
081b381c-ce4b-470c-bd23-9037d937e3bc,waktu pengantaran tidak sesuai dengan yang di tawarkan,2026-06-06 06:40:37,playstore
764ac0f2-07d2-4ef4-ac70-f3d85eb2d530,kalo belanja 100rb ke atas gercep banget pengirimannya tapi kalo 100rb ke bawah kadang 1 jam lebih belum di kirim hehe tapi gpp yg penting di kirim😇,2026-06-06 06:29:30,playstore
cb500967-743b-4037-a8a9-b3af8de3053c,"dulu bagus,kenapa sekarang eror gak bisa di buka,, kalo login pasti keluar lagi.. tolong di perbaiki lagi",2026-06-06 04:08:05,playstore
99149d17-e99c-4f5c-8b2a-de9d03042468,"The best, tinggal lebih ditingkatkan sistemnya 🙏",2026-06-06 03:17:20,playstore
e07be146-20ce-4624-8f14-41997c48f44d,KENAPA ALFAGIFT SEKARANG KENA BIAYA ONGKIR KAYA BELANJA DI OLSHOP???? JADI MEMBER ALFA UDAH LAMA MALAH MALES PAKE APLIKASI INI YANG HARUSNYA MEMUDAHKAN DALAM BELANJA,2026-06-06 03:00:10,playstore
78dd03c1-9bd5-4d95-9c7c-5269d076b74d,"statusnya online, tapi dichat tidak ada respon sama sekali",2026-06-06 02:26:18,playstore
24271c78-06a0-4c3d-aa4f-cf6cc15898fc,kenapa saat saya buka aplikasi Alfagift tiba-tiba aplikasinya tertutup sendiri?,2026-06-06 01:32:27,playstore
53208cd8-fc7b-45fb-8884-7579b38e4cb1,"kenapa skrg pake ongkir?? ongkirnya mahal bgt lagi 5k, pdhl alfa ada cabang dkt bgt sama rumah. jdi mls belanja pake alfagift, PLS GRATISIN ONGKIR KAYA DULU!! 🥺🥺",2026-06-06 01:30:46,playstore
5341f173-4e7a-4942-95a8-930cb7b5ea03,luar biasa sangat membantu,2026-06-05 23:53:02,playstore
58249c37-4df7-4549-b546-3ef8705b2aca,"mudah, tanpa ongkir pula",2026-06-05 22:57:00,playstore
d91d56e0-16ca-496e-b233-2a3772138a90,"skrg suka close sendiri, lagi buka lgsg ke close, pdhl udah dihapus cache, udh install ulang, tp sama aja bener² lg mau masuk udh keluar sendiri",2026-06-05 22:09:40,playstore
3fb543df-3c87-4c5c-b066-5eef5e3565f3,"Tidak pernah ada promo, jadi aplikasi tidak ada gunanya",2026-06-05 13:36:53,playstore
1608f115-f1dc-4158-93ae-268be62edd00,"Jangan mau bayar via qris melalui aplikasi ini, sudah di bayar tapi status pesanan masih menunggu pembayaran terus. duit udah ke potong padahal",2026-06-05 12:58:14,playstore
6d3849ff-0d05-40a5-8d21-2d0b04af0b8d,Aplikasinya bagus dan sangat membantu sekali dan metode pembayarannya jg mudah dan cepat,2026-06-05 12:22:51,playstore
6061f86d-7ef8-4a65-b3bb-803e9c90ed38,Bintang 1 karena ongkirnya dirubah biasanya gratis ongkir tanpa minimal sekarang ada minimal belanja 25 ribu keberatan saya woilah syarat belanja segitu,2026-06-05 12:14:30,playstore
4dcee914-073c-4e3d-8a98-6d62fb811588,tolong naikkan gaji pegawai yang tepat waktu dan tidak banyak alasan. Pegawai yang shift2an bisa jadi imbas karena operan pesanan. Semoga ekonomi indonesia makin membaik,2026-06-05 11:08:58,playstore
a199b626-aac9-479b-a2c7-72692b8d44d9,"bintang 3 dulu, masih suka crash sama aplikasi dualspace. for Reply: ini juga pakai install dari google play? sama sekali ga di klon. saya clone buat aplikasi game.",2026-06-05 10:56:21,playstore
859ed96a-2714-496e-a906-a686d07dcf0d,sdh tidak gratis ongkir lagy,2026-06-05 10:30:58,playstore
52ea93cb-2f35-46e4-a6ba-79511a649d6b,ko sekarang ada ongkir nya katanya alfa terkenal sapa nya bebas ongkir gimana sih,2026-06-05 09:39:34,playstore
420336bd-dce0-48ce-87e3-44e5401e5eef,"gabisa bayar pake gopay, hubungkan ke gopaynya lama bangett",2026-06-05 09:04:32,playstore
bb67d5f6-91f3-4d0c-ab1a-19e0664b1225,a - point tidak masuk sama sekali. padahal struknya sudah masuk ke aplikasi tolong perbaiki servernya,2026-06-05 08:52:44,playstore
4b697929-3e59-4b62-93e3-68b402bc42ad,mlas udah ada ongkirnya,2026-06-05 08:28:54,playstore
51d88e7c-0353-4e1b-97ef-3610038f42c2,aplikasi tidak bisa di buka close terus,2026-06-05 08:13:38,playstore
1c60b524-2754-4739-9e5a-142257707c18,gada gratis ongkir lagi dongg sedih bangett gegara dolar naik yaa😭😭😭,2026-06-05 05:23:26,playstore
9097d55d-3b0e-4b0e-aa7e-55375b8011cf,ini kok jadi kena ongkir ya? baru bisa gratis ongkir dengan minimal belanja,2026-06-05 05:17:20,playstore
054f87d7-54bf-46fe-88ed-7142337e90bb,"ini refund sudah lewatt 1x24jam knpa blum dikirim, mana pegawainya main batalinn aja",2026-06-05 04:04:31,playstore
abe5d767-7197-4bfc-8c5b-12bbfc109258,sinyal bagus tp aplikasi eror digeser gk mau.pdhl hp baru dan mahal,2026-06-05 03:36:20,playstore
0647ecda-01cd-456a-b68e-f84e144dc677,kocak njirrr aplikasinya lama banget dibuka,2026-06-05 03:20:28,playstore
980ef5f9-b580-4d8c-98a7-1f8977ac553e,"knapa aplikasi tidak bisa masuk, saya ada vocer di aplikasinya",2026-06-05 02:36:24,playstore
18d043a7-1f88-4299-b70f-fa1cbd1a2b92,"Aplikasi aneh, baru daftar jadi member, mau order minyak goreng, tetapi ngga bisa dan muncul notif ""melebihi limit kapasitas pembelian"", padahal di keranjang masih kosong dan belum order apapun",2026-06-05 01:36:35,playstore
826e3f61-a745-49cb-9624-364a8fd3455d,kenapa sekarang pake ongkir ya? tolong lah gausah pake ongkir biar semakin rame yang belanja. kalo pake ongkir mana ada yang mau belanja lagi. tolong bebaskan ongkirnya lagi!,2026-06-05 00:05:07,playstore
292aefe3-a219-4424-9a4c-5abd8d324663,"q sk bngt dg adanya alfagitf... poin bs ditukar dg potongan harga, belanja dr rmh jg lancar tanpa ongkir.. is the best",2026-06-04 15:55:40,playstore
5640a872-54ac-481d-8627-c0c8353a84d1,apk nya ga bisa di akses,2026-06-04 14:37:19,playstore
2f10512e-dc01-4a83-8662-9a3fdb4e4d17,"pengiriman lama,lebih dari satu jam.kurir suka menunda pengiriman dengan alasan pembeli tidak dapat dihubungi padahal saya sudah bales chatnya, kurir juga sering chat bilang dikirim besok padahal saya belanja masih dalam jam operasional,alasan kemalaman",2026-06-04 14:28:35,playstore
554f2676-058a-4e76-bf32-d503d89acfec,"kalo Deliv belanjaan kurang mulu, heran deh bbrpa kali belanja kurang mulu.. kerja yang teliti dong sebelum dikirim itu cek lagi, udah komplen kagak dibaca chat gw",2026-06-04 13:35:42,playstore
c3d6c05d-5590-4186-9043-bedd86f17ef5,alfagift stok berasnya goib. berulang kali beli online bisa di kranjang tapi berasnya katanya stoknya ngak ada,2026-06-04 13:26:24,playstore
7d497454-c181-4ca1-b48d-76ba67e3556d,"buat kesal, org beli obat butuh cepat, malah tertunda dg Alasan pelanggan tidak membalas chat, ya chat nya di Aplikasi, chat di Wa lah biar lebih mudah, mana udah gk bisa di batalkan, dikirim jga kgak, chat ceklist..",2026-06-04 13:11:27,playstore
ad2f487e-c1df-469f-8360-e833181c9b43,"Tiba² pending kirim, efek tidak balas chat Namanya order stand by di rumah, sekarang ada ongkir, makin lama gak nyaman.",2026-06-04 12:47:05,playstore
05168928-ae0b-4ece-b726-1acd87587b25,"sat ini aplikasi , pas lagi sibuk dia chat ga dibales langsung ditunda 1 jam lama banget buat tidur padahal",2026-06-04 12:41:47,playstore
8004c599-e2e0-4c7a-a233-95be1d4f40fa,"keren, cepet, murah dan lengkaaapp poll bagus bet",2026-06-04 12:40:13,playstore
19bff8c0-cbb5-4c6b-8264-54b75cb7b03e,"Aplikasinya Sudah Bagus min, Tinggal Di tambahkan Saja Metode Pembayaran Via Qris Jadi Lebih toppp lagi 👍👍 mudah mudahan bisa terwujud...",2026-06-04 11:18:47,playstore
4dcdabd8-7742-4b29-987c-1a5981d91a00,"alfamartalfagif tanjung raja 2 kali ini sangat² mengecewakan,sudah barang datang kurang , disuruh bayar dobel,kurirnya tidak beres 7288,kalau tidak ada penyelesaian baik² aq tidak mau lagi pesan dialfamart tanjung raja 2(punya pegawai/kurir tidak jujur)",2026-06-04 11:17:23,playstore
08eb0cab-3213-45a2-80b7-698a96350ea5,"tolong kepada pihak alfamart agar segera menghapus ongkir karena itu akan sangat memberatkan saya dan yang lain,terima kasih",2026-06-04 10:56:31,playstore
72bd42c9-4585-4ff3-ac38-45a5001bcc58,aku kesel deh ini aplikasi dri kemarin mau dipake keluar sendiri terus susah mau belanja,2026-06-04 10:18:05,playstore
477233e6-f875-4099-b43d-34bdd7b6551e,coba dong aplikasi nya di ringanin lagi berat banget UI nya pass masuk secrol aja berat,2026-06-04 10:15:29,playstore
6a55fe54-f8dd-47d0-b835-c9a146c549ac,aplikasi ga bisa dibuka,2026-06-04 07:44:40,playstore
bb4deb9a-33a1-470b-850d-a17c131363ac,"kenapa sekarang jadi ada ongkir, kemarin ga ada, kalo gini males pesen disini lagi",2026-06-04 06:26:08,playstore
6d8186d5-60e3-4c74-840e-84a23e429ec0,sekarang sudah gak ada gratis ongkir ya,2026-06-04 06:10:48,playstore
8fdf34e0-868f-4d3b-9176-be0b4f66994d,kecewa banget sekarang jadi ada ongkir nya😭💔,2026-06-04 05:26:31,playstore
cf82ef28-8764-4514-affb-09c065b70570,"RIBET BANGET BELI BARANG MAKSIMAL SATU, GK JELASSS",2026-06-04 05:19:12,playstore
19d801ac-9858-4000-90be-7898a291580b,lah ini mau mesen alfagif ko jdi bayar ongkir katanya gratis ini malah bayar otw uninstall dehh,2026-06-04 04:05:09,playstore
2667ffc2-6c2c-443b-868b-a31f650d4098,cukup efektif,2026-06-04 03:26:02,playstore
008b92e4-c8c2-446f-9f41-5cf184e5f4e2,kenapa tidak ada opsi pembatalan pesanan. mempersulit kalian ini,2026-06-04 03:23:59,playstore
94a2ea73-09d6-4640-829b-256d2d17418d,Aplikasi tidak bisa dibuka lagi kenapa ya ? Sudah diUpdate,2026-06-04 03:17:09,playstore
9da35221-f221-4a54-8fcd-ca606f47f927,"sekarang pake okir trus mahal banget ongkirnya, kemarin² nggak ada🙏",2026-06-04 03:11:15,playstore
4f7f320d-9b3c-465d-9574-d0da81438acc,"Pelayanan buruk, saya pesan produk dengan est 3 hari sampai, namun sampai hari ke 3,4,5 dan 6 produk belum dikirim, saya chat tidak di respon sama sekali, padahal pembayarannya sudah lunas, seharusnya jika seperti ini harus ada konfirmasi dari timnya,tolong evaluasi lagi terkait pelayanan di lapangan pak/bu",2026-06-04 03:08:45,playstore
6bd77edd-cc09-46a4-bb9b-3829be5db17c,aplikasi terlemot yg tak instal,2026-06-04 02:44:07,playstore
f5e364ab-29f3-419c-9d01-e96dc736c88e,Pengen mesen eh gabisa soalnya lokasi gak terjangkau.,2026-06-04 02:35:02,playstore
a3c14c1b-73d2-42c1-8cad-e94f362500d9,sangat membantu konsumen 👍👍,2026-06-04 02:31:45,playstore
bcf3ac8d-12a8-43be-be6c-4a77a69198fa,pengiriman baik,2026-06-04 02:09:52,playstore
7a4ceeca-2d27-476f-8f5b-7e284a406a4e,layanan ini sangat membantu saya untuk berbelanja,2026-06-04 01:53:14,playstore
ae395b26-5fd8-451e-975f-b15dcf801bdd,sekarang ada ongkos kirimnya guys,2026-06-04 01:40:50,playstore
ac6489b2-9f90-479e-a464-727b19371cce,"pengiriman lambat, alasan kendala kendal ga jelas harus dichat duluan malahan udh milih max 1jam tp dikirim 1jam set",2026-06-04 01:17:15,playstore
7d3ddedd-4fe3-45f3-b1e4-b4d652bb6d07,di awal saja pengiriman gratis 4/6/2026 sudah ada ongkir,2026-06-04 00:18:51,playstore
a675b5b1-f411-4685-b3f9-738f5d3fabc6,"kecewa sama alfagift yang sekarang. ongkirnya gede padahal better kaya dulu aja gada ongkir makin banyak yang minat download, sekarang kalo di Adain ongkir gini malah banyak yg uninstall contohnya kaya saya!",2026-06-03 22:28:41,playstore
3e449e21-3c9c-4210-aa6c-beae7334e6d9,"untuk pertama nya saya akan memuji aplikasi ini karena sangat membantu dengan cara diskon yang diberikan, saya disini ingin mengkritik maaf bila terpengaruh, tolong ini aplikasi nya kenapa sangat berat hingga di tahap aplikasi nya dinyatakan bugging oleh hp saya",2026-06-03 15:48:47,playstore
4c6721c8-2ae6-4d6e-b4cf-1b7c9e4fc2b6,"jelek banget pengirimannya, udh beberapa kali pesen selalu telat dianternya.padahal pesen yg estimasi 1jam sampai, tapi dari jam 6 sampe jam 12 mlm gk ada juga. mana kurirnya gk ngerespon di chatpun!! kalo ada kendala ya di infokan ke customer. ini dikasi bintang satupun agak keberatan sbnrnya",2026-06-03 15:30:56,playstore
4ee676e8-3ce2-4818-b852-7971e96ae4fd,Kok punya aku tbtb ngga bs di buka ada tulisan rootnya.. Padahal udh member bestie,2026-06-03 15:03:51,playstore
d19eb5ff-346f-4fb9-8865-c695434733fb,"baru ini pake alfa gift pesanan ga dikirim2 dengan alasan pembeli ga bales chat. padahal aplikasi juga ga saya keluarin, saya stay di kolom chat pun ga ada chat masuk. dicancel juga ga bisa karna tulisannya sedang dalam pengiriman tapi kepending. padahal urgent butuh barangnya buat malem ini.",2026-06-03 13:56:43,playstore
cf7240e9-1078-4754-ae22-adebe9655660,ini aplikasi chat nya lagi error / gimana ya. pesanan tiba2 tertunda karna alasan penerima tidak ada padahal lagi nungguin juga. mau chat tapi tidak bisa(you can't send message) . trus customer mau konfirmasi pesanan gimana dong,2026-06-03 12:42:15,playstore
393c8a52-4c94-45d8-84b4-4f22f7bff3e5,"jangan jualan telur busuk donk, baru 2 biji telur saya pecahin busuk, males untuk pecahin yg lainya 👎",2026-06-03 12:27:06,playstore
356d4f74-6662-4441-ae5a-e2c186b8fc3d,"Pelayanan buruk, selalu ga sesuai pengiriman di jam berapanya, di perbaiki dong. Semaunya bat, chat ga di bales. Tiba-tiba ditunda atau batalin dengan alesan tidak membalas pesan. Aneh, padahal pihak alfa yang tidak membalas.",2026-06-03 11:33:30,playstore
b088db1d-d5b1-4134-8e9f-565dc84d9027,ka kenapa ya aplikasi alfagift saya tidak merespon setiap buka aplikasi pasti keluar lg,2026-06-03 11:01:10,playstore
16d9d6be-4117-4a56-ab84-deb2721f8a82,"alfagift sangat berguna dapat poin bisa di manfaatkan kalo belanja pakai member. tapi sangat di sayangkan kualitas Alfamart karyawan pada pemalas. setiap masuk Alfamart sering jumpai tidak ada kasir nya. beda sama Indomaret setiap masuk di berbeda-beda Indomaret selalu ada kasir yg standby. belakangan ini males belanja di Alfamart karena petugas karyawan ada 2 juga gak guna kaya ga fungsi. pembeli banyak. yg kasir 1. pembeli sedikit kasir pura"" sibuk di tempat lain. orang"" beralih Indomaret..",2026-06-03 09:27:59,playstore
3e334616-2ea0-423f-ae29-1e28d4982bb0,"kenapa galon le mineral kosong terus yah, tolong daerah berbah disediakan kak",2026-06-03 07:04:25,playstore
ee4f0e11-5457-481f-b5d5-683d8bb9894a,"error terus, apknya keluar² sendiri",2026-06-03 06:41:11,playstore
a579bc7b-e362-4cb1-b6ca-aea23c13cfaa,sekrang terlalu lama pengiriman nya tolong dong di perbaiki padahal udh milih max 1 jam kadang datang 2 jam baru datang,2026-06-03 06:21:55,playstore
78532d0f-74fd-4c37-a53f-ca1c2ae5206c,"pelayanannya sangat buruk, tidak sesuai dan lagi dalam jasa pengantarannya selalu berbeda dengan keterangan waktu yang di pilih. Masih mending jika melewati waktunya max 30 mnt ini kalo di pesen yang ada barangnya sampe besok apalagi sistem cod kadang di sepelein sama kurirnya padahal nominalnya lumayan tetep aja g peduli, kesimpulannnya apk ini kurang banget buat jasa layanan pembeli. Kalo bisa barang yang tidak sesuai/tidak sengaja di tinggalkan, kita bisa komplain ke jasa Alfa tersebut",2026-06-03 05:15:27,playstore
64554f5a-c077-4719-a7d4-714876b00eca,Bagus,2026-06-03 04:33:16,playstore
681e5d15-213f-48d8-93a2-8cce459d7bb2,sangat kecewa banget di karenakan apk alfagift di buka tidak bisa,2026-06-03 04:10:08,playstore
359e0be6-f7d2-4019-a844-1db86b6f5e8c,"Aplikasi alfagift ga bisa diakses, terdeteksi HP saya diroot. Padahal gak! Sudah hubungi call center dari medsos dan email, ga ada solusi, yang jawab AI!",2026-06-03 03:57:16,playstore
2baa3733-23bc-41ee-b16b-262406f65814,"pengiriman barang lama, stok sering kosong (galon aqua?) sampe berhari2, ribet",2026-06-03 02:27:47,playstore
5dc88bee-65e6-43a8-a847-e2b7e119672c,"lama pengiriman nya lewat dri tgl estimasii, minta di refund tpi ga di kasi jg",2026-06-03 01:45:16,playstore
9ba3ecb7-a58f-443f-9bc5-53b2db95fcc0,pelayanan yg baik ok,2026-06-02 23:51:43,playstore
0c021e78-3cbd-4de6-9a98-438b9fc21a28,"aplikasi banyak untung nyaa, banyak diskonnya thee best pokoknya maju terus Alfamart banyakin lagi promo nyaa pokoknya sllu untung belanja di alfamart 🥰😚❤",2026-06-02 22:50:19,playstore
953026cc-e05d-4d5d-a1b1-243c65966166,kenapa sekarang aplikasinya gak bisa di buka setiap buka aplikasi Alfa langsung keluar sendiri,2026-06-02 22:01:20,playstore
9531422f-a316-44eb-94cc-b261e45d5f88,aplikasinya mengganggu privasi yaitu fitur bluetooth di hp dan quick share yg seringkali tiba tiba menyala setelah uninstall aplikasi tidak lagi mengalami gejala semacam itu,2026-06-02 18:05:04,playstore
02c01d1f-f3dd-4ed5-8b1e-e79b63bb3418,"Aplikasinya kenapa jadi lemot parah bgt. skg malah tambah parah suka closed sendiri. udah ngosongin memori takut krna penuh, udah update, sama aja. pdhl sblmnya ga gini, minimal seminggu sekali belanja lewat app ini. skg jd males, level crazy rich ku tak bisa dilanjutin 😅 Padahal sudah clear cache, sampai uninstall,trus install lg, masih sama😭 Baru buka app after clear cache, tunggu sampai halaman benar2 muncul full gambar (tidak loading), mau klik keranjang aja ga bisa, lgsung close sendiri.",2026-06-02 15:51:25,playstore
ee4ecb45-0f90-49e4-8dae-58b8ab0f504b,"Min kenapa sekarang alfagif makin gajelas, setiap saya mau buka aplikasi tiba"" lag terus langsung keluar dari aplikasi, pdhl kalo masalah jaringan/ruang penyimpanan itu masih aman aja, jadi sekarang saya mulai bet mut, ngk bisa beli makanan lewat alfagif. soal nya we orang nya mageran keluar rumah",2026-06-02 14:14:42,playstore
d0ce84b9-620e-4349-83c3-90f44b646efd,stok banyak yg kosong sampai berbulan-bulan... contoh susu Indomilk....,2026-06-02 13:44:58,playstore
68d798a7-35f4-4b57-82ea-8dd1a284793a,"mohon maaf saya bintang 1, karena pelayanan tidak memuaskan, beberapa kali saya pesan pengriman jam 4-6 atau 6-8 selalu dikirim diatas jam 9 malam. Apakah bisa ditambahkan opsi batal pemesanan apabila pengiriman melewati batas waktu yg dipilih / terjadi lonjakan sehingga ada penundaan kirim. Jangan lupa template chat ""PELANGGAN MEMINTA PENUNDAAN PENGIRIMAN"" atau ""PEMBELI TIDAK DAPAT DIHUBUNGI"" itu baik dari kurir maupun dri pihak alfamart SERING TIDAK ADA KONFIRM KE PELANGGAN",2026-06-02 13:19:38,playstore
60991e18-eaa3-453a-b51d-b35af1f34ab4,belanja menyenangkan,2026-06-02 13:12:35,playstore
efd5d3ab-8f86-4609-b833-dae3b0df044c,Mohon fitur real time tracking untuk kurir disediakan agar kita sebagai pembeli tau kurir udah sampai mana.,2026-06-02 12:40:14,playstore
3d205a87-7806-46f4-a967-2ef74b1fad57,"awal2 menyenangkan tapi akhir2 ini pengiriman telat tanpa pemberitahuan, di telp susah, pesan hari ini baru datang besoknya gak ada kata minta maafnya mending yg logo biru, ada keterlambatan selalu beri kabar,",2026-06-02 12:39:23,playstore
c911da8d-3c8d-4346-b341-cf359e048378,Pembayaran lewat shopepay terkadang tidak bisa,2026-06-02 12:23:52,playstore
2ca8c4dd-34a4-4acd-8039-4c9cf5b83a7d,alhamdulilah untuk pengiriman nya sudah diperbaiki jadi cepat bahkan kurang dari 1 jam!,2026-06-02 12:22:48,playstore
8b67a66b-1a49-43db-a116-d33b29b1d586,"stok galon refil merk A , kosong terus aneh , padahal digerai nya ada , tapi di apk nya kosong, kenapa ya ko bisa gitu ?",2026-06-02 10:11:09,playstore
afa9b001-277c-43de-b980-2c45a9aa9ace,tolong lah jangan terlalu di bikin ribet kalo mau login ulang tuh udh masuk kata sandi jelas harus verifikasi udah verifikasi ga bisa masuk lagi apaan coba? bkn pusing bgt kesel,2026-06-02 09:33:24,playstore
078c0d91-e601-41ba-bac4-3f85227663c9,"kak tolong di cek Aplikasi nya . kenapa Saat masuk Menu pembayaran, selalu Muncul Koneksi Hilang.",2026-06-02 09:01:50,playstore
fe3a15c7-98e3-451a-95f3-fcae1e7eb225,kakak kenapa aplikasi alfagift saya tidak bisa digunakan untuk transaksi..,2026-06-02 08:06:40,playstore
f81a092f-7b17-4920-9f4c-8686ef951cc2,lumayan,2026-06-02 06:20:39,playstore
cb26f5fc-8eca-4071-b994-37e416c7ca09,baik banget,2026-06-02 06:09:54,playstore
30908605-d4a1-4f3a-b4fb-157d1e67eae6,kurang kurangin lagnya dong min hmm,2026-06-02 06:07:22,playstore
fe9174bf-5e90-4732-9103-39ba0281a51d,"tolong perbaiki lagi sistem nya, barang ditoko kosong ko masih bisa dipesan lewat alfagift. udah 2x ngalamin bikin ribet",2026-06-02 04:22:00,playstore
13e1279f-e727-4912-9a83-eaaeb23600d1,"pengiriman lambat meski sudah setting 1 jam setelah pembayaran, respon lambat, pesan otomatis sering saja menyalahkan konsumen dg dalih tidak membalas chat pdahal konsumen on terus. nol nol nol.",2026-06-02 03:38:21,playstore
88bfb230-1378-42a1-bd2a-4b786cbe479b,"inii kenapa gw mau pake voucher potongan 100k ngk bisa bjir, pas jam 2 subuh katanya voucher dapet di gunakan 2 jam lagi nah pas pagi-pagi gw mau pake malah ""voucher sudah di gunakan?"" ini ke mana ceritanyaa rugi 100k gw ilang padahal kodenya cuma ada di gw",2026-06-02 03:37:50,playstore
62575d41-d76c-46eb-bca7-79e2703b04e3,"pengembalian dana sangat sangat lama, sudah terhitung 9 hari sejak pesanan saya di CANCEL oleh pihak toko dan tidak ada solusi, katanya 2-3 hari pengembalian dana tapi ini sudah hampir 2 minggu tidak ada pengembalian dana, saran saya pakai indomaret saja lah, gila di korupsi apa ya uang saya, lumayan loh 100ribu gile",2026-06-02 03:26:36,playstore
a8f65ffe-241b-4f77-ad35-598325cb5471,"tidak bisa masuk,cuman ganti hp lama ke baru,jdi login gagal trus, hadeh,kaya mana ini🙃 tlong bantu ny",2026-06-02 00:33:14,playstore
4538f548-f6b8-4207-bc03-e8045504418c,"sekarang beli apa apa di batasi contoh minyak gula maximal 1 , stoknya barang promo cuma 1 contoh beli 2 harga 5rb per pcs stok mya cuma 1 padahal stok ditoko banyak member saya pun downgrade dari level crazy rich ke newbie member karena xp gak pernah bertambah wlopun sudah belanja",2026-06-01 15:19:39,playstore
6d0d12fa-e12e-4fc0-91ce-6ebb32bcf521,good👍👍,2026-06-01 13:27:57,playstore
52ba5218-c956-4acb-9db3-547dc67cdf63,pengiriman nya lamaaaa bngt beda bngt sama astro sumpah,2026-06-01 13:20:48,playstore
cfcc6bad-d48d-4941-aa65-919157899334,"ini siapa pengelolanya? coba tuh manager tokonya di perhatiin lagi Anak buahnya, di adain aplikasi alfa gift biar customer mudah belanja tinggal nunggu di rumah, ini malah di kecewain terus-terusan pengiriman lambat, gada konfirmasi apapa dari admin ataupun kurirnya giliran di tanyain malah ketus jawabnya, kalo males antar mending hapus aplikasinya, kalo males layanin jangan jadi pelayan nganggur aja di rumah",2026-06-01 13:12:57,playstore
830734a3-9e29-4a46-acaf-f7c662889350,stokk abiss teruss kalo mau belanja ga ada opsi toko lainnn,2026-06-01 12:37:43,playstore
f8928baa-35f1-4ad5-b441-8237e4c8be55,"Sekarang belanja di alfagift jadi ada minimun pembelian 50rb kalo bayar lewat cod, pdhl kan setiap mau membeli yg dibutuhin aja, sekarang harus ditambah dgn brg yg lain supaya pas 50rb,..",2026-06-01 11:27:39,playstore
62a25731-a4a1-4945-978c-4c3e75ac4990,"app tiba tiba ngecrash saat dibuka, ga bisa di scroll sedikitpun",2026-06-01 11:00:21,playstore
4878e646-bab9-4bb3-a846-5655b6b7243e,"bikin kesal,padahal buatnya pengantaran satu jam setelah pembayaran,tapi tidak sesuai waktu,selalu saja telat, aplikasi kurang ajar bgt bikin emosi ngga amanah bgt!!",2026-06-01 07:49:46,playstore
a9f68fbe-85eb-45ba-bcee-25fcdd3e7747,kenapa akhir akhir ini selalu ngelag yaahhh,2026-06-01 07:20:29,playstore
5d4ea452-db12-4ddd-95e7-c51bc2943b94,"Belanja jadi mudah, gratis ongkir jugaa. Saran aja mungkin bisa ditambahin opsi pembayaran lewat qris juga jadi lebih satset min",2026-06-01 06:32:52,playstore
b6f78a51-50a8-4cd4-8d50-351027bffdd9,minta tolong di bantu ya kenapa saya tidak bisa buka aplikasi nya,2026-06-01 04:24:48,playstore
9ba30e9c-f53f-4d48-a4df-3064ab64cf65,ini kenapa nge lag mulu apk nya siiii,2026-06-01 04:20:55,playstore
2c11c95c-c70b-48fc-b39a-ee367f77b6fd,sayang banget nggak ada fitur cod...,2026-06-01 02:59:00,playstore
29f9aa7e-63b1-43e3-bfd8-6579f23ab1fb,tolongggggg dong min aplikasinya ga bisa di buka setiap buka tiba2 keluar dari aplikasi Mulu gimana ini,2026-06-01 00:17:44,playstore
4c64771f-9e64-426b-ae8e-af6453731708,"Alfamart jauh dari rumah saya, sangat bermanfaat",2026-06-01 00:12:17,playstore
893875e8-a6de-4c80-811a-470695512907,"Aplikasi bagus, interface yang mudah dipahami, memudahkan costumer dalam pesan online tanpa harus ribet ke toko.",2026-06-01 00:00:59,playstore
7d4ddb77-5713-44ca-922e-64b622bd79b0,Aflikasi ini sangat membantu... Untuk yg males keluar rumah....tapi sayang sekarang aplikasinya tidak merespon... jadi terkendala deh belanja bulanan ya... minta bantuannya donk.. aplikasi akun aku tidak merespon....,2026-05-31 22:30:54,playstore
07960afa-54cb-4472-8934-fc2c3ab05503,aplikasi bermasalah padahal koneksi internet sangat baik dan bagus tolong difollow up,2026-05-31 19:26:59,playstore
dec08a9b-6c29-4c77-98e9-ac04c1ebf8f0,"Aku kasih bintang 5 untuk aplikasi Alfagift karena Belanja Untung dgn program harga spesial & tebus murah. Aku sering belanja kebutuhan sehari² di Alfagift karena promo yg diberikan benar² real, mulai dari diskon, cashback, hingga produk gratis. Belanjanya juga praktis, cukup order dari rumah & pesanan langsung diantar. Semoga Alfagift terus menghadirkan program menarik & mempertahankan Bebas Belanja Untung agar pelanggan bisa terus berhemat & berbelanja dengan nyaman. Alfagift the best ✨❤️",2026-05-31 16:42:16,playstore
e1c9ce1e-2c72-4629-aa7d-605302c85837,kasi bintang satu tuker poin lima ribu dapt hadia undia k ada kabar g ada cerita ilang begitu saja. g ada guna pasng2 poster undian di depan alfa,2026-05-31 16:08:52,playstore
dc045698-c803-44d6-8d1c-33e16704b729,"Saya memberikan bintang 5 untuk aplikasi Alfagift karena program HARGA SPESIAL dan TEBUS MURAH benar-benar membuat belanja lebih untung. Pengalaman terbaik saya saat membeli kebutuhan sehari-hari dengan Harga Spesial lalu mendapatkan kesempatan Tebus Murah untuk produk favorit dengan harga jauh lebih hemat. Rasanya menyenangkan bisa mendapatkan lebih banyak kebutuhan dengan pengeluaran yang lebih ringan. Semoga Alfagift terus menghadirkan promo menarik, inovatif &Bebas Belanja Untung kedepannya",2026-05-31 13:36:14,playstore
ea4d7674-ec44-446a-8b47-eda15cf06c0e,"aplikasi bodoh baru di download mau belanja, udah hang macet-macetan terus, keluar sendiri",2026-05-31 12:11:35,playstore
1f1ece10-6a6c-44b5-bab3-b3c0fff3bd29,"Aku kasih bintang 5 untuk aplikasi Alfagift, karena Belanja Untung dengan program Harga Spesial di Alfagift. Pengalaman belanjaku sangat menyenangkan karena sering ada promo menarik. Aku pernah mendapatkan produk dengan potongan harga hampir 50% sehingga belanja jadi lebih hemat. Aplikasi juga mudah digunakan dan pilihan produknya lengkap. Semoga Alfagift terus menghadirkan program Belanja Untung, Harga Spesial, dan promo menarik lainnya agar pelanggan semakin nyaman berbelanja. I Love Alfagift",2026-05-31 11:18:29,playstore
0ff32776-ccb8-417a-ab4d-95f68e1cf3d2,"pesen yg dikirim satu jam, sblm sampe barang dinotifikasinya dibilang udh diterima, dichat katanya barang ketuker, sampe 2 jam setelahnya blm sampe",2026-05-31 10:57:55,playstore
66414516-b6da-4393-96ef-d6cc86788e07,"Aku kasih bintang 5 untuk Aplikasi Alfagift, karena belanja untung dengan program tebus murah , A-Voucher, produk gratis serta casback . belanja jadi praktis dan untung apalagi dengan jasa antar yg gratis ke alamat dan cepat sampai. terbaik lah pokoknya alfagift 🥰 harapan ku semoga Alfagift tetap memberikan layanan yang terbaik kepada konsumen nya dan jaya terus semakin banyak promo sukses selalu alfagift, BEBAS BELANJA UNTUNG TERUS KEDEPANNYA #AlfagiftBebasOngkir",2026-05-31 07:01:18,playstore
91fe6140-d327-4c76-ad3f-146d386210c1,"Aku kasih bintang 5 untuk Aplikasi Alfagift, karena belanja untung dengan program tebus murah , A-Voucher, produk gratis serta casback dan Alfagift Gratis Ongkir , happy banget thanks banget pokoknya buat Alfagift 😍 belanja jadi praktis dan untung apalagi dengan jasa antar yg gratis ke alamat dan cepat sampai pokoknya luv bnget , harapanku semoga Alfagift tetap memberikan layanan yang terbaik kepada konsumen nya, BEBAS BELANJA UNTUNG TERUS KEDEPANNYA sukses selalu Alfagift ❤",2026-05-31 06:48:05,playstore
509d69c9-48b7-48ce-ae81-f7d8a84d4038,"paraaaaah bgt pelayanannya.. order dari jam 7 pakai yg 1 jam langsung sampai tapi hampir jam 12 siang jg belum datang pesanan saya dengan alasan karena jarak toko dengan rumah terlalu jauh, klo memang ga siap ga ush di buka jasa pesan antarnya.. sangat mengecewakan, padahal ini bukan pertama kali nya beli di sini, kapok ga akan pesan lg deh..",2026-05-31 04:45:09,playstore
25a61200-fa8d-4cf7-85ab-984ebe006db8,"pengiriman nya bagus, tapi tolong saat mau bayar adain barqhat, terus kalau saya mau ngaitin ke dana susah katanya "" koneksi jaringan anda buruk"".padahal jaringan saya bagus, terus saya coba nge hospot ke teman sama, jaringan temen saya juga padahal baguss.. Jadi tolong lah untuk yang pembuat aplikasi alfagift adain barqhat dan permudahkan saat di kaitkan ke dana",2026-05-31 04:10:42,playstore
561aef4d-d516-45de-b971-a3a88738ee72,"Saya member Alfamart dari tahun 2013/2014, dan masih pakai kartu Ponta. sekarang saya baru download apk Alfagift tapi no hp yg saya masukan tidak dapat login. mohon bantuannya",2026-05-31 03:02:00,playstore
8f114b7e-164e-4781-aae4-571ef5409cfc,Mantap.,2026-05-31 02:47:49,playstore
8b51fd67-1ea0-4460-84ae-ba8540e4e0b4,"selalu jadi andalan ku dan lengganan ku setiap pagi. sangat"" membantu.",2026-05-31 00:21:03,playstore
95a52e1e-ae9c-43c4-97a9-d9bbc1e3d401,sering sekali sesi masuk akun berakhir sendri giliran mau login kmbali dengan akun yg sama gk bisa,2026-05-31 00:03:49,playstore
f5526037-913f-4cec-a297-20db0fb82854,"ada aplikasi shizuku di hp, aplikasi ini tidak bisa dijalankan.",2026-05-30 22:43:23,playstore
deadcf9a-0c9d-4a38-a2f4-45f4670abf48,terimakasih,2026-05-30 22:17:17,playstore
c9d34140-3bad-4236-a127-f5b1a2261fbb,"Alfagift tuh aplikasi paling ngerti kebutuhan kita. Mau belanja bulanan, jajan, sampe kebutuhan mendadak tengah malem, semua ada. Harganya bersaing, promonya gak ngadi-ngadi, poinnya juga bisa nuker voucher. Hidup jadi lebih praktis sejak kenal Alfagift 😆 Semoga tim Alfagift selalu sehat, rezekinya lancar, dan aplikasinya makin canggih fiturnya. Sukses terus buat Alfagift, makin jadi #1 belanja online di hati kita!",2026-05-30 19:13:15,playstore
0e1e8edf-81e1-4a2e-bc12-e45aef426163,kcewa berat tidak sesuai estimasi dah 5hari gak dikirim padahal pembayaran melalui tf dan susah direfund dan bikin kesal lagi kurirnya bahasanya kurang menyenangkan,2026-05-30 17:15:05,playstore
f5398966-537c-450d-98aa-543d65a9deff,"terbantu banget untuk budgeting belanja, dan cari promo diskonan tapi sekarang aplikasinya berat banget, mana tiap mau tambah ke keranjang suka keluar sendiri, tolong ih, update bukannya lebih baik malah mundur",2026-05-30 17:01:09,playstore
00184f55-9327-4536-881f-210711bf90b5,"akun saya diblokir sepihak sama alfagift, ampe saat ini ga jelas karena apa",2026-05-30 16:11:07,playstore
1b0bc732-1445-4528-8562-b997db47840f,"Bintang 5 buat kamu yang sudah buat aku belanja lebih mudahbaru sekali nyoba belanja lewat alfagift karna biasa transaksi langsung ditoko ternyata belanja lewat alfagift cukup sat set datang tinggal ambil barang belum lagi promo nya yang banyak seperti tebus murah buy2 get 1, dan masih bnyk promo lainnya belanja jadi lebih menyenangkan 🥰",2026-05-30 14:54:11,playstore
bcc0626f-62bd-4c7a-a3ae-1a16c659fe4a,gila sh. lokasi di mana tapi dapet pengiriman jauh bgt. ga kasian apa ama karyawannya. bukan yg terdekat sama kastomer malah jauh bgt. ga bisa lacak posisi dimana juga,2026-05-30 14:46:07,playstore
7a558d55-110a-47dc-aa1b-f79994830f0e,"Mengecewakan, toko Alfa warung jaud kota serang. padahal saya pelanggan setia Alfagift, walau berapa kali salah kirim saya sabarin, order lagi saya minta lebih teliti biar gak bolak balik. eh ini mau COD chat belum dibales gak sampe 3 menit udah main pergi aja. Untung saya COD, kalo ngga uang saya ketahan 500ribuan. Udah datengnya malem2 jam 9 malem. Ini tim Alfa coba dicek lagi kualitas pegawai di toko warung jaud serang. Kalo gak sanggup Alfagift mending ganti aja alfanya. Males banget",2026-05-30 14:22:29,playstore
bb22ef9e-be7f-4626-878b-1b6e7f1bd5ac,maaf diksih bntang 2 Krn SDH 1 Minggu lebih aplksinya error dan tidak bisa di pakai belanja online 🥲🥺😒🙄😠,2026-05-30 13:19:08,playstore
2dc16249-26fc-42a4-b4d5-12c02d82a1d7,hai..knp aplikasi saya error sudah 2 hari ini? tertutup sendiri dan tidak respon.,2026-05-30 12:55:32,playstore
249afe93-7145-4059-ae2e-3b4b624e6a55,Saya sering belanja di alfagift tetapi baru ini kok lucu sekali...pesanan bisa ditunda karena customer tidak membalas pesan. Kalau karena orderan penuh dimaklumi. Sepertinya saya perlu mempertimbangkan lagi kalau mau pesan alfagift jika tidak bisa stand by hape. alfamart-DS Harapan Indah,2026-05-30 11:41:57,playstore
5a8e10aa-8a81-4ec7-93c3-7ea304cea94f,"admin nya ribet,bertele tele kita pesan juga ga jauh jauh amat cukup no wa.lagi an pesan kan bayar dulu.alamat udah super lengkap masih di suruh ubah.admin nya kurang profesional",2026-05-30 11:16:04,playstore
5edcdd63-f7eb-47ec-a9cf-ec2e6697a6eb,"woi ini sampah banget Alfamart jaya sampura, lama banget nganterin doang tolol",2026-05-30 11:11:57,playstore
f66b12c9-593a-4a99-ac8c-bb38c8b02c79,"setiap delivery dikirim bisa 4jam, tidak habis pikir. padahal beli kebutuhan anak spt susu, atau beli makanan yang emang buat break time tapi dikirim bisa 4jam. ilangin aja deliverynya kalo emang ga niat. udah di notes di deskripsi ""taro pos security"" malah chat lagi, dan karna telat balas ga sampe semenit langsung di bilang ""pengiriman ulang karna cust tidak membalas chat"" alesan!!!",2026-05-30 10:01:19,playstore
51fba8eb-a25d-4d7c-acad-f74f5c368629,"sering nge bug ngga bisa ke buka, habis masukin nomor sama sandi tiba tiba ada tulisan alfagift tidak menanggapi, udah nyoba login berulang ulang sampe 5 kali pas mau login ke enam kalinya uda ngga bisa harus nunggu sehari padahal login di hp yang sama dan akun (nomor) yang sama",2026-05-30 09:53:58,playstore
ad61599d-822b-4389-95f7-026bc7da5691,berguna banget pesanan cepat sampai harga terjangkau,2026-05-30 09:53:56,playstore
60988403-8808-484a-ab3d-574cab1f2eb4,di aplikasi kosong barang tapi di toko ada banyak ....hadehhh gimana sih?kok g sinkron.,2026-05-30 09:52:19,playstore
eaf6742e-0bb7-4cdc-bb46-e45e94a20f79,"apk ngelag, berat banget dan keluar-keluar sendiri",2026-05-30 09:47:17,playstore
f78eca61-e1a6-4be1-a6bc-decb73e9fc0c,"Staff mengirimkan barang pesanan yang seharusnya sudah tak layak diberikan ke konsumen, seperti: 1. Kemasan popok bayi yang kotor. Yang bahkan bisa jadi stok tersebut adalah stok yang sudah tidak dipajang di etalase. 2. Beli Sarden kaleng, tapi kemasannya penyok. Yang mana produk tersebut seharusnya sudah tidak layak diberikan ke konsumen. Kemudian, memberikan uang kembalian yang rusak/robek. Apakah staff dengan sengaja memberikan ini ke konsumen? Yang justru akan memberikan nilai negatif.",2026-05-30 09:47:08,playstore
fc471c94-c150-4253-9e25-e0ebcc2c9cc4,"pengirimannya lama, mending pindah ke sebelah",2026-05-30 09:18:01,playstore
51c212c8-dab0-4794-818e-901a59101b5b,"aplikasi nya ga bisa di buka, selalu keluar keluar terus, udah coba download 2 kali tetap sama, bagaimana ini pihak Alfamart!!",2026-05-30 09:18:01,playstore
6959a8b5-2e70-4cff-a5a4-e199912ca0ad,"buruk karna pesanan nya lama dtngnya pesan jam 8 bisa datang jam 1 siang ..alesan anter kebnyka tempat ..udh itu pas DTG telor pecah ..alhasil pecahan telornya kmna"" blnjaan sya yg lain amis semuaa",2026-05-30 09:15:15,playstore
cddf7204-2842-4fee-aec2-3b1e95849a75,peoduk yang dikirim kurang tapi ga bisa dikomplain,2026-05-30 09:12:41,playstore
43fb2c6a-49b6-43a3-a3b5-371f6fe4c5f1,"saya suka belanja di sini tapi yaa tlong lah apk nya jgn suka aneh, tiba² keluar sendiri atau susah banget untuk di buka, blm sempet pesen sudah sering keluar sendiri, kalau untuk pengiriman masih bisa saya maklumi, ntah memang hp saya nya atau memang apk nya yg lemot",2026-05-30 08:45:58,playstore
ff332fd8-b11d-4373-8bba-f67ffbf2b1fd,"pengalaman pertama pake pesan antar, lama nunggu sampe 2 jam lebih, alasannya banyak yg belanja, dan kurir cuma satu, dan ga suka sistem sop mereka nunggu pesenan yg searah dulu supaya tidak mengantarkan bulak balik, sehingga pesenan saya nunggu lama, kurir cuma bilang kalo mau cepet ke toko aja, mohon perbaiki",2026-05-30 08:19:18,playstore
22f4fad4-2a70-4779-bff4-b4718fbfec49,"Aplikasi sebelumnya selalu lancar, tetapi setelah di update yg terbaru ini kok sering error keluar tiba tiba. Fitur apa yg ditambah & diperbaiki kok malah jadi begini?",2026-05-30 07:56:20,playstore
3c13034e-b368-4234-bcb9-5bf4231e80c9,biarpun udh pasword ttp di minta mlas bnget !!!,2026-05-30 06:52:49,playstore
e5a811a6-2fa4-4683-883a-5611e8d4a0fe,"Aku kasih ⭐5 untuk alfagift karena belanja untung dengan program TEBUS SUKA-SUKA dialfagift 😊 🔸Belanja dialfagift gak perlu lagi repot keluar rumah, tinggal buka aplikasinya pilih2 barang yang dicari, apalagi dengan program TEBUS SUKA-SUKAnya jadi makin hemat belanja dialfagift. Senengnya itu alfagift free ongkir tanpa minimal belanja, sampenya juga ontime 👍🏻 🔸Semoga alfagift selalu memberikan kenyamanannya bagi konsumen alfa ya 👍 udah nyaman banget pake alfagift 😊",2026-05-30 06:21:47,playstore
b8e23460-187e-4b9c-b320-4991ca68a89f,baru instal tapi dah macet2,2026-05-30 06:10:18,playstore
55d1cf08-2e01-4d6e-a72c-6fe07162e4bd,kenapa sekarang penuh terus ya aneh sengaja kurir nya ini,2026-05-30 05:46:23,playstore
69d661b3-a326-4113-ac9a-d43af1f8c6f4,aplikasi nya gak bisa di buka,2026-05-30 04:38:46,playstore
3c93b12d-6263-4de5-881b-4779bdbd184f,"kecewa ...belanja sudah dibayar , tp pengiriman dibataliiin ...sudah 1 Minggu lebih dananya gak dibalikin",2026-05-30 04:28:16,playstore
64a102cc-5265-4ea7-ac8e-e0df957f0acf,pelayanan alfagift the best,2026-05-30 04:08:19,playstore
7f172b6f-44ed-4644-aaad-c6c9935f67b7,"sangat bisa diandalkan kalau lagi ngga sempet kemana-mana. NB: TOLONG DICEK DESKRIPSI KOPI KAPAL API BUBUK YG BESAR, KETERANGAN TIDAK SESUAI DENGAN GAMBAR, YG HARUSNYA ADA GULA DITULIS TIDAK (DAN SEBALIKNYA)",2026-05-30 03:36:51,playstore
d6c2ff66-1d9c-4d9f-9faf-b2782b7ba10d,"kurir Alfa dan Indomaret beda banget jauh lebih ramah kurir Indomaret (Bekasi,Bantar gebang)",2026-05-30 03:00:10,playstore
a7ad802a-8fab-402c-9596-ea7277cdc003,akun alfagif sy tidak bisa akses knp yah.. tolong dibantu min setiap masuk akun mau blnja langsung hilang kembali bagaimana solusinya sy sdh merasa nyaman dan asyik blnj lewat alfagif,2026-05-30 02:33:29,playstore
df95767d-6653-4ff0-890d-c58d1e70bc69,"apk alfagift lemot banget banget, padahal sinyal lancar apk lain juga oke2 aja gaada yg lambat.",2026-05-30 02:23:16,playstore
dc375930-f496-4b6d-85eb-381c631e440d,"SERING BANGET NGE BUG SEKARANG,,, HERAN... SUKA ERROR , LOADING, JANGAN KEBANYAKAN APLIKASI DI DALEMNYA DEH JADI LEMOT ,",2026-05-30 02:11:18,playstore
81a73227-23a9-41fe-bb55-a7c67b56ab84,"aplikasi nya sering banget gaad notifikasi apalagi cht.. pdhl udh sy stay di aplikasi tetep gaad notifnya bahkan kalo stay di riwayat cht tetep gitu juga berberapa kali, yg masuk notifnya cuman pemberitahuan penundaan aj... sering ga dapet konfirmasi juga kapan bakal di kirim kalo ada penundaan makin kesini makin males pake aplikasinya",2026-05-30 02:07:44,playstore
27c85e46-0e77-452a-b5d7-b2d08bd3c748,"Aku kasih ⭐⭐⭐⭐⭐ untuk applikasi Alfagift, karena belanja untung dengan program HARGA SPECIAL di Alfagift. Dengan Harga Special harganya makin miring, apalagi tempel voucher Alfagift beuhhhhh,,nggak kaleng-kaleng deh 😍❤❤ Harapan untuk Alfagift ready'kan voucher sembako dong supaya Bebas Belanja Untung terus kedepannya. Alfagift 👍💯",2026-05-30 00:39:28,playstore
802ba40d-d38d-477b-9c73-aef743260cd2,"aplikasinya oke buat kaum mageran seperti saya, tapi kenapa akhir-akhir ini tidak bisa dibuka. setiap dibuka keterangannya aplikasi terhenti.",2026-05-30 00:24:23,playstore
1dace8da-69df-4a52-8e52-36fa26e108f9,beli obat luka tgl 28 mei sampe 30 mei belom dikirim. sampe udah kering sendiri hahaha,2026-05-29 23:52:38,playstore
a408fc99-de4e-47af-8657-f6e09aab5ed3,"ini aplikasi fungsinya apa ya ?, aktivasi nomor, tapi nyangkut di kebijakan dan syarat ketentuan gak ada tombol setujui, cuma bolak balik di syarat ketentuan dan kebijakan. gak jelas",2026-05-29 16:10:18,playstore
5d0e9ed4-c195-49ed-ba52-1b84ebb2b9d5,"udah bayar lunas, barang ga dikirim2 alesannya ga bales chat. jelas2 kita stand by terus. kecewa bat dah mending pake Astro",2026-05-29 14:39:17,playstore
b3e81c99-8b0b-4fa2-b47e-91a88f1a0a6c,"Gak tanggung jawab pesanan saya kurang, udah komplain gak dianter2, udh dibayar lagi, mana g dikembaliin uangnya, aplikasinya jelek banget lemot, bikin emosi, tlg perbaiki",2026-05-29 14:34:01,playstore
c6e864cf-0d4c-4cf8-8c66-8dd0a67d2cab,"Saya biasa belanja bulanan di Alfa menggunakan aplikasi alfagift. tapi akhir akhir ini, aplikasi sering error. nge lag. saat saya sedang pilih barang, bolak balik nge lag. jd menyulitkan dan mengesalkan. akhirnya belanja di aplikasi sebelah yg lebih lancar.",2026-05-29 14:28:59,playstore
dda8d617-acee-4aea-9f63-b4ab1b26bfe1,"pesanan di kirim lelet, udah pilih yang maksimal 1 jam pun 1 jam blum sampai padahal toko nya masih sedaerah bukan yang jauh banget. ga ngerti konsepnya nunggu orderan lain atau gimana tapikan kalau langsung antarpun gak bikin rugi dari pada kepuasan pelanggan jadi kurang. tolong di perbaiki lagi di evaluasi soalnya semua komplen tentang waktu pengiriman!!",2026-05-29 13:55:31,playstore
4ccd2be5-1b35-4b61-b9ce-d38337006c68,harus di perhatikan dan di perbaiki. kalau ada barang banyak pilihan nya harus bisa pembeli pilih barang yang diinginkan bukan nya yang di kirim random. gimana sii bikin aplikasi gak jelas,2026-05-29 13:28:44,playstore
b999d6b3-bcdf-4387-84d3-6e52b124f397,g bsa di buka klo udh kebuka g lama ntar keluarsendiri,2026-05-29 13:02:11,playstore
4c5ec75b-ca36-47ab-be2b-4d70ed3dec3c,sekarang sering sekali tiap buka aplikasi alfagift tiba tiba langsung kluar sendiri ... loading nya lama lagi,2026-05-29 12:24:16,playstore
b388d1be-7947-4cbe-b84d-6c7576e8be4b,ga bisa di pakai slalu keluar aplikasi yaa,2026-05-29 12:22:03,playstore
cf93e9e0-c4ca-44b7-b873-05e3a4ac5cac,"tolong d benahi aplikasinya agar bisa di gunakan di berbagai hp, ini tibatiba aplikasi menolak di pakai di hp sy",2026-05-29 12:09:22,playstore
bf3ebf3f-6a02-4028-81bd-a34351842f20,kenap setiap mau msuk sellu kluar dengan alasan nomor tlp sudah terdaftar dan gak bisa masuk lagi gman si ini solusinya,2026-05-29 11:55:28,playstore
bf5c40d7-2fac-4b25-aa76-4115c4d83f05,saya mau bertanya kak kenapa ya... aplikasi saya tidak bisa pesan barang sebelunya baik2 saja sekarang tampilan nya di blok semua.,2026-05-29 10:59:28,playstore
653a4d62-9f38-4c40-b05e-c3e699dffde2,buka aplikasi kembali lagi kembali lagi GK jelas bngt,2026-05-29 09:39:12,playstore
4119a840-e151-464c-ad1f-cef1b6327002,"uang saya hilang saldo saya sudah terpotong dan tertera transaksi gagal dan saldo sudah terpotong, minta pengembalian dana tapi sampai x24 jm belom ada tindakan, sangat mengecewakan, hati hati dengan penggunaan aplikasi alfagif ini. lama lama kaya penipuan ini aplikasi",2026-05-29 06:07:33,playstore
eaa732d6-2f84-43db-93f1-0009f3b5e200,"sekarang lemot dan susah dibuka. Berkali2 install ulang dan hapus chace, ternyata memang aplikasinya yg tidak bisa dibuka dan super lemot.",2026-05-29 05:29:11,playstore
7662adef-794b-4a28-92c8-c8078c66ce24,PENGIRIMAN SELALU DILUAR JAM KETENTUAN,2026-05-29 05:25:59,playstore
be7d4f7d-5306-448b-9957-288b3d854439,"terlogout terus kalo buka aplikasi nya. Aplikasi terlalu berat, loading terus. jd susah mau belanja .",2026-05-29 04:38:52,playstore
70e55e60-de91-41e0-8ce7-2098e0895683,aplikasi sering macet,2026-05-29 04:20:25,playstore
18d86b83-8ec4-4b8d-bac3-25c68d9141dd,yg bener aja. tulisan di platform ada pas di check out kosong. pengembalian dana lama banget. beda sama apk Indomaret saldo langsung masuk. pelayanan kurang BGTTT,2026-05-29 02:51:30,playstore
30362e58-5f60-47bd-b085-02f48105457d,makin kesini kenapa malah sering ngelag yaa padahal pengen belanja sambil rebahan.. tp dibikin kesel proses nya lama ngelag mulu,2026-05-29 02:40:08,playstore
dda6ede5-a8af-43ac-9b2b-7cc2a79041fa,"Semakin kesini semakin buruk sistem kirimnya. Awal awal pakai saya pilih menu kirim instan dan tidak masalah menunggu 1 jam karena memang klaimnya seperti itu. Semakin kesini semakin lama saya menunggu hingga sekarang saya menunggu sampai 3 jam belum sampai juga. Toko di chat juga tidak respon, jika ada kendala tolong komunikasikan dengan konsumen. Jika seperti ini saya jadi kurang nyaman malam malam masih harus menunggu barang saya sampai pdhl sudah pesan dari jam 7 tapi smp jam 10 blm ada",2026-05-28 15:02:46,playstore
599a3872-2818-4b01-bd05-2d3a48deb3cf,percuma koin alfagif ny gak bisa ditukar dengan kuota ganggu an terus jadi buat apa koin itu,2026-05-28 14:27:17,playstore
c635dbab-d9e0-429e-b7d0-f511c7658c03,"error terus semenjak update malah ga karuan. yg tidak tersedia, yg gak muncul barangnya",2026-05-28 13:27:29,playstore
29e179d3-c7e7-4640-986d-fd1b36882861,"pesan alfagift 1 jam pengatran sudah 4 jam tapi belum diantar trus tidak ada konfirmasi dari pihak alfagift. kalo nda bisa di antr tolong konfirmasi lah, sudah di bayar pula",2026-05-28 13:27:04,playstore
76481994-1cd1-4b6f-9f11-1949abf1579c,akhir2 ini setiap mau pesan pasti produk diluar jangkauan. perbaiki dl aplikasi nya nanti akan diubah penilaian kalo udah gak ada bug lagi,2026-05-28 12:46:59,playstore
e191fdc5-054f-42c8-96c9-67843428fe27,Tidak bisa daftar email dengan keterangan email ini sudah dipakai padahal saya menggunakan email saya sendiri dan belum pernah daftar aplikasi ini sama sekali,2026-05-28 12:37:41,playstore
e0506a0d-4cb9-4d2d-be66-148f48f0c9b1,Produk tertentu hanya bisa dibeli 1 pcs per hari. merepotkan,2026-05-28 12:31:34,playstore
50bf678c-bbf9-4375-8f3d-7405ad146198,"pengirimannya lama banget, sudah pilih opsi pengiriman maksimal 1 jam setelah lunas, tetapi barangnya belum dateng padahal uda 1 jam lebih",2026-05-28 12:14:44,playstore
c98f00ff-34ed-4e74-b490-4c4b2af305fb,saya kasih 3 bintang karena pengembalian dana sangat ribet dan hingga lewat dari 3*24 jam. Karena dana nya kembali jadi saya upgrade dari satu bintang tapi saya kecewa dengan keterlambatan dan ribetnya proses klaim!,2026-05-28 11:42:37,playstore
c8d90c9a-c8ca-4ccc-9b8e-6c27f5381a8a,"masalah pengiriman selalu berkendala, ada aja alasannya.. dari kemarin juga aplikasi selalu gk merespon ketika dibuka..tolong segera diperbaiki, jangan bikin semua orang kecewa..",2026-05-28 10:49:03,playstore
bb7a1f8e-632b-4c75-abce-daded3e74cba,"lagi sakit ga kuat kemana mana, beli obat di sini ga di kirim kirim.. mana ga bisa standby hp karna pusing banget",2026-05-28 10:42:58,playstore
807f3eaf-ed44-439f-8bd8-c706ff07beb7,Ga usah dibuat opsi waktu pengiriman Kalau kenyataan tidak sesuai. Pilih maksimal 1 jam setelah pembayaran malah hampir 1 harian sy nunggunya. Mengecewakan DS Harapan Indah (Alfagift),2026-05-28 09:42:30,playstore
68b08847-d06c-48a6-86ca-72b6b330b611,"gajelas woi aplikasinya baru download ga bisa dipakai. udah daftarnya lama banyak tahapan, pas udah selesai malah ga bisa dipakai gimana sih keluar mulu",2026-05-28 06:03:25,playstore
c1aec086-f3e9-40aa-ac19-2e809700cb30,kenapa makin kesini makin lemot banget yaa aplikasi ini,2026-05-28 05:49:51,playstore
ec20b60a-63d6-4b5b-9f21-dfd9282dbcd0,"Update aplikasi malah semakin lemot dan fitur flash sale jadi ilang, saya jadi pengen downgrade apk aja",2026-05-28 05:22:22,playstore
e6ddc5b0-17a0-4d8e-8368-244615bff30e,"sy kasih bintang 5 buat aplikasi alfagift,karena banyak bgt promo yg dikasih sm alfamart sy selalu belanja disini selain dapet tebus murah dengan min belanja 50rb jg dpt program cashback susu hebat,dpt promo potongan harga lagi pokoknya untung bgt belanja lewat alfagift,udh gtu pengiriman cepet bgt dan free ongkir pula sy selalu belanja kebutuhan anak dan rumah tangga di alfagift karena produknya lengkap dan harga lebih murah. semoga alfagift makin byk lg biar bsa kirim dri store terdekat",2026-05-28 05:12:47,playstore
c1db95b1-3962-4b84-b8f4-9ebf23481e2f,"udah terinstal yang paling baru yang paling update, malah gak bisa buka promo gantung",2026-05-28 05:01:31,playstore
c905f3c3-3d70-4ab3-8db4-d3621dcb6a91,"habis pesan katanya barang kosong padahal sudah bayar terus mau tanya solusi gimana chat nya ga di balas"" selama 3 jam apasih, bukan nya kasih solusi malah ga di respon",2026-05-28 04:47:07,playstore
50112a03-1d6d-47ce-b075-07859436764f,Aplikasinya makin kesini sering banget nge bug delay. Sudah masuk aplikasi lebih 10x keluar trus. Chat customer service katanya jaringan atau penumpukan cahche padahal jaringan saya bagus aplikasi nya ter update dan cache nya sudah saya bersihkan tetap saya saya kepental trus saat login,2026-05-28 04:25:26,playstore
e18a4263-df4c-482a-9b97-492967137e40,suka eror g bisa du buka atau keluar sendiri,2026-05-28 04:25:11,playstore
8d8e1b32-4fa7-49bf-ae15-885c5a9d94a2,galon isi ulang alfaone kong teruss😒,2026-05-28 03:48:53,playstore
6cef3d08-d13a-4984-945e-eee3c13f31a5,"Aku kasih bintang 5 untuk aplikasi Alfagift, karena Belanja Untung dengan program tebus murah, paket, dan gratis produk di Alfagift. Pernah kmrn waktu lebaran, aku smpet lupa beli snack lebaran. Trus pas buka alfagift eh dia ada promo paketan snack lebaran dgn hrg yg diitung-itung murah per itemnya. Pernah jg, aku bth freshcare, eh trnyt dia ada di tebus murah, lbh murah jauh. Semoga Alfagift sering kasih promo & kupon cashback, gratis ongkir jg jgn sampai hilang! Biar bebas belanja untung trs",2026-05-28 01:31:09,playstore
1a0bd545-94e0-47e5-b8c7-1895fe92098e,"tingkatan membernya gak ada gunanya, ga ada keuntungannya, voucher yg dikasi juga gk disesuaikan sama apa yang sering dibeli atau apa yg dibutuhkan gak jelas vouchernya ....",2026-05-28 01:19:49,playstore
fa079427-7b5f-461d-8d18-bf600962ab31,kecewa tiba tiba ga bisa aktivasi,2026-05-28 00:58:47,playstore
2e02f9d2-26fb-4cc1-bd30-5ae6bc57cf88,"Aku kasih bintang 5 untuk aplikasi Alfagift, karena belanja untung dengan program Harga Spesial & Gratis Produk di alfagift, kemarin sakit, tapi anak2 mau makan daging kurban, gak kuat keluar rumah akhirnya pakai aplikasi alfagift buat belanja bumbunya, dapet bumbu rendang dan santan harga spesial, serta bumbu bubuk yang beli 1 gratis 1, untung banget, mana dianterin sama mamang alfa sampe rumah, lebih works ketimbang nyuruh anak ke warung terdekat. Semoga aplikasi alfagift terus berkembang ya ❤",2026-05-27 21:53:12,playstore
43040b9c-cd7e-47e4-8ee5-ae9263c504ff,aplikasi syalllaan... susah bgt masuknyauu¹¹,2026-05-27 18:21:45,playstore
6b281c4e-5c89-4381-b04e-ca160808b6f3,"proses lama ,pengiriman lama respon admin juga lama .",2026-05-27 13:37:54,playstore
30f5b259-cfac-4554-a361-e3ed3a48663e,barang tidak sampe di saya,2026-05-27 13:28:57,playstore
bfee60a2-f0be-4157-8061-5b26d254dd5f,kenapa alfagift tidak bisa dibuka akhir akhir ini,2026-05-27 13:02:19,playstore
5c3090fe-113a-4c43-8882-2a91a46fc052,"DS Pamularsih pesan barang 17 mei dengan estimasi 1 jam (jam20.30)dan beberapa kali ditunda tiba-tiba ada notif pengirimanditunda karena pembeli tidak ada di lokasi"" sedangkan saya dilokasi dan wa telp kurir tidak merespon 3.lalu tiba-tiba jam 21.42 kurir menaruh barang diparkiran kost dengan melampirkan keteranganditerima ""ybs"" sdngkn ketemu saja tidak tlp cc dgn pengaduan no 3784789 dan tiba"" status solved ktrngn brng sdh diterima 21 mei pdhl blm lalu tlp cc lg dan janji di wa tp smpai tdk ada",2026-05-27 12:41:06,playstore
194ff4fd-aa25-4267-b954-59abb4fd235c,Aku kasih bintang 5 untuk Alfagif karena belanja untung dengan program Promosi Mingguan rutin. Pengalaman saya belanja di Alfagif itu bermula saya iseng download aplikasi alfagif di play store sekededar melihat barang yang saya butuhkan dan pada akhirnya saya coba belanja di Alfagif ternyata sangat mudah dan tentunya menghemat waktu Harapan saya untuk Alfagif itu pertahankan kinerja yang sudah bagus itu supaya Alfagif tetap terpercaya dan menjadi tempat belanja yang nyaman bagi pelanggan,2026-05-27 11:31:28,playstore
24f82c1a-62ab-4eae-8c21-889850ac44f5,ngestuck mulu dihalaman awal,2026-05-27 10:57:23,playstore
0df07152-a602-420f-a086-dd2170ffeba7,"aplikasi terbaik sih,bisa cek produk apa aja yg lagi promo,gampang diakses dan juga bisa order di aplikasi lebih fleksibel dan lengkap,",2026-05-27 09:50:59,playstore
ad1a6e65-1b37-4a54-88e0-be6729c805f0,aplikasi sangat lemot,2026-05-27 09:25:34,playstore
4980505b-b8f1-47bb-93d7-f1b661b2489f,"gila lemot banget ini aplikasi terlalu berat. loading, ngeblank nungguin",2026-05-27 08:48:08,playstore
ba1734af-4e12-4046-92b4-b7d36df4f69e,"aplikasi terdeteksi gak bisa dibuka,udah uninstal dan download lagi tapi tetap sama gak bisa dibuka",2026-05-27 08:13:07,playstore
8e518a16-4ce7-4f2b-9866-f4587dac5527,"skrg tuh gak kaya dulu, dulu selalu ada kurir yg konfirmasi lewat WA jadi kalau ada apa"" bisa langsung cepet komunikasinya. skrg cuma bisa chat di aplikasi dan itupun hampir ga pernah di balas sama adminnya. minta pengiriman 1 jam, mundur jd 1.30 menit. udh kurirnya dateng eh katanya belanjaan saya gak dibawa. nunggu lagi skrg udh lebih dari 1 jam setelah dia dateng pertama kali. padahal disitu ada barang yg mau saya pake, minyak urut. ga bisa ke toko langsung jd pesen lewat alfagift.",2026-05-27 07:46:48,playstore
5a0553b1-ecc4-47d4-941d-db10ba03fc2a,"saya pas login ke apk alfagift kenapa langsung keluar yaa, ? sudh 3 hari gini terus",2026-05-27 07:42:42,playstore
89b02fa8-6bae-41d0-a80f-2da3b8aa708b,"apk ini cocok banget buat kaum mageran, pengiriman nya juga cepat bangett, baru di tinggal bentar udah sampe aja barang nyaa, pokoknya apk ini baguss baguss bangettt, jadi terbantu banget buat yg ga bisa naik kendaraan dan gratis ongkir juga lagii",2026-05-27 07:31:16,playstore
f7490189-7d4d-4c4d-bf1f-72cf42765261,"Masih sama seperti sebelumnya...poin bonus ALFAPETS tidak bertambah sama sekali, apakah BUG atau memang SCAMMER sejak awal?",2026-05-27 06:58:36,playstore
9b766891-e939-4b45-bd84-30507f13de4c,jelek sekali. tidak bisa complain. jawaban hanya sebatas formalitas saja. tidak membantu. aplikasi nya jelek,2026-05-27 06:26:51,playstore
212adcdd-9d9a-4b2d-9066-c854c7313c5e,"bbrpa kli kcwa d alfa,, prtma d tko ny lngsung krna kasir ny,, yg pling sring d pengiriman.. psan jm 7 mlam d krim pagi alasan kemalaman.. jlas2 d aplikasi tertulis smpai batas jm 9 mlm.. mana gk bsa d batalin... mngkin hrus move on kli",2026-05-27 05:28:58,playstore
ad7b79c2-85fd-430d-81de-0e8f0bca92c4,"suka banget belanja di alfagift klo lagi repot/gk ada motor,gratis ongkir pula ,barang sesuai pesanan,klo yg diklik GK ada cs Alfa langsung konfirmasi, pengiriman sesuai jadwal yg kita pilih, enaknya di Alfamart//alfagift mau member atw bukan ttp bisa dapat promo,apa lagi klo kita member banyak dpt voucher diskon, Alfamart/alfagift the best si",2026-05-27 04:27:19,playstore
57e8e89c-f60c-474e-af4a-c7f23c4945b7,"bintang 5⭐ biar ada improvisasi, tolong untuk kabupaten Bogor lebih di perhatikan , saya udah lama Langganan beli di aplikasi alfagift tapi semua cabang disini gapernah ada stok buah dan sayur atau jamur, stok telur pun jarang Restok",2026-05-27 04:15:37,playstore
a846f8c4-1ba8-45aa-a777-1d4c4815645d,"Aku kasih bintang 5 untuk aplikasi Alfagift karena belanja jadi makin hemat dan praktis dengan program Harga Spesial & Bebas Ongkir ✨ Pengalaman belanja di Alfagift benar-benar memuaskan, aplikasinya mudah digunakan, promo banyak, dan pengirimannya sat set banget 😍 Aku suka karena bisa belanja kebutuhan sehari-hari tanpa ribet dan tetap hemat. Semoga Alfagift terus menghadirkan promo menarik supaya belanja makin untung ❤️ #AlfagiftBebasOngkir",2026-05-27 00:32:02,playstore
d9ad84b7-cc42-402f-b3f4-4f8421168480,alfagift pas di buka jam 12 mlm sampai jam 6 pagi selalu tulisan produknya kosong .. aneh padahal kan bisa biar di krm bsk pagi,2026-05-26 18:52:14,playstore
aa71e2a8-e8fb-4d6a-94d2-7ad070a775f5,"pengiriman Nya Lama di aplikasi Cuman 1 jam katanya, udah nunggu"" sampai 2 jam lewat gak Dateng"" ADUH mengecewakan.",2026-05-26 16:12:44,playstore
ba83dc77-c87c-430f-81a1-7164580a6240,"Bintang 5 buat alfagift, karena belanja untung dengan program harga spesial. Saya selalu dapet diskon produk makanan dari program harga spesial dan cashback. Gak perlu capek jalan ke warung cukup pake alfagift worth it banget. Semoga diskon dan cashback alfagift makin bertambah biar konsumen makin senang😊",2026-05-26 15:42:12,playstore
455e034a-8b82-4bd2-bdc7-c30caba245f8,"Aku kasih bintang 5 untuk aplikasi Alfagift , karena belanja Untung dengan Program Belanja Online Yang harganya banyak spesial promonya. Dii Alfagift Awalnya Aku cobain untuk belanja onlinenya karna aku punya Baiy jadi biar gampang kalau belanjanya online saja, ternyata setelah aku coba belanja di alfagift aku jadi sering belanja online dan sudah ada 7X transaksi online di alfagift karena banyak CashBack'a 🤭 Aku Harap Semoga Alfagift tetap Konsisten dengan program promo belanja Online'a Ya 🥰",2026-05-26 15:37:31,playstore
1680c373-da8a-40f1-a2f8-fdffbb2b5777,kurir lambat dan tidak ada respon di kolom chat padahal status pesanan sudah dalam pengiriman tapi nunggu selama 2 jam belum sampai lokasi,2026-05-26 14:52:00,playstore
eb5908ca-a6bd-43c6-9746-d2f31d06d2ee,"Aku kasih bintang 5 untuk aplikasi Alfagift, karena Belanja Untung dengan program paket dan harga spesial di Alfagift. yang paling aku suka itu nggak perlu dateng jauh2 dan keliling muter2 cari barang karna udah dipermudah sama alfagift. terus aku sering banget dapet produk gratis karna promo by 1 get 1 dengan harga yang murce abiss lope lahh harapanku ke alfagift semoga ke depannya makin jaya. pelayanannya juga makin oke dan cepet lagi🤭",2026-05-26 14:45:55,playstore
f0638ab6-f320-4076-9a32-2486a6a9bf62,apa²an pengembalian dana ny lama sekali,2026-05-26 14:39:36,playstore
9c8257c7-1613-422f-ac5b-a5d9d6fb38db,"sangat mengecewakan, saya mau mengajukan pengembalian dana karna pesanan dibatalkan langsung oleh si pengirim, pengembalian dana nya sudah di proses dan statusnya sudah selesai tapi saya sama sekali tidak menerima dana kembaliannya! udah coba hubungi cs nya lewat email tapi belum ada respon",2026-05-26 14:06:46,playstore
fe5c2b07-9337-4dc1-9a59-b016d34ea1a1,"makin sini makin lama aja pengantaran nya, padahal biasanya suka gercep, pesen jam 5 sore dateng jam 9 malam pun belum, pesen jam 8 pagi datengnya malah siang jam 2, bikin gak mood belanja di alfagift;( tolong perbaikilah manajemen kurir nya:( padahal udah banyak yang komplen kenapa gak di dengar dan di perbaiki juga heran deh jadinya.",2026-05-26 13:59:56,playstore
e113beb5-4af0-4fb1-9c9f-2d127dfbe11f,Dengan hati yang gembira aku memberikan bintang 5 untuk Alfagift dengan program Harga Spesial di Alfagift! Program Harga Spesial dari Alfagift di jamin paling hemat dari aplikasi ditoko manapun!! Belanja Hemat + Gratis Ongkir + Gratis kantong Plastik pula!! Happy banget belanja kebutuhan rumah melalui aplikasi Alfagift. Semoga Alfagift semakin jaya dan semakin memanjakan pelanggan dengan program hemat lainnya. Yuks teman Bebas Belanja Untung terus kedepannya dengan belanja melalui ALFAGIFT!!!,2026-05-26 13:12:10,playstore
7d3ddd26-ddab-4576-ae45-641cc08172f6,"Aku kasih bintang 5 untuk aplikasi Alfagift, karena belanja jadi lebih hemat dengan program Bebas Ongkir di Alfagift. Pengalaman belanja di Alfagift juga enak banget, sering ada promo harga spesial dan cashback jadi lumayan bantu hemat. Aplikasinya mudah dipakai dan proses pesanannya cepat. Semoga Alfagift makin banyak promo menarik dan terus kasih pengalaman belanja yang nyaman buat pelanggan 😊",2026-05-26 13:04:15,playstore
79f72319-bd57-45c6-92b6-64fceaf19d85,belanja apapun jadi gampang,2026-05-26 12:48:40,playstore
aa361991-d95b-4286-ba18-0775b7303717,"Aku kasih bintang 5 utk aplikasi Alfagift ,karena belanja untung dengan program promo ""Penawaran Terbaik"" di Alfagift. iseng lihat² promonya eh ada produk bodycare yang aku pakai lagi diskon sampai 20ribuan (dari harga 50ribu jadi 30ribuan) ya pasti auto cekout laah. Dan gak disangka ternyata dapat voucher cashback juga 10k. Wuaah double kill seeh ini. Harapanku utk Alfagift semoga terus perbanyak produk yang ikut promo² diskon Penawaran Terbaik agar belanjaku untung terus 😁.",2026-05-26 12:46:27,playstore
80387335-07b4-4171-9a3a-5784fc49c467,"Belanja jadi lebih mudah dengan alfagift. gratis ongkir, banyak promo voucher juga...kerenn...",2026-05-26 12:20:56,playstore
88cb271f-96a1-4350-a99d-d3515ded3c04,kesel sama apk nya. mau verifikasi masa gagal terus disuruh kembali kehalaman sebelumnya. kesel,2026-05-26 11:43:30,playstore
43337a9a-dd62-4fac-aa60-6479f7c019e5,"Kasih Bintang 5 untuk aplikasi Alfagift,karena belanja untung dengan program cashback langsung 10rb,serta promo gantung tiap weekend. Kadang juga bisa dapat voucher saat ikut live di instagram Alfagift Mei 2026 ini sudah 2x dapat voucher cashback 10rb di program pusat cashback beneran dan extra poin 7rb poin dengan belanja produk (aqua). Senin Rabu Jumat selalu beli kopi di Beanspot yang juga promo 10rb saja Pengantaran kerumah juga sat set 30 menit sampai,belanja di Alfagift selalu makin untung",2026-05-26 11:41:06,playstore
fa1d64f7-a2d8-4046-8cae-b9ebbab7fd91,"aplikasi kaga jelas, nomer sama tapi kaga bisa buat login, ditanya ke kasirmalah suruh daftar ulang pake nomer laen kocak",2026-05-26 11:07:50,playstore
ad5c005a-3a26-4ba3-b896-a47412e8ba99,"sangat tidak memuaskan,",2026-05-26 10:43:51,playstore
a73a017e-df39-4218-95d0-d9dec3cdded0,aplikasinya tiba2 g bs dibuka.. selalu kluar trz,2026-05-26 10:02:13,playstore
434d42b9-f30a-4675-8318-e8edb9aec40a,"pelayanannya komplen nya jelek sekali, gak bisa kasi rasa puas ke pelanggan. dateng produk rusak, gak sampe 1 jam setelah diterima dicek pas dibuka isi dalemnya rusak dong. konsumen ya gak mau tau yang namanya beli maunya produk yang layak konsumsi, bukan berpatok ke tanggal expired aja!",2026-05-26 09:59:25,playstore
c14eb91f-77a2-4420-b9a3-5da9a2d72619,"buruk banget, pesanan selalu tertunda dengan alasan pelanggan tidak membalas, padahal sudah saya balas. tertunda dengan alasan banyak pesanan. tp bahkan jika belanja di tanggal yang acak sekalipun hasilnya selalu sama. beberapa item yang pasti ada malah kosong seperti le mineral galon yang ukuran besar. lalu permudah cara untuk mengganti toko. karna tidak tersedia di menu",2026-05-26 07:43:54,playstore
6266e2fb-0a74-4396-8e14-1cf35f41a507,"pengirimannya lama bgt gasuka, lelet",2026-05-26 07:14:32,playstore
e8d3aef1-d2ea-463d-a207-04f418d48726,aplikasi keluar terus,2026-05-26 06:53:02,playstore
a5ad3f92-1e20-455a-bdd4-7b0352176d8e,"mohon maaf min, ini kok aplikasinya dikit dikit loading dikit dikit loading jadi males, tolong segera diperbaiki ya soalnya saya senang belanja disini",2026-05-26 06:39:48,playstore
dc112f89-8e69-4526-849f-353912224235,tolong bgt ini knapa ya tia mau belanja masukin keranjang msh ada trs pas mau d co malah stok kosong katanya sebel,2026-05-26 06:31:50,playstore
abcd419e-170b-410f-b89e-787c8962c3ca,padahal aku unduh aplikasi nya pake play store kok bisa bisa nya di sangka pake happy mood ga Jelas,2026-05-26 06:13:09,playstore
510831b1-aa8d-488d-8de9-1658c2fa38d4,apk nya sih sudah bagus tp sayang berasnya kga ada mulu & barangnya kurang lengkap.,2026-05-26 06:11:15,playstore
15a0170c-e504-45f6-97d5-3b7b6c6dd22e,"percuma voucher smpe 100 , hrsnya pas kita masukin no alfagift voucher nempel sendiri lah kalau sesuai. ini harus d scan satu-satu vouchernya keburu yg antri d belakang risihh krna kasir cuman 1!! ujungnya voucher kadaluarsa sebelum d pake anehh. hrsnya tuh mau pesen alfagift atau ke toko asal voucher nya sesuai ya udah nempel sendiri aja , masih minus nih. kesel pake 2 tahun selalu nyari2 vc d tanya ke kasir ktnya gak ada vc promo kok pdhl d cek d rumah Ada. GA MENGUNTUNGKAN!!!!",2026-05-26 05:55:26,playstore
c9f6e650-b8fa-4586-8878-98a8948e3f8d,good,2026-05-26 05:35:31,playstore
9d17e513-3a75-4f01-a9d3-a69e30d016c6,"SUKAAA BGTTT PLSSSS, tapi kalo bisa ditambahin lagi dongg makeup makeup di alfagift/alfamart, aku soalnya suka beli makeup di alfagift karna nyampenya lebih cepet, tapi yaa terbatas bgt makeupnya, kalo bisa di tiap daerah ditambahin lagi dongg etalase makeupnya :3",2026-05-26 05:30:34,playstore
c7a5e5b2-b10f-4cad-8cbe-88f05d19f132,selalu semangat dan sukses selalu,2026-05-26 04:51:54,playstore
72120e74-81b8-413d-97a9-d531042f609a,saya enggak suka,2026-05-26 04:06:44,playstore
1ad891e6-9bfe-49f7-bd10-b0de45264637,penipu. aplikasinya yg pilih tokonya secara otomatis tapi chat tokonya bilng kejauhan pengantaran ke alamat saya dibatalin aja katanya tapi proses pengembalian dana tidak ada sampai sekarang sudah 3 hari dan sudah chat toko tidak ada balasan sama sekali chat CS juga tidak ada kelanjutan. klo GK bisa pengantaran tidak usah diterima by aplikasi ni namanya penipu an. uang nya gantung ntah dimana,2026-05-26 01:47:54,playstore
cb776dc5-a7b1-4752-95b5-d31b0c5f36f8,"males Belanja di Alfamart , pengirimannya lama,apalagi produk online. sudah melebihi 3 hari pun ,gak di kirim²",2026-05-25 22:49:55,playstore
7ee507e7-d670-4ab7-9160-0c30990286e4,kok gk bisa dibuka... terdeteksi com. ludashi. apaan itu,2026-05-25 22:49:19,playstore
d357d53c-2a3d-4776-ab7b-794417acada7,JELEEEEK APLIKASI MENGECEWAKAN!!!! PENGIRIMAN DARI ALFAGIFT UJUNG ASPAL KOTA BEKASI BURUK PELAYANAN NYA !!!!!! SLOW RESPON DAN LAMA PENGIRIMAN!!!!!!!!,2026-05-25 20:15:14,playstore
dac5c3ae-fdec-4813-aa59-84170379d1b0,gk bisa dibuka. error trs,2026-05-25 19:49:25,playstore
ae9eaadc-8aea-4058-b1ba-06211efc5add,payah gabisa pengiriman luar lokasi hp,2026-05-25 15:36:51,playstore
82ad9522-029f-4572-a1dd-1a8dbb864cb7,"pesan jam 1, harusnya dateng jam 2(paling lama). jam 6 pesanan baru diterima, lucu bgt deh heran!",2026-05-25 14:19:14,playstore
da53eb55-dae6-4ebd-b14a-c51bc01fc3f1,"padahal suka bgt belanja disini, tapi gatau kenapa tiap mau anter barang ada aja alesan kurir nya, yg ga angkat telp lah, yg gada ditempatlah. padahal gada yg nelp, saya juga ada dirumah. coba tolong dong dibenahi lagii kalo kurir sibuk, tolong ada keterangan pesanan bakal telat, jangan pake alesan yg ga dilakukan customer",2026-05-25 13:41:40,playstore
c437ec8a-6d3c-40a6-a3bb-7493f051b4af,Tidak bisa pulihkan aplikasi,2026-05-25 13:20:48,playstore
eec98400-b004-4900-a1ed-e7ee9b0308e2,"kecewa dengan kurir, aplikasi buat apa hanya komunikasi satu arah, gak bisa beri nilai. pengiriman selalu di tunda dengan alasan pelanggan tidak bisa dihubungi padahal sama sekali gak dihubungi kurir. padahal saya sudah sering, yang parah itu sampai kirim ke alamat orang lain. Parah banget lah . gak ada inovasi aplikasi nih komunikasi hanya satu arah. gak bisa lihat dia ada dimana. apakah masih di Alfa atau sudah kirim. seharusnya ada penilaian kurir alfagift. pas dilaporkan tunggu agen 2 hari.",2026-05-25 10:50:39,playstore
884ff83e-39b1-43d7-a210-6689cb72def5,apk bodoh gak bisa dibuka,2026-05-25 10:41:53,playstore
06bb2d95-c9ab-49cc-ac04-7ab21fdfb963,Slow Respon Ketika Order Online Bahkan Chat Ajja Lama Dibalesnya & Orderan Pun Lama Terkirimnya,2026-05-25 10:01:03,playstore
9925524a-8873-4845-bb8c-b4b020e88493,kereennn,2026-05-25 09:20:38,playstore
baabc374-c616-4365-b3c4-6ea696726d20,terbaik 🫰,2026-05-25 08:51:31,playstore
a6677e17-0743-4bd7-a37c-68111fd77bcd,ini gada sanksi tegas apa buat kang parkir haammma bgt klo ada kang parkir,2026-05-25 07:52:53,playstore
70d875cd-49f9-4117-a836-e20978eae306,"sangat disayangkan, makin kesini makin lambat dalam pelayanan Alfagift. pengirimannya hampir satujam lebih terus, engga seperti dulu kalau kita pesan langsung di kirim... saya udah 2 tahun lebih pake Alfagift sangat kecewa, saya mohon segera di perbaiki dalam pelayanan pengiriman nya...",2026-05-25 07:43:42,playstore
e5c0c87a-50c8-4818-b8ad-6858ca8951c6,sistem nya berat sekali :),2026-05-25 07:41:53,playstore
be4ef3dd-6c00-4f54-a2a9-98ee4ecfc146,aplikasi nya makin jelek .. padahal hp ku baru .. bisa tuh kluar sendiri aplikasi nya.. mana kurir nya gak ada yg bagus semua semenjak kurir baru...,2026-05-25 06:46:20,playstore
237bec53-f934-401a-89c6-75d35a0afe5d,kurir tdk mau usaha cari,2026-05-25 06:15:14,playstore
ec6b00d8-6cde-445b-9889-782f93f522ea,"PELAYANAN BURUK, PENGEMBALIAN DANA TIDAK SEGERA DI PROSES, PADAHAL SALDO SUDAH BERKURANG, BAGAIMANA INI TANGGUNG JAWAB KALIAN, BENER BENER BIKIN KECEWA, AMPAS!!!!!",2026-05-25 05:36:12,playstore
bfc99630-00e5-4635-994a-b490023fb88c,"lemot, banyak problem",2026-05-25 05:33:11,playstore
aac5d710-a194-4b2b-a637-926d8883cc34,jelekk. lemot perbagus lagi.,2026-05-25 05:17:22,playstore
bec1898e-c004-4fdc-8581-a0246c706d63,"lalai, satu item ga sampai rumah, sudah di tegur ke tukang kirim nya cuma bilang ""iya"" tpi ga pernah di kirim 1 item itu, itu kejadian beberapa bulan lalu",2026-05-25 05:05:38,playstore
4875e3ac-83e6-48f9-aef4-1d26cd15072c,"mantap,,,belanja jadi gak repot",2026-05-25 03:56:26,playstore
1984fd62-f953-4fa1-9eff-b51570bbae2d,sangat membantu,2026-05-25 03:47:11,playstore
f011439e-efd0-4c63-b6d7-9f18652a25e9,"JADI BINTANG 2 SORRY, awalnya bagus bener kebantu dn aku belanja suka lebih dari 150k tapi tiap beli beras 5kg suka di abisin stoknya, di refresh ada stok tiap dimasukin keranjang stok kosong wkwk tapi beras premium yg harganya mahal selalu bisa dibeli dan banyak stok. ga ngerti deh sama sistemnya SAMA 1 LAGI, Pointnya ga bisa dipake buat potongan njir, tiap mau pake point buat voucher malah suruh masukin sandi aplikasi dan gitu terus berulang sampe GA BERHASIL",2026-05-25 02:50:33,playstore
c45828ce-cd23-47d5-8ce0-55da3cf5b058,gawat ni belanja online disini pas pesanan terkendala dan proses pengembalian dana ribet & di persulit padahal kan itu uang saya yg begitu belanja langsung bayar tapi pas pengembalian dana malah belaga lupa udh gitu lapor sana sini tetep ga di tanggapi,2026-05-25 02:39:02,playstore
9d8301c8-7a80-4b07-ab42-b7dea9fae2a0,"ada pilihan maks pengiriman 1jam setelah pembayaran, tp udh 2jam lbh belum sampai jg, di notif jg sblmnya ada keterangan pengiriman tertunda karena pelanggan tidak menjawab telp?? sedangkan gada panggilan masuk adanya cuma chat konfirmasi alamat pengiriman, sudah dibalas 4 menit kemudian tp udh 2jam lbh malah blm dikirim dan malah tertunda.. mending gausa ada pilihan 1jam sampai klo bgtu mah:))",2026-05-25 02:33:12,playstore
2080716b-8d4e-4c0c-92b0-1c5c68a4d642,pelayanan bagus,2026-05-25 00:40:45,playstore
5fa32844-2356-4b61-8718-f6b406f6eb05,"ini pengalaman pertama saya pake Alfagift sangat sangat sangat mengecewakan 2 kali transaksi beli pulsa gagal top up saldo gagal sampai saat ini udah 1 Hari belum ada pengembalian dana, respon baik email telpon dll itu tidak ada sangat jelek. saya kasih bintang 5 biar kebaca bukan karena bagus terimakasih",2026-05-24 23:02:19,playstore
a58ae6ee-9b37-4f76-a689-675880dd922f,"Lokasi sy gak bisa delivery lagi , padahal seminggu yg lalu masih bisa.",2026-05-24 22:26:36,playstore
1c3b42a9-5201-48e9-8baa-19b8e97db9e9,mau tukar poin selalu dibilang salah password padahal udah diganti password nya tapi berulang ulang kek gitu. pelayanan juga kurang nyaman karyawannya jutek jutek. Tingkatkan lagi aplikasinya,2026-05-24 15:18:59,playstore
321d948b-ba14-473c-8676-00978cb780d1,"selalu kecewa sama pengiriman, sering nunggu karena bolak-balik tapi lupa bawa orderan. pengiriman sering molor gak sesuai jam kirim, kadang tiba2 ditunda pengiriman dngn alasan pelanggan meminta penundaan. mohon hal2 seperti ini diperhatikan untuk kedepannya.",2026-05-24 14:50:18,playstore
d24123c7-352a-47f2-989c-da8d9a1f81f4,"kurir nya ga amanah, udah 2x order selalu lama proses dianternya, dikabarin pun ngga, saya pesen sore di anter malah besok pagi nya, kecewa. klo emg gabisa di anter sekarang, trs buat apa ada estimasi jam nya?? tolong ya, saya pesen krna saya butuh, bukan buat iseng, kaya di sepelehin bgt order di sini, kapok deh guee, gamau order lgi bye.",2026-05-24 14:29:51,playstore
7a42637c-d3ae-4709-9823-c011b585acff,"semenjak ganti toko pengiriman yg entah knpa ganti di aplikasi pengiriman dri TOKO GRAHA PRIMA pengiriman instan selalu bnyak alasan Berjam jam ga dtng2,, di tnya kapan di antar ga di jwb sdngkan barang nya di butuhkan cepat,, aplikasi yg sangat buruk bukan memudahkan tapi menjebak,, apalgi toko nya itu,, tolong karyawan nya di toko itu di cek lagi kinerja nya,,",2026-05-24 14:26:09,playstore
3792a52f-a2d6-4e98-ae22-58f65918755c,"aplikasi nya boleh di update dong, harusnya ada rating juga buat kurir yang kirim. jadi ga se enakknya sendiri.",2026-05-24 14:02:44,playstore
22336d65-eb38-4ba1-859c-8ea3f5900fe1,"lama, pengiriman 4jam gj",2026-05-24 12:36:19,playstore
9593c112-80e7-41fb-bf1a-a711e981e955,"beli apa yg dateng apa, pengiriman lambat nunda nunda, barang salah kirim gbs dikembaliin, gajelas bgt sistemnya",2026-05-24 11:46:14,playstore
0f119c03-326c-46a6-abe2-d1f1487c90b9,"Saat akan pickup pesanan Alfagift O-260524-AGSBMPQ d toko produk pesanan tidak tersedia, kenapa?",2026-05-24 11:44:48,playstore
e7a52715-3f4d-44d0-9f6d-57fa6ec3ac9f,"sangat membantu saat mager keluar,, harga promo yg penting tidak ada ongkir,, trs plis adain COD buat yg nominal belanjanya di bawah 50k",2026-05-24 09:04:12,playstore
ee506af5-d65a-4bbb-9c24-095425ef1826,"ampunnnnn belanja lewat aplikais alfagift. ga lagi2 kapok. padahal dekat, dan dipengaturan udh pilih 1 jam dianter. ternyata hmpir 3 jam lbih. bgitu saya bilang di chat. klo lama sprti ini saya g lagi2 pesan aplikasi. bukan minta maaf malah kasih jempol. DUARRR LUAAR BIASAA ALFAGIFT",2026-05-24 08:14:22,playstore
68d729b9-b5d5-48c5-91ad-b7ec9c839a88,aplikasi sering erorrrrrrrr,2026-05-24 07:00:08,playstore
a8a76488-eb71-4802-82b0-06e70c4cd69e,sangat bagus,2026-05-24 06:45:15,playstore
31304b44-5792-4bbb-a81c-338b241965e0,"semakin lemot pengirimannya, padahal sebelumnya juga cepat² aja, saya selalu pilih yang 1 jam pengirimannya, tapi kadang sampai 1 jam lebih, mana pas butuh barangnya cepet lagi",2026-05-24 06:38:17,playstore
5cfdfc01-8c45-459e-a81d-7da290775f3e,"ngg biaa dibuka kty disuruh close com.dualspace..ini app ngatur ngatur app orang,,,pdhl ngg pernah disambungin ke ddual space dh diapus,,,",2026-05-24 06:10:58,playstore
623b944a-b7f5-4819-b348-7bb746367056,"apa ini mau belanja kok banyak yg ga tersedia, bahkan pop mie pun tidak tersedia pengantarannya.... mohon dibenarkan lagi",2026-05-24 05:46:11,playstore
8e898d83-2222-4bef-b0d7-ab2224824ffe,"lamaa bnget responnya, 30 menit setelah pembayaran baru di konfirmasi pembelian nya, evaluasi lagi lahhh karyawannya",2026-05-24 05:44:48,playstore
0e1a0962-9f3e-4f9e-a7eb-dc5e79f3cb86,ok banget,2026-05-24 05:40:49,playstore
e41a9f93-5655-4c80-9607-27cb3396c4ea,ga bisa delivery lagi buat apa lagi ini app.... gaguna,2026-05-24 05:06:52,playstore
52ecb016-e159-4464-9f44-5c4d594c56f4,"kasir nya lama, pelayanan lama, yg stay kasir nya cuman satu, pelanggan antri panjang, karyawan nya kurang satset kerjanya!",2026-05-24 02:48:22,playstore
215e8337-2224-4c26-bc05-04c5c5589b44,belanja emang enak di alfagift tapi pas ada kendala ga bisa membantu samasekali dan layanan bantuan pun ga berguna contoh top up gopay yang ga masuk masuk sampai sekarang di suruh tunggu 3x24 jam apa ga kelamaan,2026-05-24 02:05:53,playstore
1d2357f2-72b4-4aae-9be1-a5b2b47898c0,tidak bisa di gunakan pada VIVO X300 Pro. eror 30001. infokan kalo sudah diperbaiki,2026-05-24 01:59:24,playstore
460d5e99-1da9-40b6-b8c1-7e7866bccf74,"Pengiriman cepat, gratis ongkir, cocok buat kaum mager dan rebahan yang pengen belanja dari rumah.",2026-05-24 01:11:21,playstore
53f655df-a2f6-411e-9021-6f1542b7bf27,transaksi pending lama,2026-05-24 00:54:38,playstore
3f3b2ac2-b642-4aa7-bd50-deb93a2ac4e1,"aplikasi tidak bisa di buka, aplikasi bermasalah",2026-05-23 23:26:06,playstore
10f7a9c3-5d1a-4f15-9d60-a100b871ec18,"tolong dong aplikasi gif nya kenapa susah sekali di buka sii, harus verifikasi terus, aku pengen pesan, jadi susahhhh. malas bangettt dehhh. dlu bisaaa tapi sekarang udah lemott.",2026-05-23 22:38:16,playstore
2969027a-3589-4935-9736-296ac4fbb10b,"Halo, mau kasih saran, kalo merk kopi nya mau bersaing kaya minimarket sebelah, tolong cari barista yg bener-bener barista (ngerti kopi), bkn kasir/karyawan merangkap jd barista, pas saya pesen kopi bnyk yg gak tau resepnya, terutama untuk menu kopi/minuman yg baru",2026-05-23 20:51:07,playstore
5284bc74-1d22-40d1-8c88-0cf9e8761e20,buruk,2026-05-23 19:14:15,playstore
e18fae9d-c12c-4f48-a3da-b69aca52d8a2,lebih bagus dari pada toko sebelah...selalu dikirim walau pun malam dan rumahku pelosok...,2026-05-23 16:32:51,playstore
a3beec98-bb7a-4c14-968c-870591f47bbe,"mengecewakan, pengiriman selalu lambat, sangat lama dan sering sampai jam setengah 11 malam, alasannya lonjakan pengiriman",2026-05-23 14:53:50,playstore
bf598df1-76d4-4c29-a03b-0ac57eaaefae,"sebenernya pelayanannya baik, bbrp kali ada barang yang kurang, akhirnya juga dikasih saat pemesanan berikutnya. tapi pengiriman sangat lama, milih yg 1 jam sampai juga sampai 3jam ga datang2. dan itu terjadi bbrp kali. seperti sekarang, saya order 18.07, notif dikirim jam 18.55, sampai saya ngetik ino 21.18, blm datang juga, anak saya yg pgn jajan sampai tertidur",2026-05-23 14:18:10,playstore
6d22ab54-ccb1-43a9-be2d-07c6d41aa325,agak lama dikit tapi gpp,2026-05-23 14:14:29,playstore
2b88fbaf-b0e7-40b1-bfe1-f4b55b1c1334,mantap Toko T29 Pajajaran 2 gercep mantul kirim cepet,2026-05-23 13:14:14,playstore
65772008-2373-46e9-bf38-d2db894b958f,"Alfa mart nya kaga jujur suami saya melakukan transaksi 300.000 ke akun dana saya di struk 0 koin admin, tapi di dana yg tertera di bawahnya 298.500 kena 1.500, walaupun di atasnya 300.000 itu di dana nya tetap ada tulisan dibawahnya 298.500 masuknya juga sama 298.500, tolong jujur lah woy Alfa mart Jl duri Utara no 16 Tambora NAMA ALFAMART nya ALFAMART DURI UTARA 2. jangan nakal",2026-05-23 11:04:27,playstore
95b31ea2-3b91-4089-9623-130602108d3b,"sebelumnya ada masalah tapi setelah konfirmasi lewat play store ini. ALHAMDULILLAH dapat arahan yang bagus dan SEMUA MASALAH LANSUNG DIATASI. TERIMA KASIH ALFAGIFT 🙏🏻 ⭐⭐⭐⭐⭐ UNTUK REAPON POSITIFNYA,DAN PENYELESAIAN MASALAHNYA🙏🏻💪🏻😁👍🏻",2026-05-23 10:58:18,playstore
8e910fe3-b36a-4014-b887-97b47b723a61,"seharusnya ditambahin fitur batalkan pesanan, ubah pesanan, atau refund pesanan jika pesanan kosong. masak beli di alfagift nympe toko kosong uang gak bisa balik dsuru nungguin barang yang entaaahhh udah hampir sebulann gak dateng2 jugaa.. seharusnya stock di alfagift n toko harus sinkron dong..",2026-05-23 07:46:37,playstore
a1e8b1a3-e8c7-401e-b18a-ead2d0e7bcc6,"okay sih mempermudah, ga cuman pesen aja tapi update harga. tapi apa cuman apk ku aja yang ga ada fitu pembayaran qriss? atau memang belum ada? kalo bisa diadain",2026-05-23 03:35:21,playstore
11d42475-ef2c-4761-bbb1-6370335de76a,suka bgt pokonya membatu bgt,2026-05-23 03:14:55,playstore
6893e6ec-bfb9-4de5-9961-455b2a5222df,"yg bener ajaa. aku nunggu dari jam 8, tulisannya dalam pengantaran tapi sampai jam 10 ga sampai. ku chat lewat aplikasi susah, ternyata alesannya rantai nya lepas. ke bengkel dulu. tolong lah perusahaan, kasih fasilitas yang bener. gmn kalau pelanggannya ngejar waktu, eh yang ditungguin malah ngaret setengah mati. mau masak aja ga jadi, nunggu nya dua jam lebih.",2026-05-23 02:57:57,playstore
2f449d2c-7c3d-4544-b49b-f4490d132950,aplikasi sudah lebih baik di banding yg dulu. tinggal voucer promonya aja yg harus di banyakin. biar pelanggan lama makin loyal,2026-05-22 23:15:19,playstore
41ef4252-3a73-4225-bb71-aabff073c59b,saya tidak bisa mendaftar,2026-05-22 16:29:17,playstore
dd80d47e-5559-42d8-a213-a90005cd6e2f,"saat sudah pesanan diproses, malah lemot. sebelum check out masih lancar. Jadi uring²an sm kurir",2026-05-22 15:13:50,playstore
5d389165-b1a2-4d53-8365-40d8b7ea5167,"BARANG GA LENGKAP, PERCUMA BUANG BUANG KUOTA DOWNLOAD APLIKASI INI , SEKALI NYA CHAT CUSTOMER SERVICE MALAH BOT ( MESIN / ROBOT ) YANG JAWAB , GA ADA REAL CUSTOMER SERVICE NYA . NOT REKOMENDED!",2026-05-22 14:37:37,playstore
e55065f1-abed-4290-863d-825879777db8,pengiriman tidak sesuai dan tidak responsif,2026-05-22 14:08:05,playstore
a6db46fe-f959-4d2a-9aaf-9be7df940cd9,tambahin fitur agar bisa melihat produk yang tersedia di alfamart wilayah mana yang dekat dgn tempat tinggal/rumah si konsumen,2026-05-22 13:55:50,playstore
c3e18d1c-faba-4712-941a-538e93f9b631,tolong lah di perniki pengiriman barang nya masak saya pesen barang dari jam 18.05 sampe jam 21.00 belom di kirim,2026-05-22 13:39:17,playstore
cb45f8b1-27d6-4fb8-a9be-d4a6763f7583,lumayan layanan nya memuaskan trus gercep juga,2026-05-22 12:58:14,playstore
a39eac58-6fe2-4920-97a7-b5d637596c6c,sangat membantu,2026-05-22 12:54:27,playstore
76a8454a-ba5c-4103-8d82-e0070b3ec16b,Kurir nya ngk jelas. yang di pesan beda sama yang di kirim,2026-05-22 12:36:10,playstore
9672265b-b505-4212-8eb9-4dc00898deb7,"kalau ada 1 barang yg tidak ada, SEMUA pembelian akan direfund. nyusahin banget. harusnya refund utk 1 barang yang tidak ada aja. ribet banget ni app. nyusahinnnnn. mending diperbaikin deh sistemnya.",2026-05-22 12:11:14,playstore
b72ce425-1142-46a1-a180-be598be582d5,TOLONG BERIKAN MAPS UNTUK PEMBERITAHUAN LOKASI KURIR YG SANGAT LAMA!!!,2026-05-22 12:08:22,playstore
d8cab4d3-9e7e-46ca-9139-d61a9b7188e8,SETIAP MAU BYR SELALU NGEBUG,2026-05-22 11:25:56,playstore
1c95c1f9-b817-4889-ab52-a5a3ffb703e9,udh lama pake skrg kecewa karna pengirimannya lama bgt. skrg udh ga pernah sesuai estimasi pengiriman,2026-05-22 11:24:09,playstore
f79b9cef-a5d2-439f-9fee-4c278db80ae7,bagus,2026-05-22 10:31:06,playstore
78d142fd-34b7-41a4-871d-f133f3060847,gk bisa dipake skrbg knpa yah suruh hapus apk terus,2026-05-22 09:36:00,playstore
61b3d640-13bf-4eff-98e9-4908e70ccc84,"Sesuai sama penilaian lainnya, apk alfagift ini inovatif. Cuma masih banyak kekurangan. Entah memang tidak ada pekerja khusus untuk CS dan drivernya, sehingga pesan antarnya lama berjam2, chatnya ga dibales lama responnya. Karena untuk pengiriman tidak hanya bisa mengandalkan notifikasi saja, bagaimana jika notifikasinya tertumpuk. Belum lagi kurirnya jika tidak tau alamat pastinya dimna. Hal2 tersebut yg menghambat pesanan sampai tepat waktu dan juga menghambat kegiatan yg dipunya pembeli.",2026-05-22 08:41:37,playstore
e7b614ac-d44b-41db-b2e0-bc43140956af,"Alhamdulillah, aplikasi paling mudah & familiar. Staf Alfamart nya komunikatif, responsif & fast delivery.",2026-05-22 07:59:22,playstore
5e77ac3a-6f01-4148-b5ea-16fedd1e53c4,"Transparansi dan estimasi waktu pengirimannya sih jelek bgt, gaada fitur lacak yang jelas, status pengiriman palsu, admin dari toko tidak responsif, mungkin mereka asal pencet ""kirim"" walaupun kurir belum berangkat, entah mungkin untuk menghindari punishment dari perusahaan, namun yang dirugikan konsumen, SUMPAH, MENDING LU JALAN DEH DARIPADA PAKE APLIKASI INI. 🙏",2026-05-22 05:58:39,playstore
3b92abd8-4e6c-4e71-96ba-c50b2550fe62,Sekarang pembayaran gak bisa Cod.. Sebelumnya bisa pembayaran Cod.. Jd kurang memuaskan,2026-05-22 05:28:02,playstore
414ecf53-4f14-43a5-9d32-504e3e1f0f3d,penanganan masalah cepat jika melalui alfacare... tolong penanganan di lapangan lebih ditingkatkan.,2026-05-22 05:07:55,playstore
8b255a27-423b-4993-98fb-49ba33674be9,"sudah menunggu 2 jam lebih tapi barang gak sampai"", tidak ada telfon dari kurir ato konfirmasi lewat chat!",2026-05-22 04:19:27,playstore
f4a7bf60-16d7-458e-9df3-2fed326ce47e,"pesanan gk dikirim dengan alasan 'kejauhan'. saya nunggu 3 jam baru dikabarin dengan alasan 'gk dibales pesan di aplikasinya' padahal pesanan sudah dibayar. Tapi di aplikasi statusnya 'pesanan diterima' akhirnya gk bisa ngajuin refund, udh hubungi cs tapi harus nunggu 1x24 jelekk banget pelayanan nya",2026-05-22 02:02:00,playstore
f7d2b398-4746-4d60-a1e0-f1f7a77240af,ngomong aja kalau MLS nganter pake alesan motor rusak ini lah itulah,2026-05-22 00:54:37,playstore
717e8c66-d30f-40b0-a01c-2e0d942b0bcb,bagus,2026-05-21 18:48:02,playstore
05d97c2a-0124-49da-b15b-eb3b72e36173,"aplikasinya keren, memudahkan dalam belanja, bisa beli pulsa juga, dan ada gamenya yang seru.",2026-05-21 17:15:12,playstore
28c282f9-2b45-42b2-9302-ba5f99d4a20d,bisa lewat dana pembayarannya kak,2026-05-21 16:01:29,playstore
58cf7da4-ffab-4e1f-af73-a8887c178d95,"pelayanan sangat kurang, pesan dari jam 7 malam sampai saat ini tidak di antar dengan buat keterangan pelanggan menundah pengiriman sudah beberapa kali seperti ini, slow respon chat juga tidak ada tanggung jawab yang jelas, barang tidak bisa di cancel karena mereka kasih keterangan palsu padahal tidak ada chat penundaan dengan pelanggan",2026-05-21 15:14:08,playstore
6b2eb4d2-6f7d-4c03-959f-bcbd67e4bb0f,kren,2026-05-21 14:38:20,playstore
b97cf2ed-dc5a-43a6-b688-f6d0449200b1,thank you so much!!!!! 🔥🎉,2026-05-21 13:55:13,playstore
72afc79c-0e9a-45a8-b68c-32d1cd8ab72a,sekarang sudah bisa dan ok,2026-05-21 10:26:10,playstore
bee15244-19cf-4872-b507-c7192117c64a,"saya udah bayar pake virtual account bca,tapi di aplikasi masih menunggu pembayaran aneh",2026-05-21 10:24:42,playstore
a16879bc-0832-4f78-b283-d79eb8237b78,"aplikasi babii, download di play store kok pas buka kedetek dr happymod kocakk",2026-05-21 10:00:58,playstore
910d757c-56e8-4853-bda4-56557741af45,"kenapa yh apk nya sering keluar sendiri,",2026-05-21 09:21:17,playstore
f8a06819-7849-42dd-9054-a7e38d46c2f8,"banyak promo, walaupun kadang dalam pengiriman lama tapi gapapa SUKSES",2026-05-21 06:33:20,playstore
3141efa7-b902-469a-abf3-5ada8fc4c3e2,"bt banget, pesenannya kurang pdhl lagi pengen es krim",2026-05-21 06:26:36,playstore
6fcf8e29-ebec-4a4a-b6e2-87c920c867a8,sangat membantu dalam pengiriman tidak perlu datang ke toko cukup menunggu dirumah pesanan datang. Terimakasih Alfagift dan mas kurir,2026-05-21 06:22:58,playstore
a5f2ec27-e431-4942-918d-55d24bc07b5c,"selalu tidak sesuai dg pengiriman, 2x order 2x minta refund. setiap pengiriman tiba2 notif penerima tidak dilokasi jelas2 udah nunggu berjam jam. di chat alasannya sdh perjalanan. percuma ada layanan kirim kalo tidak memadai, aplikasi hanya untuk notif promo tidak pada fungsinya layanan lebih mudah belanja",2026-05-21 04:52:18,playstore
03dbc38c-b8d0-4d11-a0c5-49a6e6b361c6,"Sangat mengecewakan. Pengiriman lambat, sering tidak sesuai jadwal, bahkan barang kadang tidak diantar karena keteledoran pegawai. Paling parah, pesanan sering di-cancel sepihak secara tiba-tiba padahal sudah ditunggu lama. Padahal banyak pengguna mengalami dan mengeluhkan masalah yang sama, tapi sampai sekarang tidak ada solusi atau perbaikan dari pihak Alfagift. Ini sangat merugikan saya sebagai pembeli.",2026-05-21 03:20:26,playstore
7d1ba20c-3611-46ae-a224-9a9d2afb94cd,tolongggg banget kasihhh notifff kalo proses pengirimannn kasihan kurirnya kalo di alfagiff ga ada notif kurirnya bolak balik,2026-05-21 03:16:23,playstore
82f2fc26-6dda-4294-a29d-55bc81d47ea4,pengiriman sangat lama sampai 3jam,2026-05-21 03:12:35,playstore
9c8aae77-25fc-4bda-9a93-496ede9fac39,bestttttttt bnyak bonus,2026-05-21 01:52:54,playstore
050a8ace-5abb-44ab-97ab-78accc5b1eba,bagus kebantu banget dengan adanya aplikasi ini,2026-05-21 01:45:59,playstore
0c0221b3-cafb-426f-ab84-1b480e3f5c93,"top up dana kok gak ada yea, adanya gopay aja",2026-05-21 01:01:19,playstore
0a0e2b33-368b-4187-b45c-2076cf6102d8,ada apa ini gak bisa dibuka aplikasinya,2026-05-20 22:53:39,playstore
33f5479c-d2bb-4799-a6a0-262fb44870ce,maaf nih tutup aja layanan antarnya kak. daripada bikin orang kesel nungguin hal yang gapasti. apalagi kalau sikap staffnya yang lagi badmood jangan dilimpahin ke customer. saya gapernah ya ribet kalau belanja apa-apa apalagi sampai kasih rating begini. cuma lama-lama muak sama orang yang gapunya etika. terimakasih Alfamart 👍,2026-05-20 16:50:12,playstore
41e2d220-5073-49d7-9375-7e5f1fe07a22,"Mau topup e-wallet, pake data seluler, pake wifi, masih aja network error, aplikasi busuk",2026-05-20 16:01:17,playstore
d9e193ce-8291-4785-902a-08e074499fe7,gatau kenapa tiba² gak bisa login lagi pakai notelp.,2026-05-20 15:32:47,playstore
8f039405-4573-4230-adbc-3f2d5f4482ba,"saya sangat kecewa sama aplikasih ini bayangkan top up ewalet 25.000 pembayaran melalui shopepay saldo shope pay saya terpotong,tapi dari pihak alfagift saldo ewalet saya tidak di kirim kan, buat kalian hati-hati,aplikasih tidak amanah,malu malu in aja 25 k aja di embat",2026-05-20 14:35:36,playstore
0e9f64c1-4b80-4244-965f-d57342dccaa0,bintang 2 dulu soalnya saya daftar nomor hp masih dipakai orang lain. pdhl orang lain tsb udah ga pake nomor tsb. harusnya bisa langsung diedit di apikasi atau di gerai alfamart,2026-05-20 13:32:43,playstore
217c11e3-2d23-4f91-ba7a-d3897008a287,"pelayanan nyaaa burukkk, pesen lewat alfagift lama bgtt keburu lebaraaaann. payahhhhh",2026-05-20 13:24:53,playstore
50bd9e6e-8801-4548-89f6-2c6c9cff4c1a,"Untuk kalian yang masih mengeluh mengenai aplikasi alfagift, silahkan belanja langsung ke alfamart. Namanya juga aplikasi pasti ada plus dan minus. Belanja sat set langsung ke alfamart. Promo? Sudah pasti ada setiap JSM (Jum'at, Sabtu & Minggu). Hari-hari biasa juga ada promo cuma tidak terlalu banyak seperti promo JSM. Salam santun.",2026-05-20 12:41:53,playstore
20ef41de-2f7b-477a-b460-1fc1eac88173,"lokasi saya kenapa selalu surabaya, padahal saya tidak di surabaya. aplikasi lain akurat, ini tidak",2026-05-20 11:46:01,playstore
64a8bf66-e9d6-40e0-94df-94020dd090d5,"Alfa gift ga jelas sebelum di update bnyak apk cloner masih bisa di pke, setelah di update gabisa di pke gara gara ada 1 aplikasi clone",2026-05-20 11:27:10,playstore
d43b1d13-8381-4587-beee-025b5c732956,sukses selalu buat alfagif 😇🙏,2026-05-20 09:59:04,playstore
38bb483d-438f-44cb-8d11-d1c5c379ecdd,Aku kasih bintang 5 untuk aplikasi Alfagift karena belanja kebutuhan rumah jadi lebih hemat. Aku beli detergen cair untuk stok di rumah dan dapat promo belanja Rp50 ribu voucher diskon Rp10 ribu jadi makin untung. Belanja lewat Alfagift juga praktis dan banyak promo menarik lainnya. Semoga Alfagift terus kasih promo terbaik dan bikin belanja makin mudah #AlfagiftBebasOngkir,2026-05-20 09:27:20,playstore
03996cea-1205-4907-9d42-755e37aa8cf9,kenapa baru masuk aplikasi di tampilan registrasi lgsg muncul peringatan bahwa aplikssi ini adalah virus/spam yang bahaya,2026-05-20 09:25:27,playstore
81846330-f1bd-4ea2-89b2-514509c98b7c,Setiap mau pembayaran selalu gagal,2026-05-20 07:20:40,playstore
1a4330c9-e948-4173-acdf-7b0b3e8d2baa,ni apk knapa si gk bisa dibuka alat rentan terdeteksi trus,2026-05-20 06:55:12,playstore
bcbfa787-1d47-426d-a62c-be129affea95,"hebatnya ini aplikasi dicek stok banyak, sampai di tokonya eh malah kosong, kata karyawannya barang sisa di pajangan tapi kok beda dengan aplikasi. apa tidak sinkron? Serta dipesan antar lewat aplikasi malah prosesnya lama, harus nunggu berjam-jam.",2026-05-20 05:59:16,playstore
84b9cb7a-a386-4a69-a009-8897dc8d4d28,"kalo pesen roti tawar onlen selalu dikasih expired Deket,hari ini kirim lusa expired",2026-05-20 05:34:51,playstore
b1191d71-50af-427c-8723-ee66498e6ce0,"udah pesen dari jaam 8.50, pilih pemesanan yang ""max 1 jam sampai"" 2 jam lebih tapi status tetep ""masih diproses"". udah chat ke tokonya, ga ada balesan atau konfirm apa2. padahal tokonya online",2026-05-20 03:42:50,playstore
6a834956-f361-4a50-8d39-69dcd2e3a2a9,kenapa suka keluar keluar sendiri dari aplikasinya,2026-05-20 03:10:16,playstore
04d5ad61-ec21-4010-a068-954b9d1169d4,"INI KENAPA APLIKASI VULNERABLE TOOLS DETECTED MULU DAH, JADI GABISA MASUK APLIKASI ALFAGIFT. TOLONG DI PERBAIKI!",2026-05-20 00:42:26,playstore
e7766da7-9df8-4ba2-943a-b94d80424433,good,2026-05-19 22:27:25,playstore
51ab3473-767d-424d-b305-c672bc691e53,parah bngt refund cuma puluhan ribu prosesnya berbelit belit...udh lewat 7hari masih proses terus...,2026-05-19 18:43:45,playstore
610c0970-659a-48eb-8e0b-6fe9f6b0eb80,semenjak pindah ds saya pesen selalu delay katanya satu jam sampe tapi ini sampe 5 jam ga nyampe nyampe saya komplain ga dibales telfon ga diangkat gimana si! tapi selain dari semua bagus,2026-05-19 15:50:07,playstore
8c3ffa2a-a116-4ca3-b458-f365884bd153,susu kurma 2 sdh d bayar tpi blum d antr sampai skrg,2026-05-19 14:41:31,playstore
c68cd822-b7a1-41ef-a1e6-d3a9a5282681,"aplikasinya udah bagus,hanya kalo bisa di tambahkan maps untuk lacak pesanan agar kita tahu pesanan kita sudah sampai mana",2026-05-19 14:24:25,playstore
f4ebb7d0-a999-4dca-bd69-1810cc9677d0,"dasar banyak error nya, jgn di download aplikasi jelek banyak error nya",2026-05-19 14:02:07,playstore
c0a5abd1-34e3-480d-8f44-29e82ae732ed,sumpah jelek banget aplikasi berat gambar produk tidak muncul,2026-05-19 13:52:15,playstore
018294f4-4946-456c-bb7c-1c33d02ff0c3,"kalo sudah masuk menu bayar pasti koneksi hilang , aplikasi aneh",2026-05-19 13:09:44,playstore
a92e0bbf-5db1-4e69-ba27-6f3d5b4fb44a,"poin tidak masuk, udah bikin laporan tetap aja tidak masuk",2026-05-19 12:49:49,playstore
dcfe0b9a-3d86-47a2-81bd-b3c982eec6b9,sering force close,2026-05-19 11:42:47,playstore
b5a26b03-ce43-4caa-96aa-acc7c4061fab,apk terbaik,2026-05-19 09:57:09,playstore
bf8aa482-29e8-451f-92a5-217d0a3d41f3,ALFAMART PULOGEBANG 3 NAJIS BGT LM SLR,2026-05-19 09:00:43,playstore
3d31ad26-ac98-4961-b23d-fbc501eaf19c,"toko X995-Kemang hambulu selalu buruk pengiriman nya tidak pernah ontime ,pilih 1 jam pembayaran sampe 4 jam ga Dateng2,tolong terapin sistem cansel dong min",2026-05-19 08:47:48,playstore
f777cb21-1c69-4fb8-9593-2e35593729c6,"tolong ya Alfa. kalo plastik bayar. minimal kembalian 100 rupiah itu di balikkin, 10x DTG udah brp,sementara plastik ga mau kasih",2026-05-19 06:13:52,playstore
e1fbdbf5-3130-4a04-94d8-eb598179979c,mantaapp,2026-05-19 06:07:34,playstore
c15e6bee-0dbd-4818-a123-c9fad288cd73,"sebetulnya sudah bagus, tampilannya sederhana enak dipakai tapi minusnya di pengiriman tidak ada petanya jadi tidak tau kurirnya sudah sampai mana. Minta tolong di adain fitur mapsnya ya Alfa :)))))",2026-05-19 03:54:24,playstore
cd3496fb-940e-44db-a03d-0645c7dbc510,sangat mudah,2026-05-19 03:08:40,playstore
43694284-e013-4b9e-8429-75deec030f0b,tolong dibantu kak... apk di hp saya tidak bisa masuk dan keluar sendiri... sudah diupdate dan install ulang serta hapus change tapi tetap keluar sendiri,2026-05-19 00:26:58,playstore
bf18d578-6b2a-4221-986b-341b86386d43,buka aplikasinya lemot....mau belanja baru lihat2 produk tiba2 nutup sendiri aplikasinya.dicoba berulang kali msh sama .bikin emosi,2026-05-19 00:07:04,playstore
ce992e20-9aaf-4c80-9704-e4b949d24629,kenapa udah beberapa hari aplikasinya sprti nge'BUG.!!,2026-05-18 23:15:58,playstore
eda262e4-8b4c-4cf6-ae1f-68f11f71f847,Good,2026-05-18 23:02:40,playstore
d9abc911-2a17-464c-8424-ad1772396513,kok lama sih sekanrg ya pengiriman alfagift ini.... jam 16.00 wib sd 18.00 wib dichat cuma konfirmasi drumah apa gak nya.. tapi gk dikirim2 apa kabar yg gk pegang2 hp... masa gk dikirim2 sih.....mana perlu bgt barang itu....,2026-05-18 22:48:22,playstore
7add6288-7f62-4ea1-9a3e-1ef94d094299,"ih ga jelas banget pesen dari jam 20.09 estimasi datang sampai jam 22.00 barang ga diantar"" padahal barangnya besok mau aku pake buat tugas praktikum. udah aku chat di fitur yang sediakan tapi ga dibales apa gunanya ga jelas. ada WAnya juga sloww respon bngtt, aku chat by wa katanya barang masih mau diantar aku di suruh nunggu, udah nunggu hampir set jam barang belum nyampe, orang lagi cape malah di buat nunggu, first time beli di sini di kasih experience yang begini hadeuhhh.... bikin badmood😑",2026-05-18 16:14:14,playstore
019e1676-15ea-405a-87b4-dcb00bcece41,"makin kesini performa aplikasi makin ampas, jadinya jauh lebih berat, beda sama sebelah yang makin lama makin ringan. gimana nih devloper masa makin kesini performa aplikasinya makin ampas",2026-05-18 13:12:50,playstore
5aa3fc14-973e-467d-9189-f5774f2ae1bf,"Udah males belanja sekarang, kelamaan pesanan sy datang. Masa iya nunggu 3 jam dulu baru diantar.",2026-05-18 12:56:18,playstore
3ec26512-242f-40e1-a37f-96d630aa8c43,kurir nya lemot bgt,2026-05-18 12:40:47,playstore
abd4f433-58a2-475e-bba0-5baffa90c793,"respon admin lambat. pengiriman lambat.kalau karyawan mau bilang ""ngapa nggak diambil di outlet"". ngapain ada aplikasi ini kalau gitu.",2026-05-18 11:55:25,playstore
959cb75a-0e9a-41e2-97f7-b04137982e42,aku mau beli galon gada stok nya mulu jarang ada barang barang aku mau,2026-05-18 11:52:34,playstore
10bfaf82-d7ba-41f1-8c14-839414c61ee2,sekarang pegawai Alfamart yang kepala toko kebanyakan sifatnya buruk apalagi kepala toko Alfamart KRT Radjiman 2 sifatnya buruk sama customer,2026-05-18 11:42:29,playstore
bef7425c-86a5-4ebb-aa44-1a6ce446d5df,sangat membantu karena banyak potongan harga buat member,2026-05-18 11:30:47,playstore
881d333e-bcb8-48a2-880b-6c8e17f3c525,"aplikasi paling menyulitkan bgt saya dulu pernah download & daftar diHP redmi ditolak karena ada aplikasi Http costum & VPN sejenisnya suruh hapus satu² setelah itu saya nyerah mending kamu yg saya hapus, stelah itu punya HP baru vivo & gak ada VPN apapun saya daftar dihp itu & bisa selang waktu 4bulan ke log out sendiri & masuk dipersulit dengan alasan log in diperangkat berbeda padahal dihp yg dulu sudah dihapus & belum juga daftar kok bisa²nya alasan kaya gitu, kayaknya udah habis kesabaranku",2026-05-18 11:22:52,playstore
5f97cc99-9311-43b9-8dda-b6a070eb5dfd,"percuma bikin aplikasi tapi karyawan tidak baik, pengalaman terakir pakai aplikasi ini, peaan barang dan barang SDH di bayar tapi tidak smpai barangnya di caht tidak di respon afmart Titiwungen selatan pelayan buruk, bukan mempermudah konsumen untuk bisa pakai aplikasi ini nanya merugikan konsumen, 😡 tidak recom aplikasi ini",2026-05-18 09:14:04,playstore
e369b547-67a1-4902-9d31-d6de27d5d1bc,knp GK bisa di buka aplikasinya?? jdi percuma blanja pake member TPI aplikasinya GK bisa d buka,2026-05-18 07:14:15,playstore
f03f0af3-9e96-401a-8ad8-bf1def2e6b89,pilih yg pengiriman maksimal 1 jam setelah pembayaran tapi datangnya selalu lebih dari 1 jam pdhl lokasi dekat dgn alfamart nya. alasannya pelanggan tidak bisa ditelpon. pdhl tidak ada telpon masuk,2026-05-18 06:37:45,playstore
6bcd9048-06d0-4d3b-b1e0-d45b4289a17c,pelayanan dari alfagift sangat memuaskan....gk perlu repot2 ke alfa nya udah di anter depan rmh...cepat sampe nya penanganan masalah juga cepat melalui dm ig alfamart ...pokok nya sangat memuaskan...mana geratis ongkir lg...promo juga bnyak,2026-05-18 06:21:13,playstore
ad39bb86-d085-4199-ba87-07eaf31d0a1b,aplikasi Alfa gift tidak bisa dibuka tolong lah untuk diperbaiki saya kecewa kali dengan aplikasi ini,2026-05-18 05:12:40,playstore
7217ab90-e9b9-423a-a67a-dc1c4165bb14,alfanya gak lengkap. dekat rumahku ada 2 alfa loh tapi katanya gak bisa ngantar karna gak tersedia.. hadeh,2026-05-18 05:06:43,playstore
d27cb7ed-b931-47cf-9e51-63b9c19d69c9,sudah bertahun2 pake alfagift baru kali ini alesan gagal kirim karna ga bls chat (telat bls) ampun deh... alamat udh sesuai. tolong ya kita tuh waktu yh bukan cuman mantengin chat dari alfagift banyak yg harus diurus.,2026-05-18 02:33:20,playstore
88f885ac-b29d-4756-bc10-c4dd8285a5fc,mohon untuk pegawai kasir di seluruh Alfamart di wajibkan selalu menanyakan kartu atau nomer member,2026-05-18 01:40:07,playstore
b8f8abde-1c5d-4243-aede-a128c0bdbc44,"pengiriman nya sampe 12 jam yaaa. lama bngt ngirimnya, kaya rumah saya ada di pegunungan yang sudah dijangkau, padahal rumah udah cukup strategis",2026-05-18 00:35:39,playstore
93781307-e63b-4657-a4cf-87176868f0fc,cukup membantu khusus nya buat emak2 mageran sprti saya 😅🤣,2026-05-17 23:06:59,playstore
08ceda95-5d9a-45c3-80b6-6a946acef9ed,"aplikasi tidak bisa digunakan,aneh....",2026-05-17 19:05:56,playstore
517a998c-c67b-4552-82b8-ce863823d43c,kamu jahat,2026-05-17 19:04:31,playstore
fa509c35-72f4-401d-9bba-4e9aad89cb62,dr tgl 13 mei pesanan dibatalkan tp uang saya belum dikembalikan. niat beli barang penting lalu tebus murah yg gak penting dan stok kosong malah jadi rugi barang yg penting jadi tertunda untuk di beli jahat sih ga mikirin orang apa itu uang pas2an atau bukan nahan nahan uang orang udah mau 5 hari zholim,2026-05-17 17:14:07,playstore
94ae68aa-126f-495f-a7d3-22c5eedf0983,beberapa kali di kirim diatas jam 10 padahal pesen di bawah jam 9,2026-05-17 15:43:37,playstore
8a36df2a-cdff-4354-afcd-1a825323d8c9,"Tidak sesuai dengan jamnya, saya minta jam 21:00 malah dikirimnya hari esoknya",2026-05-17 15:41:10,playstore
c39004ce-4460-48bc-9a00-a0e0b7b53bd7,𝐞𝐫𝐨𝐫 𝐦𝐞𝐥𝐮𝐥𝐮,2026-05-17 14:58:32,playstore
eb4b40db-9318-4b9d-b797-063ffb611afc,LAMA PENGANTARAN DARI JAM 5 SAMPE JAM 10 BELUM DI ANTAR JUGAAAA,2026-05-17 14:48:48,playstore
7edb12d2-92f3-49d8-87c4-7d00c0cb4005,"lelet banget nganterinnya, gua pesen dari jam 5 dan udah bayar, trus pake jasa yang dikirim 1jam setelah pembayaran tapi nyatanya apa sampe sekarang jam 9 belum dikirim kirim sampe detik ini, katanya ada lonjakan pemesanan secara tiba², tapi kenapa dia memproses 30 menit setelah saya bayar trus dikirim jam 6 tapi sampe sekarang jam 9 belum sampe, jujur gua kecewa sama pelayanan alfagift ini, WOYYYY!!! BALIKIN UANG GUAAAAAA!!!!!!........",2026-05-17 14:07:52,playstore
415f86c3-ab0c-45a0-af75-0e0bad81087f,awalnya cepat pengirimannya tapi untuk yg ke 2 orderan sangat mengecewakan. pesan barang hampir 3 jam no respon. Padahal sudah sy tentukan estimasi pengiriman nya. sebenarnya mudah pakai Alfagift ini hny saja pengirimannya tidak bagus respon lama .,2026-05-17 13:41:26,playstore
f3c076cf-5a70-4e5f-8878-e7a501e9635a,"huhuuu senang bgtt sejak alfa gift gak prlu repot"" keluar untuk blnja 😁 semua kebutuhan ada dsni pkonya bgus poll 👍👍",2026-05-17 13:31:56,playstore
7d5d2dd8-b002-4380-a563-18c48cbf6e51,"kok alfagift knp gk bisa di buka ya? eror terus, pdhal sy suka bngt pakai alfagift ini",2026-05-17 10:52:01,playstore
cb73a012-38ef-4182-8def-69c911b9dd27,"TGL 2 MEI JAM 6 SORE KLO DI BALI, SAYA ORDER BARANG, YANG MAU SAYA PAKAI KARNA ORGEN STOK BUAT STAFF SAYA HABIS. SAYA PILIH UNTUK PENGIRIMAN 1 JM SETELAH BARANG SUDAH DI PESAN DAN DI BAYAR. JAM 10 STAFFNYA MENGKONRFIRMASI DI CHAR ALFAGIFT BARANG AKAN DI KIRIM, SAYA TUNGGU TIDAK DATANG2 DAN JAM 11 MALAM MALAH BILANG BARANG AKAN DI KIRIM BESOK SAYA KAN JDI JENGKEL, KENAPA GA BILANG DARI TDI GITU, JDI SAYA PUNYA PLANING BELI DI TEMPAT LAIN, KARNA MAU SEGERA DI GUNAKAN. DAN UDAH GK DI BALES LAGI",2026-05-17 10:36:59,playstore
9a1f5070-22ec-4cea-ba69-34ac0a257f26,jam pengantaran tidak sesuai,2026-05-17 09:29:53,playstore
1b3c18a1-6279-4344-a1c8-bed5d024e1aa,"Pernah saya beli lewat alfagift barang dikirim hampir 16 jam setelah barang dipesan. sekarang sementara menunggu barang yg saya pesan, saya pesan jam 1 siang, kini sudah jam 5 sore ngk muncul-muncul. Padahal sudah dibayar. salah satunya Alfamart Politeknik Buha. Pelayanan paling parah yang saya jumpai, yaitu layanan alfagift.",2026-05-17 09:10:07,playstore
aba52df8-8aa6-4a5e-8b09-45e94a0e1ab4,Alfagift tolonglah jangan curang.saya dapet voucher gratis 1pcs susu almond kadaluarsa tgl 23 giliran mau saya klaim ke Alfamart ekh gak ada tuh voucher ngilang begitu saja pdhl tglnya masih lama.. kecewa saya,2026-05-17 07:58:49,playstore
dc3dffd4-7571-4c34-b6ae-659829c2cadb,buat apa ada menu chat di alfagift sedangkan tidak di respon... saya bertanya berulang sedangkan tidak ada chat yg di respon.,2026-05-17 07:03:51,playstore
31eb9f6b-4e44-4aad-bf98-3e089c4a38d7,Sampai Saat Ini (17 Mei 2026) Belum Dapat Menggunakan Pembayaran E-Wallet Link Aja.,2026-05-17 06:04:31,playstore
4c86f764-42d3-49ef-9558-458944024225,payah banget mau daftar ngga bisa2 harus panggil sahabat alfa atau apalah itu . ngga memudahkan pelanggan,2026-05-17 03:54:11,playstore
08230d50-e36b-4fc2-ad97-13ba7cc2ecb8,"pengiriminannya tidak ada kepastian ,kapan da jam berapa, jika untuk di tinggal sebentar keluar takut dikirim utang lagi dan nunggu waktu lebih lama lagi",2026-05-17 03:27:16,playstore
dfd581b8-b3e1-45e3-94a3-ef4b7ea05882,komplain perihal tidak menerima bukti transaksi tidak ada solusi hanya mengisi berulang2 dan email pun tidak ada jawaban ... payah,2026-05-17 02:26:17,playstore
80d5d1df-bb33-4171-a9ac-b65e44fd68c5,"saya memiliki pengalaman buruk tepatnya di Alfa Hayam Wuruk Denpasar customer di abaikan menunggu setengah hari barang tidak di kirim , mengajukan cancel Tdk bisa d dashboard keterangan pesanan sedang di kirim, sekarang bisa cancel dana belum kembali di tanyakan katanya 7 hari kerja , selama itu kah proses nya .sangat kecewa sekarang belanja disini ,.",2026-05-17 01:02:16,playstore
1b440d3e-0090-46c8-8eb7-aefbd846e053,"Aplikasinya sudah update malah sering crash, lebih baik yg versi sebelumnya. Sekalian utk saran dan masukan, produk dikategori promo, mohon bisa disertakan tanggal promonya dari tanggal berapa dimulai sampai tanggal berakhir. Terima kasih",2026-05-17 00:28:38,playstore
d3989e57-d044-4ae1-918d-7c557deb06fa,okkk,2026-05-16 21:22:07,playstore
b419dbaa-4f06-498c-a601-8730b0e8f1c8,gak bisa di buka aneh,2026-05-16 18:37:04,playstore
ae5063c7-213b-4855-8300-bff57d289898,"sistem online doang ga bales,gabisa cancel stelah dibayar..",2026-05-16 16:29:26,playstore
170e1f65-89f8-40f0-9286-379361cf92c8,kok punya ku tak mau di buka min aku kasih bintang 1 ya,2026-05-16 15:32:38,playstore
5f08b64a-1a5e-4c7c-beeb-2c3baeb72bdd,mudah untuk berbelanja apapun,2026-05-16 14:46:52,playstore
3a1ca864-0972-44ed-9af3-56bf5ce85a66,lama!,2026-05-16 13:58:22,playstore
c30b66f5-f430-4efd-802a-bc74e757c236,"dapet tokonya jauh banget dari rumah, padahal yang deket ada, jadinya lama banget nyampe nya",2026-05-16 13:50:35,playstore
862fe425-442d-43e6-969d-ab6209c5895a,"harap ditingkatkan lagi, ty",2026-05-16 13:08:50,playstore
7c810a91-bb01-41da-b599-139c96c0ccd9,eror mulu mau masuk,2026-05-16 12:45:46,playstore
85fb40f9-f9d9-460f-a5e6-30312216bf70,"bagus, pesanan selalu sesuai, pengirimannya ramah",2026-05-16 12:17:38,playstore
d1c5911a-a522-4702-a30e-8065baee6a4a,"alfagift kl ksh vocher gak niat, tiap mau pake vocher yg diskon pasti barangnya kosong. gajelas",2026-05-16 12:11:51,playstore
6b2a6ab2-ea05-4cc7-b8af-65d7a418a9a8,"pertama pesen masih ok lah, pas kedua ketiga klinya dst parah banyak alesan mulu buat cancel, motornya tabrakan lah, barang expired lah, minta dituker gk bisa dll, kapok dah kirain bnran bisa diandelin buat keseharian.. btw alfamartnya yg di citra indah bogor ya",2026-05-16 12:04:24,playstore
c983ee20-cd8a-451e-921d-b721374b3877,"Aplikasi heran, beli rokok ga tersedia bisa kalo kondom mah ada , di website juga susah beli rokok. 🤣",2026-05-16 10:49:36,playstore
c5adb1a0-6e14-456a-a7d0-55dbc24d2963,bagus sih cuman terbatas lokasi nya aku gk bisa pesan soalnya lokasi ku gak bisa,2026-05-16 10:39:28,playstore
f296e566-9cc1-4e87-aee0-b8528917730c,refound dana terlalu lama dan ribet. hapus aja opsi refound ga guna juga. apk payah.,2026-05-16 10:24:26,playstore
302e662b-0799-4352-bfb5-270ad8ab6ffc,sangat bermanfaat bagi yang ingin belanja tapi malas keluar rumah..sukses selalu untuk aplikasi alfagift,2026-05-16 09:59:28,playstore
a3335fdf-2e05-4b46-a10b-09cbe5e5a17c,aplikasi eror g bisa dibuka dari kemarin muncul 30001 mulu,2026-05-16 09:44:52,playstore
193c7c9d-0de7-4ef6-b17b-818af622de8a,kenapa setelah di install aplikasinya tidak dapat dibuka selalu muncul notifikasi vulnerable tools detected,2026-05-16 09:30:18,playstore
7cd8606e-0cb8-413e-938f-2e11bc93d840,aplikasi lemot,2026-05-16 07:52:30,playstore
b1458447-8174-4e9d-a760-bec8cf6e70af,"tidak bisa daftar berkali"", infonya sesi terlalu lama. pdahal proses input dsta gk sampai 5 mnt sudah selesai tp ttp gagal terus",2026-05-16 07:08:19,playstore
428fa0de-4c1c-4d06-8c16-2374a4cb06e2,"Aduh mau belanja online di AlfaGift malah gabisa dibuka aplikasinya.., Tolong dong diperbaiki perfomanya...",2026-05-16 06:54:45,playstore
692721c5-cb21-4108-89df-b360b9c4b1da,susah banget buat batalin pesanan atau refund. tidak menyenangkan,2026-05-16 06:54:19,playstore
6498a242-ad3d-48ca-94a6-6ab40dfde36a,layanan cepat dan memuaskan,2026-05-16 06:23:09,playstore
935ca3b6-afc1-4090-bdcf-642488aaca37,ribet cok mau beli rokok online...,2026-05-16 05:07:17,playstore
cffe438c-73aa-41fb-9a98-fa2ea716d721,"saya ada keperluan untuk melihat dan meminta struk transaksi di aplikasi atas pembelian barang yg sudah saya lakukan beberapa hari lalu, dibilang ditungu sampai 1x24 jam sekarang sudah 3x24jam tetep tidak ada respon padahal saya perlu struk tersebut untuk refund karna saldo saya sudah kepotong tetapi dikomputer kasih katanya belum terbayar",2026-05-16 03:40:37,playstore
57b9984d-431c-4b77-ac7b-8d530669b822,"mohon di batasi klo memang kurir tidak bisa mengantar di jam tertentu, agar tidak terjadi penundaan pengiriman di hari berikutnya sedangkan pesanan instant. kasian pelanggan klo memerlukan barang itu secepatnya, apa lagi uangnya beli cuma cukup untuk beli itu saja. jadi tidak bisa buat alternatif lainnya.",2026-05-15 17:34:24,playstore
75c03e57-52dd-4b03-8a6c-ec88ce9a6f4e,"apk nya ngelag banget di pake, buat scroll lelet",2026-05-15 16:00:19,playstore
644bcde0-b604-4a71-81ae-2502e4a8e0e7,kecewa. karna pengiriman terlalu lama. Dan sudah sekian kali dikecewakan toko. Tidak pernah ada komunikasi atau chat tapi toko online tidak bertanggung jawab. kalau tidak mau diambil orderan tidak perlu ada aplikasi. Dulu saya suka pakai Alfagift cepat tokonya amanah tapi sekarang keterlaluan. Kapok sudah pakai aplikasi ini.,2026-05-15 15:45:04,playstore
9447d9a3-0afc-4d78-b3f6-c575769efb27,"apknya lebih mantep dari sebelah pokoknya, kecewa dikitlah ama kurirnya kadang kita kan gk bisa milih ya dan gk tau kalo alfagiftnya baru ada bbrp aja daerah saya, tiba-tiba kurirnya curhat kalo mesennya kejauhan cari yang lain aja, lah org gk bisa milih kita ya dan gk tau juga kalo cuma ada dikit soalnya alfa yg deket rumah lumayan banyak🥲",2026-05-15 14:47:22,playstore
510a4a11-197f-4c86-bf7c-6a79521dbf9f,Joss dah.promo2 nya,2026-05-15 14:04:37,playstore
a8039ca0-7cf0-4987-975f-ade8ca2edd40,"oon jir, gada koneksi mulu padahal wifi gw pake wifi nasa. ga worth it bngt, mending beli ke indomart aja woi",2026-05-15 13:02:10,playstore
2f4f2f8b-a5b2-4611-8bed-72e151938f29,aplikasinya sering eror dan lemot,2026-05-15 12:28:30,playstore
eb899046-d509-4efa-9d04-f0f536a1c705,"jelek bangat aplikasinya, pengantarannya lama bangat nunggu berjam jam, saat di chat penjualnya banyak bangat alasannya dari ban nya yang bocor lah, chat nya yang tenggelam lah padahl saya spam terus tapi chat nya bisa tenggelam lawak. dan ban bocor masak berjam jam hanya bagusin ban motor akhirnya saya gak jadi pesan tapi dana lama bangat pengembaliannya. lebih dari 1 minggu dana saya tidak di kembalikan penjualnya sangat slow respon gak logis alasan untuk kembaliin dananya.",2026-05-15 11:44:13,playstore
35181b22-1d06-4777-976f-4b4d66c69a38,Produk lengkap dan berkualitas🥰,2026-05-15 11:19:40,playstore
8800683e-92e7-4178-9a65-5b8f167fe958,apa sih maksa bgt aktifkan lokasi tolol.. orang cuma pengen liat harga juga,2026-05-15 10:54:33,playstore
d0e2de8e-17ab-410a-abcf-60423c71677c,"parah poin org main dihangusin begitu aja,auto unistall",2026-05-15 09:59:01,playstore
a979b530-96b7-47f4-a881-959e4e01690d,"ku tutup/hapus akun,walau masih ada transaksi belum di kirim chat cs Ndak ada solusi karna salah waktu pengiriman jam.. yang melayani cuma both bikin emosi",2026-05-15 09:10:09,playstore
f6fb230d-7636-4cdb-bac7-2ab00bfe5f0c,"sebenarnya udah sering kayak gini tapi saya sabar terus, kali ini saya nggak akan biarkan lebih banyak korban. pesanan saya tertukar terus saya hubungi pihak Alfamart nya malah nggak ada respon, masalahnya saya nggak mau zolim sama orang yg tertukar pesannya sama saya apalagi pesanannya Bean spot. memang nggak semua Alfamart begini tapi tolong pecat aja karyawan Alfamart dekat saya, nggak becus dia kerjanya",2026-05-15 08:50:32,playstore
c0b6e4ad-2a83-4bdf-bfb3-fba63d80916f,"mohon maaf saya beri b3 dulu ya, karena kadang bagus kadang engga... ada notif seperti ""pelanggan meminta penundaan pengiriman"", padahal saya ga merasa menunda. silahkan diperbaiki lagi ya. kalau sudah ada peningkatan nanti aaya naikan juga ulasanya, thanks",2026-05-15 08:31:29,playstore
56231584-ca99-4f06-b589-995716d7074e,"gimana sih mau bayar pas pencet tombol bayar tapi gabisa masukin pin nya, aneh bgt capek",2026-05-15 07:25:15,playstore
09dc7e46-e044-464b-a91c-77f116212e11,"pengantaran tidak sesuai jam yang di tentukan, saya memilih pengantaran 1 jam setelah pembayaran, saya pesan jam 10.40 tapi datang jam 11.03. saya sebagai anak asrama, jadi barang yang saya belik jadi hilang di ambil orang lain. ini pengalaman terburuk saya di Alfagift ini.",2026-05-15 05:55:35,playstore
8303aa8c-0964-4d3c-94c3-a0eaa42db5c3,"suka banget pakai alfagift,pengiriman nya juga cepet, tidak pernah mengecewakan lah pokoknya",2026-05-15 05:15:06,playstore
24a8cbed-9b28-4e3f-898e-d58ad89383e8,"kamu oke bgt, membantu bgt, aku cinta bgt, TAPI KENAPA GAADA SISTEM PEMBAYARAN COD???!! ADAINN PLIZZZ DEMI AKUUU!!!!!",2026-05-15 05:14:04,playstore
dd75bedf-c26b-460f-aea7-b716b70a5497,"aplikasi nya jelek bang padahal sinyal bagus tapi pas buka aplikasi nya malah leg barang"" pada gak nampak. kalo gak niat buat apk jangan buat deh😤",2026-05-15 04:36:42,playstore
c481ceb1-2e87-43b0-a537-984f97f470f0,kenapa aplikasinnya sekrang gk bisa dibuka y. pdahal sudah coba donload baru udah 3 mingguan kynya,2026-05-15 04:36:08,playstore
0b00735b-fd93-48f0-8411-e207d7925938,"Kurir kurir alfagiftnya jangan males, alasan motor rusak, lokasi jauh, terus bisa akses aplikasi pelanggan pula, langsung ajuin pengembalian dana ke pelanggan, minta nomor rekening, ternyata data pribadi pelanggan ga aman di alfagift, next hapus aja aplikasinya kalo kira kira ga mau nganter nganter orderan lagi dengan berbagai alasan di tambah akses aplikasi pelaggan bisa di otak atik orang alfamart",2026-05-15 03:37:35,playstore
2bacc298-cedc-48a2-9e28-1802c1f8158d,bgus,2026-05-15 03:29:09,playstore
374131bd-429d-4e8e-9bed-aa8516f214f9,gabisa login! gagal memuat terus!,2026-05-15 02:24:48,playstore
c8e5858e-1566-43dc-bb4b-db594c87d817,"selalu dibikin kesel sama pengirimannya yang pertama pagi pesan sengaja atur pengiriman sore karna siang mau pergi tapi jam 10 udah konfirmasi mau kirim tapi ditungguin sampe jam 11 cek lagi pesanan tertunda pas ditinggal pergi pesanan sampai tapi karna saya udah pergi jadi dibawa lagi baru dianter jam 10 malam, kedua pesanan udah lunas saya lagi di belakang pun sama dia dibawa lagi bukannya ditinggal didepan, udah lunas loh itu pesanan mana pengembalian dananya lama banget",2026-05-15 00:21:53,playstore
20a3a0b7-3d41-4d23-8009-177ca671b9db,sip bgt,2026-05-14 23:25:02,playstore
de55cae1-d36e-4b1e-b181-bd084ccd2628,MBK kyk mno daftar alfagift ny dihp MBK aktif kan alfagift kyk mno MBK ..,2026-05-14 23:02:09,playstore
805a12a7-75e1-4dbe-a5f7-f772ecc73fba,"Apaan coba setelah update malah kedeteksi warning gara gara ada aplikasi untuk menggandakan. sebelumnya sih aman aja ini alfatgift tapi setelah di update kok warning, apk pengganda dihapus juga banyak data penting. tolong di fix ya jgn sampe terlalu protektif, ampas bikin user bad experience.",2026-05-14 19:38:22,playstore
d6e1051d-02a3-4457-b7d7-6f60f1f7116d,aplikasi suka ngaco,2026-05-14 17:24:21,playstore
33680b6e-3ba4-4105-a8d3-03c103d0b681,nggak bisa mengubah data saya,2026-05-14 15:50:34,playstore
aee0f891-cd8b-4705-9f51-f39abafe0af6,"Suram,tidak ada yang bisa dihubungi secara langsung, problematik",2026-05-14 15:03:40,playstore
a952cd12-ef04-47f1-b890-42ea32e9be55,"apk nya sering bermasalah sejak update mau chek out brang dus gak bisa selalu""melebihi limit pembelian"" padahal sebelum nya gak pernah beli dus dan baru mau beli. info lewat email bukan solusi malah komplen saya di email balik ke saya kocak memang. malah jaringan internet pula yg di permasalah kan. udah pke data maupun wifi sama aja gak bisa. sekalian smarfhone nya disalahkan emang parah pihak email alfagif nih.",2026-05-14 13:54:33,playstore
e8014027-2f54-40e2-8333-7134ca52cf17,aplikasi bagus pekerja nya yang ga bagus kasir sering mau nitip tebus murah kasir sering ngebatalin member biar member punya kasirnya yang di pake,2026-05-14 13:36:07,playstore
179aa877-f484-4525-9441-d7d53c0062ad,"pengiriman lambat saya dari jam 4 sore udh mesan smpai malam blm di kirim, seharus nya tidak ush di buat maksimal pengiriman 1 jam setelah pembayaran kalau di kirim nya jam 10 malam, kecwea sekali",2026-05-14 13:26:38,playstore
a4b1c9b3-b735-497b-ad57-a6875a21f21d,aplikasi nya LEMOT,2026-05-14 13:01:50,playstore
6050a962-3a8d-48a9-b43d-65ff0c95c57b,sangat mempermudah belanja,2026-05-14 11:57:17,playstore
69524947-5e5f-4f50-9476-bcf2004d5606,"penundaan pengiriman sepihak, alasannya permintaan pelanggan, kalo belum siap jgn bikin layanan antar",2026-05-14 11:38:35,playstore
d3663ee6-331a-4428-ba2d-6388f6e1cc7b,SEMOGA BISA DITINGKATKAN LAGI,2026-05-14 09:29:38,playstore
f0f8ab24-a973-4095-967b-ac8440ad34f6,"Aplikasi aneh pasword sudah bener malah diarahkan ke email utk verifikasi, giliran diverifikasi di email link tautan gagal Mulu.",2026-05-14 09:15:14,playstore
5c75276d-edd8-4f5c-a8df-17cff123c048,bagus,2026-05-14 07:04:43,playstore
e5eb627d-5908-4902-8c99-ff4f89f9307d,"sayang banget sih, untuk pembayaran cod Harus minimal 50 padahal kalo, minimal 30 aja udah nolong banget sih",2026-05-14 07:03:59,playstore
74f91727-9e81-4578-935b-6a2b66b2266e,semua kebutuhan tersedia dialfagif...tinggal pesan dan langsung diantar sampai depan rumah...,2026-05-14 06:42:35,playstore
785bdc8d-78cf-429f-b034-4ca406cc1565,dibuat dong pesenan cancel dari customer juga jangn nunggu cancelan dari sono aja ribet bangt jarak lebih 6km aja kaga bisa cod,2026-05-14 06:32:27,playstore
553c21eb-fdaa-49bf-b8bb-1f4f9b5f80ad,"makin ruwet aja, bayar pake paylater susahnya minta ampun, harus berkali-kali login tapi ujung-ujungnya pembayaran tetap gagal",2026-05-14 06:03:02,playstore
728b4a39-a927-4aed-be4b-16b34684705a,"mau tautkan akun dana gak bisa bisa, padahal notif di akun dana udah sukses",2026-05-14 05:50:07,playstore
8995c183-a072-4b3c-8bda-3835eb376d3a,ga sopan drivernya malah marah marah sama costumer,2026-05-14 05:16:52,playstore
124c8f3b-08d2-434a-aae1-068190220b81,mantap,2026-05-14 05:10:54,playstore
15444ad2-c829-4e2d-960a-bb5ef02db44a,"Alfamart UD92-DS CITRALAND Bukan sekali dua kali pesan sistem kirim via alfagift tapi baru kali ini customer di suru ambil produknya di luar wkwk pesan di ruko dan selalu di bawakan masuk entah galon atau pun produk yang lainnya lha ini di suru ambil ke depan wkwk katanya bukan service saya, kalau gk niat kasih delivery service mending gk usah biar orderan masuk ke alfamart cabang lain Jarak ruko ke depan toh gk jauh gk sampai 10 meter area lapang dan terbuka sesusah itu ya buat kasih pelayanan",2026-05-14 03:42:17,playstore
9e09d69a-4c6e-4e22-838d-7f8bfd9612e5,bagus👍👍👍👍👍👍👍👍👍👍,2026-05-14 02:59:13,playstore
7bff2839-6fb0-428d-aeab-95a4bc7449c4,"Kritik keras buat dev nya alfagift yaa, bukan nya saya niat jatuhin nih ritail atau nih aplikasi ya, tapi yang bikin gua gk suka atau enek sama alfagift itu, dia nyatain suatu barang diskon promo, tapi pas di klik mau di beli tau² stok nya kosong, nih gua udah sering banget ngalamin kya gini gk sekali dua kali, gua udah coba berpikir positif buat pindah toko barangkali di toko itu stok nya kosong, ehh iya udah satu Kabupaten gua coba kosong semua, masa iya stok kosong bisa barengan gitu?",2026-05-13 23:36:24,playstore
8da5b6ca-4ee9-49c8-bb64-9f30f5692406,aplikasinya di hp samsung ko terdeksinya virus..,2026-05-13 23:10:00,playstore
e1e5f3a5-d041-4d82-9f62-738abf95a9dd,entah kenapa dari kemarin sampai sekarang aplikasi suka terclose sendiri,2026-05-13 22:18:40,playstore
ac33524f-7f40-4dfd-ad15-ae22b2e67b7a,"pengembalian dana nya agak ribet dan lama jika pesanan dibatalkan toko, diaplikasi sebelah dana langsung kembali jika toko membatalkan pesanan, agak mengecewakan apalagi uang pas pasan, jadi ya kita tidak bisa belanja lagi",2026-05-13 21:18:06,playstore
1c4129f0-c482-4d4e-b687-1436b8c493e1,jamnya terbatas banget untuk pengiriman,2026-05-13 14:50:15,playstore
c7e27cc7-8fe9-493d-a1d9-0199f31c169e,bosok,2026-05-13 13:11:01,playstore
09650904-28e3-4658-966b-1f6e209fc10b,Pelayanan Sangat Memuaskan,2026-05-13 12:15:57,playstore
d6bfa956-8d16-4376-8019-c48c660676dc,memudahkan belanja kebutuhan rumah,2026-05-13 11:40:49,playstore
7c2452df-e16b-499e-93bb-b61edeabacb6,"Pelayanan Bagus, Penataran nya Cepat.",2026-05-13 11:23:19,playstore
ebc59fe2-fc5d-45c5-8c3e-2e2b0af10385,"hay kak, saya mau buka aplikasi alfagift kenapa gak bisa buka lagi ya... minta tolong buka in ini biar bisa belanja lagi saya",2026-05-13 10:48:22,playstore
6ad7a040-5bbf-4c79-959e-40ebe3c9eb56,"dulu sebelum aplikasinya di upgrade masih bagus aja di pake, tapi setelah di upgrade malah suka ngelek, aapalagi kalau buka alfaepet nya",2026-05-13 09:35:06,playstore
d9630f36-4203-4408-9720-cca9d3527361,"Ada opsi pengiriman max 1 jam setelah pembayaran, tp faktanya selalu lebih dari 1 jam, dengan berbagai alasan, entah pelanggan sedang ramai lah, apalah. Bahkan terakhir tiba2 ada pesan bahwa pelanggan meminta penundaan pengiriman, padahal saya justru nunggu2. GA BECUS.",2026-05-13 09:15:18,playstore
3d45f6a6-2830-4ab6-9f13-52b0b9f40e16,harga nya lebih mahal dibanding biru 😌🥵,2026-05-13 06:01:59,playstore
e122bca2-2da1-4bd8-aea2-040d9836ecbb,"aplikasi ini sangat membantu saya dalam kebutuhan sehari-hari dan sangat praktis dalam memesan nya, terimakasih",2026-05-13 05:38:32,playstore
014131e6-84f7-44c6-9ea4-ab9fdb3b13e8,ketolong banget pas gabisa keluar rumah,2026-05-13 05:27:10,playstore
5a760645-d702-4a18-912d-39092b28020c,"sengaja pesan pagi, biar di antarnya juga cepet. ini pesan pagi selalu nunggu 3-4jm. dan yg paling ngga masuk akal. di proses pengiriman nya alasannya itu aneh2 ""pelanggan tidak menjawab pesan"" pelanggan ingin mengatur waktu pengiriman. pdhal customer tidak pernah meminta seperti itu. harap untuk waktu pengiriman di perbaiki lagi. dan kalau bisa menunggunya jangan sampai berjam2.",2026-05-13 04:14:25,playstore
01e30ae0-7367-4c42-b05b-62759f58e261,aplikasinya ngelag kluar2 trs .,2026-05-13 03:42:06,playstore
020eda9a-e23c-4763-b7eb-97cae0cd0c5e,selama pake Alhamdulillah bagus banget sangat membantu tp hari ini kok nggak bisa terbuka pada saat mau klik pembayaran,2026-05-13 02:06:15,playstore
8f200316-fc29-4454-8333-4e83a35d1d10,ok,2026-05-13 00:28:55,playstore
cdc15bd5-a6aa-4c5c-9e11-ad22031bbc7e,baru 2x pake aplikasinya tapi selalu telat pengiriman dan pelayanan tdak menyenangkan. kemarin pesan Aqua 2 galon dan smpai hri in tdak d antarkan dgn sgla mcam alasan hngga akhirnya d kembalikan uangnya lagi. pdhal klo pke aplikasi shrusnya mempermudah in malah persulit pesanan dri kmren siang smpai hri in gak d anter2 ujung2 d kmbalikan duitnya,2026-05-13 00:13:12,playstore
c8bfb9d6-2c4c-4e37-b84e-040b2f89a86f,ah skrg masuk alfagift susah... ngga bisa percuma punya poin klo aplikasi susah dibuka...,2026-05-12 20:51:08,playstore
3985d6df-375e-4bdf-9aee-69cbeb0a92a8,"produk di aplikasi tidak tersedia, padahal stok ada",2026-05-12 20:30:17,playstore
6525ba0f-4a2c-49f8-8c8c-eb85da79e682,kembalikan saldo dana saya,2026-05-12 16:50:41,playstore
3837dc10-6eee-407c-8970-81663993265c,"Sering pesan dan bikin kecewa, pesenan gak sesui jam datangnya dan tidak ad konfimasi dan pembatalan produknya",2026-05-12 14:59:24,playstore
86c9e156-b950-429c-b95e-8e1317c30670,"lelet banget pengirimannya,sudah dibayar lunas padahal,pesanan dari jm 6 sore sampai jam setengah 9 malam gak dikirim kirim,di chat slow respon,di cancel gak bisa. Akhirnya diambil sendiri ke toko.",2026-05-12 13:24:28,playstore
f89b11bf-8966-4953-8ecb-bb9daefd58b3,pesanan selalu di cancel,2026-05-12 11:59:24,playstore
8ff0fef1-aedd-4e43-8796-81d61868a310,"sejauh ini aman, pelayanan cepat, gratis ongkir, sesuai alamat, ada fitur chat, tpi pling tolong adain fitur batalkan pesanan ya, trs knpa alfamart d lokasi ku barang nya tidak lengkap ya, tolong lengkapi💔",2026-05-12 11:47:20,playstore
7d384064-dc28-4498-9de3-b693ba7290f1,lama bgt😭😭🙏🏻,2026-05-12 11:13:33,playstore
db98a49b-1d89-4d81-afa7-315ce83365b8,paling kesel belanja GK perna dikasih plastik biar pun belanjaan banyak,2026-05-12 11:08:25,playstore
d0e4466c-5e05-4404-b617-7c4289bab135,kok apknya lag banget ya,2026-05-12 10:26:31,playstore
afd4a2df-4c85-4aa9-aae2-c7c49eed67b4,"sejauh ini udah bagus, barang gudang kirim cepat, mudah cari stok ready atau kosong, tidak seperti aplikasi sebelah (klikindomaret) aplikasi busuk😅 ,",2026-05-12 09:55:25,playstore
96b43fbd-8923-44d0-952f-3aef117763b0,aplikasi sangat bagus dan modern,2026-05-12 09:35:09,playstore
0194ac08-e6c0-454d-98fa-3b20222c0de1,"saya setiap kali mau co barang selalu sistem eror, saya tidak suka dengan pelayanan ini",2026-05-12 09:16:16,playstore
a30d0631-cf3f-4f23-bf3a-b4662da437b2,TUKAR POIN PADA SAAT TRANSAKSI SELALU PIN SALAH PADAHAL UDAH DIGANTI SAMA KASIR NYA TETEP TIDAK BISA. LALU GUNA NYA APA BUAT MEMBER NAMANYA COSTUMER BUTUH POTONG POIN DAN YANG DI PEROLEH NYA JUGA DARI BELANJAANYA. SEBENARNYA ADA JUGA INI MAIN ANAK TOKO NYA KETIKA ADA ORANG BELANJA DIA MEMASUKAN MEMBER PRIBADI DARI BELANJAAN KONSUMEN LAIN.!!!!!!!,2026-05-12 08:24:42,playstore
1f1bd5df-3300-430d-b215-847538f16772,suka stok kosong semua pdhl ngga ada update aplikasi dll. tp tiap mau beli apa2 stok kosong semuaaa semuaaa gada kecuali. plis di perbaiki bug nya..,2026-05-12 07:41:43,playstore
4420d11b-ec10-4916-87e7-1ab795020475,error gak bisa dibuka stlh update,2026-05-12 07:41:40,playstore
afdfdddc-5fda-4dc0-b2ff-0c613ab55100,"keluhan konsumen yg mengalami masalah tidak bisa di selesaikan bahkan di fitur customer service, sungguh di sayangkan.",2026-05-12 07:17:21,playstore
17a8f8c5-f406-454a-a074-6dbc256d0281,pelayanan sangat lama,2026-05-12 07:00:28,playstore
36800597-a173-4bdf-8b32-5d6a7bcc31ea,"Kalo mau balik lagi pas udah mau bayar tuh gabisa, bakal kerekam. Jadi kalo mau bikin pesanan baru atau ada yang ketinggalan harus ngulang dari awal banget. ga nyaman ux nyaaa",2026-05-12 05:36:32,playstore
5774cabc-4b87-48c7-811f-60daa95eb9eb,barangnya sering kosong gak tau disengaja atau enggak padahal udah setia 2thn ini mungkin mau coba apk toko lain,2026-05-12 05:13:22,playstore
47e397a3-083f-4c79-99f0-0e2153afaff5,"nge letakin barang nya ngasal aja, bukan nya di letakin di alamat yg tertera, kecewa banget",2026-05-12 05:11:05,playstore
1e73e427-2c3e-4400-a1ac-ff24ceb39fad,membantu,2026-05-12 04:33:03,playstore
4def1708-e080-4eab-ae9f-d0dfb8a4bc44,"setiap belanja diaplikasi saya selalu lgsg chat, tapi selalu ceklis 1, pengiriman barang lama ngirimnya, order di waktu 1jam setelah pembayaran tapi datang kadang bisa sampe 2-4jam baru sampai, tolong di perbaiki systemnya biar org yg order ga nunggu""",2026-05-12 04:21:06,playstore
362fac26-0af5-4e2f-861d-073bb1213442,"pengalaman aja, saya beli galon isi ulang 2, dikomplain tiap kirim galon tisu galon gak pernah dikasih, giliran nyusulin tisu segepok dikirim semua sm kurirnya, gak sesuai sm pesanan, tolong pelayanannya diperbaiki lagi, jika tdk mau dikomplain usahakan beri pelayanan yg baik, saya rasa tdk sopan bgt dgn cara penyelesaian masalah sprti itu !!",2026-05-12 04:05:19,playstore
713f4ad9-1fa8-4d5a-9bac-cbcf6e75fb8d,jika ada masalah komplainnya terlalu lama dan belum ada solusi,2026-05-12 02:57:25,playstore
97c2a652-5e6a-4848-96c0-d4f136f33118,good,2026-05-12 02:33:40,playstore
aa4515fb-3cf6-4103-a9c1-4aedb6ea6d49,"Cabang Bandar Lampung ngeselin banget! Pesanan saya ditunda dengan alasan ""PELANGGAN TIDAK MEMBALAS CHAT"", padahal DIBALAS! Udah memang LELET, nyalahin pelanggan pula. GA LAGI dah mending toko sebelah lebih gesit ramah juga! SAYA UNINSTALL.",2026-05-12 02:13:41,playstore
b0b28176-c0e0-4734-95f6-3ad6bbbaaf71,"aplikasi alfagift the best bangetttt siiii menurut aku, membantu bangett apa lagi yg ibu2 punya ank bayi/toddler , sejauh ini pengiriman nya cepet gada kendala kurir nya juga sllu respon ke Cust.",2026-05-12 01:20:12,playstore
fb1d67c6-5d68-46a6-b3af-96565b5c1b04,mantap banyak voucher nya,2026-05-12 01:07:21,playstore
8e11be55-4743-4371-aae1-eaa0ac0f8f16,aplikasi yang sangat aneh mau masuk akun disusah susahin.no hape yg agak lama ga buat belanja ga bisa dipakai lagi diblokir permanen apa ga boleh belanja ya?,2026-05-11 22:20:54,playstore
c1a39f1b-395e-45b7-a721-2acea7444fe0,"kecewa banget sama proses pengantaran, kemarin dr sistem juga udh mengajukan refund dan selesai proses refund, di chat ga dibalas balas cuma di read. nungguin pengembalian saldo aja sampai seminggu, bilangnya 3 hari tapi samp 6 hari ga selesai selesai, di chat pun cuma di baca aja. tolong untuk hal seperti ini di evaluasi lagi supaya kalau ada masalah besar nantinya bisa diselesaikan dengan bijak",2026-05-11 18:54:41,playstore
0f69093d-3cb5-4620-872c-afe37d17e2f1,tidak bisa bayar internet dari jujungnet atu ionet ..,2026-05-11 17:57:25,playstore
1dac23b6-defb-4d8c-bc75-05d889756d01,"gak jelas pengiriman alfagift ini , perihal telat balas chat 2 menit pengiriman ku di tunda gak tau sampai kapan,dah 3 jam aku nunggu gak ada diantar-antar,dah bisa lah diperbaiki sistemnya ini,kalau bisa kasih bintang setengah pun,coba dibaguskan lagi sistemnya,supaya gak buat kesal kayak gini",2026-05-11 15:13:40,playstore
69498e09-6333-4d9a-9e11-4e3023cd2aeb,pesanan banyak yang nganter cuma 1 atau 2 orang ya wajar sih kalo agak lama anterinnya (antri dulu) kalo pake pihak ke tiga seperti kurir lain seperti gojek atau yang lainnya itu mungkin lebih cepat tapi setiap sesuatu pasti ada kekurangannya,2026-05-11 14:58:40,playstore
de180041-39cd-4ae3-9bb0-f1972f06099d,"Alfamart cabang way bungur buruk. sering menunda pesanan sepihak,fitnah bahwa pembeli meminta menunda pengiriman.tolong di perbaiki pelayanan Alfa cabang way bungur,kurir sangat lemot...cs GX tanggap.",2026-05-11 12:31:33,playstore
ad334382-9ff4-4677-996f-23408594825b,"pertama kali order langsung kecewa, kalo siap kasih pelayanan antar harus siap juga kurir dan lainnya untuk di hub in dan mengHub in , Gmaps koq di andal in . order jak 12 siang diantar Jam 7 Malam .",2026-05-11 12:24:29,playstore
872c4381-6b86-4dd5-ac3d-9cacfca73fb9,"mantapp bgt seneng bgt sama aplikasinya bener""berguna dan bermanfaat sekali untuk kaum""males keluar tapi pgn jajan😭😘",2026-05-11 12:06:32,playstore
b78ce36a-f1da-4829-a86a-a12dbc35575c,bagus kak,2026-05-11 09:41:25,playstore
f80e7409-12ff-4387-ad04-11b16f034911,aplikasi nya lemot pdhl jaringanya bagus buka aplikasi lain pdhl lancar tpi knp apk alfa makin kesini sering ngebung dan ngelag tlong di tingkatkan lgi.,2026-05-11 09:39:59,playstore
e30276fb-314d-4255-ba15-5b71733f23f9,fitur chat error pesan tidak bisa terkirim centang satu terus,2026-05-11 08:47:27,playstore
0f6043a8-c7bb-4986-a3e3-9de8a70f5aeb,Katanya bisa bayar pake QRIS kok punya ku gak ada ?,2026-05-11 07:25:32,playstore
4c4bb802-0734-41d7-ac15-f3062fe18805,"sejak pengiriman digabung jadi 1, lamaaaa banget yaa jadinya. pesan dari jam 8 pagi, pilih pengiriman yg jam 10-12 dan sampe setengah 2 siang belom dikirim juga harusnya ada rewards sii klo pengiriman Ampe telat banget gini 😠 udah paling bener dulu pengiriman dari yg terdekat aja, setengah jam udah langsung sampe.",2026-05-11 06:18:38,playstore
7e0261dc-b342-4f5a-b91e-c96bc651457f,"pengiriman sangat sangat sangat lambat, melebihi batas ketentuan pengiriman,",2026-05-11 05:41:39,playstore
a4c91a69-8d9a-4624-9ae4-72183712b71f,"tolong disiplinkan pengecekan ketersediaan produk di aplikasi dan di toko ini ketiga kali nya saya di cancel alasan kesalahan sistem, lebih dari 1 produk kosong tidak bisa melakukan pengantaran yang pertama saya menunggu 2 mingguan baru dana kembali ini ketiga kali di suruh nunggu lagi",2026-05-11 05:24:49,playstore
d57a6de4-2922-4a3d-aa6c-b0f5987a0b39,good,2026-05-11 05:09:57,playstore
8f707bfa-a49c-412c-be65-5fe11932a845,aplikasi nya ga bisa di buka gagal terus,2026-05-11 01:25:29,playstore
58cb2231-8d53-45ee-acc6-10fec4ad9647,"padahal saya download aplikasi ini untuk memudahkan barang yg saya cari,tapi ternyata barang yg saya cari tidak ada di aplikasi seperti roko",2026-05-11 01:17:23,playstore
b06b01d4-6482-48fe-9ef9-af6efa2fe775,"aplikasi sering tidak bisa dibuka, pencariannya tidak flexible harus nama produknya baru muncul",2026-05-11 00:29:40,playstore
855cdb7e-7673-4ab2-8946-4e6130417784,bgus,2026-05-11 00:02:38,playstore
3b1b7733-8b63-4fb0-a237-6ae07f972e26,aplikasinya sering error tiba2 mempersulit aja,2026-05-10 22:51:49,playstore
e3e97832-5c12-4902-903e-8d903a235963,"Baru kali ini top up e-walett transaksi pembayaran berhasil, tapi saldo dana tidak masuk, biasanya lancar² aja langsung masuk ini malah kendala gatau gak amanah:(",2026-05-10 21:43:09,playstore
a7243e40-a5e7-4ca1-b3d9-09a63d1aa939,delay keterlambatan sangat lama,2026-05-10 14:40:13,playstore
1c3ccd6e-cdd0-4d94-b433-a59ad0493529,"sering pesanan ditunda dengan keterangan ""pelanggan ingin menunda pengantaran"", padahal sama sekali tidak pernah mengajukan penundaan pengiriman. kurir kalau Chat via aplikasi suka SPAM chat ke konsumen, giliran kita sebagai konsumen chat ke kurir jarang dibalas. kurang lebih 5 menit tidak balas chat kurir, pesanan ditunda pengiriman bisa sampai ke hari berikutnya padahal alamat sudah tertera jelas diaplikasi.",2026-05-10 13:55:28,playstore
b8756717-4365-4f2c-8ac1-b514b82d3fe7,"pengirimannya lumayan lama, hampir 2 jam, pesan dari jam 6 sampai jam 9 gak ada progress, di aplikasi sih udah dikirim, tapi masa sampai 2 jam padahal alfa nya deket. gak ada balasan meskipun udah dichat minta konfirmasi. Mau dibatalin juga gak bisa. gak ada juga konfirmasi kalau pesanan bakal terlambat. mohon diperbaiki",2026-05-10 13:27:37,playstore
0edd795f-6378-4162-bd5a-91c8fa5cf739,"banyakin promo lagi dong alfagift, terus barang promonya jgn sedikit, masa pas mau checkout udh soldout aja.",2026-05-10 12:11:28,playstore
97a53f23-0038-4420-aa0d-348fb9b3cbec,pengiriman lama kli,2026-05-10 11:07:05,playstore
0f42debd-9656-42fd-b2c5-5a59e4e6144a,"atur waktu diantar 1 jam tapi pesanan sampai 2 jam lebih 🥲 Hari pesan barang banyak sudah 1 jam tapi belum terkirim dan pengiriman ditunda alasan pelanggan tidak mengangkat telepon, padahal di WA dan di telepon seluler tidak ada telepon yang masuk. seenaknya saja",2026-05-10 11:05:07,playstore
ee19ff5d-2343-4bcb-b370-189d39eee112,selalu di kecewakan dalam proses pengiriman.. alasannya lonjakan pengiriman tapi di pesan di konfirmasi kalo ada penundaan karena pelanggan tidak membalas pesan dan nama kurir nya berbeda.. pdhal kurirnya cuma satu orang!!! SANGAT MENGECEWAKAN,2026-05-10 10:58:43,playstore
fc8f8524-b2a3-4fc6-a654-44d40aa12837,lama bngt anjg,2026-05-10 09:46:52,playstore
956849f5-36c3-4fdb-925c-91f9549934db,"suka bgt sama alfa, udh lama pake ini bertahun-tahun dan pengiriman cepat sesuai yg d janjiin, barang sesuai dan klo ada kendala pun bsa d hubungi gk perlu yg ribet hrs email dsb. tp sejauh ini tdk ada kendala. ini lebih bagus dripda si biru yg byk mengecewakan. the best si merah nih 🙏❤🤗",2026-05-10 09:24:08,playstore
6a30fd43-8c1b-4234-b31f-65dbe435a295,"gak bisa dibuka, katanya karena device root. padahal sama sekali gak di root..",2026-05-10 08:33:55,playstore
c4dbcb5f-3975-4dc9-8892-bb47ebf29a57,"Dalam kesempatan ini saya mau sampaikan. Beberapa keluhan dan kritik untuk Pelayanan dan Aplikasi 1. Tolong untuk pelacakan dibuat lebih detail lagi. Ketika sedang proses itu proses apa, apakah menyiapkan barang atau pengantaran 2. masukkan estimasi pengantaran baramg. Misal 15, 30, 40, 60menit. Jangan menulis paling lambat 1 jam. Kalau tokonya dekat dalam jarak 500 meter kan gak mungkin 1 jam. dn kalau bisa menampilkam peta pengantaran 3. Tolong sesibuk apapun harus balas chat pesanan.",2026-05-10 07:30:49,playstore
be5f57f0-5968-44cd-80b4-6ab94930c076,Ga tepat waktu dan gabisa dihubungi. Minta refund gada respon.,2026-05-10 06:49:30,playstore
df23d009-27a3-4959-bf43-01398681431d,"aplikasi sudah bagus, tapi perlu beberapa perbaikan: 1. pilihan waktu pengeriman dan maksimal pengiriman harus diselaraskan. pengalaman pribadi, pesan dengan opsi pengiriman maksimal 1 jam setelah pemesanan, namun pada nyatanya sampai berjam-jam pun tidak dikirim. 2. perbaikan sistem pengembalian dana, saya sebagai konsumen sangat dirugikan dengan saat status paket sedang diproses, pengembalian dananya dikunci, sudah paketnya lama mau minta uang kembali aja gabisa. malah jadi seperti diktator.",2026-05-10 06:20:10,playstore
3c05695e-cdf2-4a2f-b851-600ec3994843,"Pengiriman kurir motor di daerah saya selalu lebih dari estimasi pengiriman dan selalu pakai fitur pengiriman tertunda karena pelanggan tidak bisa dihubungi supaya nilai keterlambatan bulanannya bagus padahal itu merugikan customer yang sudah pilih waktu untuk pengiriman dan tidak dapat voucher kompensasi keterlambatan, bisa di balas untuk pihak Alfa komplain seperti ini bagaimana dan sudah di email ke Alfa tidak ada jawaban DM di Instagram tolong dijawab min email juga tidak di balas",2026-05-10 05:48:51,playstore
0acb0a9b-7485-44fb-9ed2-5ed577caa0a9,ok,2026-05-10 04:36:22,playstore
75ee8350-89bc-43d7-836d-c8ecaebe29c5,ngirimnya cepet selalu suka dan bisa diandalkan,2026-05-10 04:31:38,playstore
1404e26c-d1b8-429d-b423-cd7710bc65a7,fitur chat saat pengiriman tidak ada gunanya karena tidak ada respon dari pihak alfa.,2026-05-10 03:41:37,playstore
7cfca444-3e0b-4456-8861-d36751e17fb1,"memang pengiriman nya cepat tapi kembalian nya ga di kasih"" BKN masalah nominalnya yg kecil tapi masalah kejujuran yak , katanya bilang ''iya kak nanti saya kasih kembalian saya kabari lagi"" tapi sampe skrng di hubungi pun ga di bls bls ,saya ga minta itu uangnya tapi tolong kejujuran yaa",2026-05-10 03:35:39,playstore
82703835-16e8-40ee-bd0f-9d2ee9499e7b,"ini aplikasinya kenapa sih? udah masuk apk nya tiba² keluat sendiri. Gitu terus, udah di unisntal trus instal lagi tetep aja kayak gitu!",2026-05-10 03:29:08,playstore
d943b453-d2fe-49aa-8b5d-bd98070dd9c2,telus saya pecah dan banyak belatungnya,2026-05-10 02:53:03,playstore
88cbb54d-984d-4caf-936a-676fe5a5aecd,"poin star asalnya 10 pas belanja ngejar poin giv, kenapa berkurang jadi 3? itu gimana ceritanya ??",2026-05-10 02:21:46,playstore
b43b72de-3b62-4f50-afe3-00523edd7e9e,"semoga dapet kado dari alfagift, tiap hari blanja tapi jarang ngumpulin poin karena keseringan buru² ... tks alfa...",2026-05-10 01:23:18,playstore
6573c016-18e8-4968-9262-1fb15460a0d9,iklannya mengganggu saya,2026-05-09 23:37:01,playstore
11590648-a677-42b1-97e7-da98a2582c5e,"tolong perbaiki, menu utama atau beranda loading terus,,padahal sinyal sangat bagus,,",2026-05-09 16:07:01,playstore
fb060175-ed39-4ffc-be50-d78a5182051e,"Saya berlangganan Alfagift sejak 2020, tapi akhir2 ini Alfagift pesan antar kenapa selalu error saat mau melakukan pembayaran? Sudah bbrp hari mau transaksi selalu gagal saat pembayaran menu yg dipilih tidak muncul.",2026-05-09 15:59:04,playstore
27675cb1-75dd-431f-a548-9c4cab313af3,"aplikasi nya tidak bermutu,gangguan Mulu buka aplikasinya, ngelag",2026-05-09 15:23:18,playstore
db69c88d-b2ec-4526-ba43-bf774256e57b,poin alfagiftnya kgk bisa dituker,2026-05-09 14:23:30,playstore
f20b1cb2-5385-4b5d-beb9-fd1202be359c,"happy bgt bisa belanja melalui alfagift, mudah, hemat, dan banyak promo..pas bgt buat ibu ibu yg pengen sat set.",2026-05-09 13:25:03,playstore
f984fb63-1e5b-43ea-b0d0-c6d9418a2e69,pengiriman LAMA,2026-05-09 13:10:28,playstore
41330bdc-00c4-4a4a-8eba-51ad7a39ffc1,"jelek, setiap beli pasti ada barang yang engga di anterin, rugi banyak mana sering lagi, terus kadang waktu mau pesen pesanan penuh, ga suka bikin badmood, i don't like, aku marah hnghhh",2026-05-09 12:47:24,playstore
1b274ccb-52f1-4243-a6e9-2b92dd0c5253,Loding lama,2026-05-09 12:26:09,playstore
c1a01b85-ad4f-4a75-9722-dd8a48946114,gasesuai harga kalau beli . di pajang hrganya LBH murah pas masuk harga kasur ke struk hrganya LBH mahal. bahkan ada yg tidak tertera harga di pajangannya. dan lgsg patokin harga mahal. hati-hati kalau belanja LBH teliti lagi. pelayannya kurang detail. tapi kalau kita nya tegas kasirnya udh takut duluan dan kasih kita bonus barang atas kedetailan kita yg komplain krna takut nama kasirnya jelek. hampir semua tempat tembak harga,2026-05-09 11:27:43,playstore
443137a7-7537-45d7-b23c-1fbd621dbf26,cèpèt banget datang nya,2026-05-09 11:25:12,playstore
da8ea424-d291-4566-bee8-371737a6fb8a,"toko alfamart di jln drs setia budi, pondok kacang timur tangsel di sini. kepala cabangnya suka seting pengantaran 1 jamnya di bikin sibuk. jadi gak bisa pesen cepet kayak dulu. kepala toko dulu sih enggak udah ada model gini. pesen 1 jam lgsg di anter. malah kadang jam jamnya juga di buat sibuk. nganternya jam 1 atau malem. makanya skrg saya udah gak beli pake alfagift lagi. sekarang pindah beli ke aplikasi astro yang lebih cepet. di anter 25-30menit udah sampe...",2026-05-09 11:21:06,playstore
2784ac08-1803-4a5f-9ee3-d80370f4d3a6,"sangat bagus dan sangat membantu, dah langganan lama,plus pengiriman cepat",2026-05-09 11:19:48,playstore
3978e6c5-8ba8-4875-a5fc-36d2f645d1cf,sangat membantu,2026-05-09 11:11:47,playstore
12333aca-c083-45b3-88d4-c8975653caae,"Bintang aja yg berbicara, good jod alfamart J208 kebon kacang jakarta pusat 👍🏻",2026-05-09 10:56:38,playstore
d0002584-92a5-444f-bc6f-058f561f6cbf,"setiap order keseringannya dapet dari alfamat golfisland PIK , sumpah payah banget pengirimannya maximal 1 jam tapi dari siang sampai malam gak di kirim , mepet mau balik baru di kirim, malah pernah dari jam 11 pagi sampai tutup gak di kirim sampe harus di bil sendiri ke toko, kalo gak siap buat antar ya jangan di adain",2026-05-09 10:29:32,playstore
429d1259-f157-4f0b-91f2-3f826ec248ef,aplikasi nya gak bisa dibuka,2026-05-09 10:11:48,playstore
cea0371d-04ca-4b1a-b374-4b239a3fe809,mohon diadakannya fitur harga terendah termahal jadi tersortir terima kasih,2026-05-09 10:04:01,playstore
0b5f1917-4a51-41b1-ad3d-2d48ef4a5218,"saya beberapa bulan ini ada pesan barang , kopi , makanan di alfagift tapi saya pesan di jam 7 malam datang nya jam 9 malam lama kali padahal udah bayar tapi nunggu dua jam",2026-05-09 09:56:40,playstore
fb6439a7-d3b1-4408-bf8d-cc2af056ab1c,ini kenapa yaah menu top up ewallet ny jadi ngebug/eror begini. mohon diperbaiki min,2026-05-09 09:31:26,playstore
09d700dc-ee29-4107-8ca4-eee24720d0be,Halaman topup e wallet error min,2026-05-09 08:40:28,playstore
1f2361f7-7099-4b3d-9d2b-4b532dd02f61,"pengiriman sangat cepat... tolong donk, daerah sya ada lee mineral 15L ada produknya tp gk bisa blie krn gk tersedia",2026-05-09 08:36:37,playstore
2fd8f851-5f48-4b53-9e1a-adf8a67e8018,topup ewallet bener bener lemot halaman tidak tersedia,2026-05-09 08:10:44,playstore
92ac555b-dd02-4c47-af98-7ec18ed30771,kesekian kalinya belanja di apk ini sangat buruk pelayanan pengantaran barang belum di antar langsung d buat alasan pembeli TDK d tempat,2026-05-09 07:50:14,playstore
54949a6e-1c1a-441f-a1a7-44b804bf956f,Uninstall krna udah member,2026-05-09 07:32:20,playstore
eda47084-ec50-46b5-8b17-f6392f2753f8,"kenapa ya gak bisa lagi top up oVo,gopay, dana shopee pay, gak add lagi fitur nya,tolong di bantu perbaikan nya",2026-05-09 07:31:57,playstore
1cefd24b-cc02-4843-b544-ed16863ad34d,"Pengalaman saya pakai Alfagift sejauh ini sangat memuaskan. Aplikasinya gampang dipakai, promonya cukup sering, dan proses pesan kebutuhan harian jadi lebih praktis. Yang paling membantu fitur pencarian produknya cepat dan pembayaran juga lancar karena bisa pakai banyak jenis pembayaran ditambah lagi gratis ongkir ni alfagift, itu yang mabtap. Sejauh ini cukup terbantu kalau lagi butuh belanja tanpa ribet keluar rumah/kantor atau saat mau pergi tinggal order via online dan ambil langsung di toko",2026-05-09 07:24:50,playstore
4e1a5de4-0035-4c4a-9176-bf6fd4467432,"pengirimannya lama, selalu ngaret berjam-jam dari estimasi pengantaran",2026-05-09 07:13:49,playstore
f7bbd902-cab8-4ca7-85fd-415eec73caf2,"ALFAMART PAHLAWAN 2 CIREUNDEU GAJELAS, SLOW RESPON",2026-05-09 07:11:58,playstore
54b77b7b-8d26-42b5-ab03-6d0608892082,aplikasi saya tiba tiba ga bisa digunakan tanya ke alfanya baik di store maupun di medsos ga ada jawaban sungguh mengecewakan,2026-05-09 05:49:30,playstore
53d50914-7313-4d87-b1bc-daf111481692,Kacau nie.. g bisa di buka. mau cek belanjaan susah,2026-05-09 05:35:51,playstore
10338aa0-d7fa-4496-ac5f-b75c42b4f12c,"Kekurangan pada aplikasi ini hanya tidak ada fitur pembayaran via QRIS, mungkin untuk pengembangan selanjutnya bisa menambahkan fitur tersebut, untuk keseluruhan pengalaman pengguna aplikasi ini cukup memuaskan",2026-05-09 05:09:31,playstore
9e6a5a03-830f-44da-bce3-d35297b9fc34,"sebenernya sangat usefull, tapi chat nya slow respon jadinya kalo mau tanya"" bingung",2026-05-09 05:07:27,playstore
be3594f4-1c63-4da2-b2db-8c2c167086a3,"mau topup E wallet ga bisa bisa selalu gagal memuat halaman, tapi giliran ke token PLN, paket, pulsa bisa. tolong dong di perbaiki kembali kalo kaya gini terus orang udah ga minat di Alfagift lagi. Mohon di perbaiki",2026-05-09 04:42:31,playstore
c08df59c-3183-471b-be65-9bae01379553,"ALFAGIFT DS DC PARUNG, TOLONG DITINGKATKAN PEGAWAI ASAL ASALAN KASIH ALASAN AGAR MENUNDA PENGIRIMAN. DAN PERCUMA, DI INSTAGRAM, WHATSAPP, DAN APAPUN TIDAK BISA MEMBUAT PENGADUAN LAYANAN ALFAGIFT. JELEK BANGET APLIKASI INI",2026-05-09 04:26:46,playstore
fbe208a3-0bb9-49bf-bb97-564ae622c192,bagus,2026-05-09 03:10:23,playstore
3c59e937-9683-480b-b6ca-ee7a47649c00,aq kasih bintang 5 yaa,2026-05-09 01:10:57,playstore
eaccdefd-dd6f-46cc-8eba-bee9d8778331,"Bintang 5 krna aku suka Alfamart,.",2026-05-08 23:50:25,playstore
1fb54555-66d7-44f8-9f59-9856cfc887e0,aplikasi ribet bnyak bngt bentrok aplikasi udh kaya mbanking aj,2026-05-08 22:27:47,playstore
fb500850-8cb4-4511-836b-3b4171916f6f,"beberapa kali dapet barang reject masih diem, salah varian atau ukuran masih dibiarin, terus sempet komplain ke tokonya langsung juga karna kurang barangnya di chat via apk tidak dibalas dan sekarang fitur chat diaplikasi auto nutup sendiri bahkan sebelum customer konfirmasi pesanan itu diterima. sebenernya kasian sama karyawannya kalo mau komplain atau marah2 jg males ribet tapi pelayanannya makin lama makin jelek padahal udah make dari lama dan di status member saya udah crazy rich 🙄",2026-05-08 22:15:57,playstore
e4f8f589-eb1c-4e8e-8c68-3117fd607ca4,"mw top up e wallet, susah bnget masuk ny.",2026-05-08 18:59:22,playstore
3cfa4a74-5f3e-4d62-befc-26298437f6f6,lemot,2026-05-08 16:43:55,playstore
8835a890-602b-4f79-859b-ffb846d4e43d,"Ketikaa barang sudah sampai tidak ada konfirmasu apapun dan tiba"" langsung ditaruh dibawah diluar gerbang. Dan langsung di selesaikan pesanan, kalau hilang gimana?",2026-05-08 14:20:07,playstore
8d60f3f5-2776-46a1-9dff-1abae0d0bbb5,"slow respon,pesanan lama dikirim",2026-05-08 14:11:26,playstore
9d5bbd8f-ba79-494b-a0c0-e961c8a8d78c,teliti lagi karyawannya ga 1x atau 2x saya berkali² pesan pengiriman slalu lama lebih parahnya pesan jam 7 malam datang di jam 10 malam,2026-05-08 13:59:15,playstore
eb9625fa-98d3-4ecb-816c-cddaf02fa384,SLOW RESPON ADMINNYA BAHKAN SERING TIDAK RESPON,2026-05-08 13:38:50,playstore
c6935c18-f785-4109-b8a2-ff95d5519073,baguss solusi bagus,2026-05-08 12:50:54,playstore
dfd40372-7e52-440f-a5c8-b4fbe282ec74,"ini gimana sih, ga bisa login..🤧",2026-05-08 12:19:41,playstore
5063a05f-4025-4439-ae79-ccb7b9ac0f0a,"apaansih ga jelas udh akun lama ku di ban alesan ga jelas, sekarang terdeteksi alat rentan dualspace maksudnyaa paan dah??? aneh banget padahal ini langsung dari playstore ga pake apk pihak ketiga manapun dah idiot banget sih developer sistemnya",2026-05-08 11:34:40,playstore
dd096f33-6876-419e-9780-5fb44f26624b,"pengembalian dananya gak bisa diproses... sial banget... kurirnya lelet, pengembalian dana juga gak bisa...",2026-05-08 11:17:50,playstore
514de7ac-a89e-45a0-9afa-553ebf5c6824,aplikasinya lola bgt,2026-05-08 11:15:52,playstore
391a3e4a-e812-4d88-8a98-e2262860dd2a,gabisa di buka dengan alesan yang ga masuk akal,2026-05-08 10:28:47,playstore
b663ef3d-1af4-4b3b-ac62-74a002f13539,"Jelek, pelayanan lama banget, apaan nunggu berjam jam, mana disconnect mulu, benerin juga dong pelayanannya, masa order jam 11:34, terus diundur jadi estimasi 14:00-16:00 buat istirahat sholat Jum'at, okelah tapi ini udah sampek sore buanget udah setengah lima lebih ga dianter anter sih? kalo ga urgensi juga ga bakalan order, ini malah lama banget",2026-05-08 09:35:56,playstore
79172fb7-2db3-49a4-8f13-9b2013e8594d,oke,2026-05-08 09:13:24,playstore
fe9b2823-8f4e-4041-bc16-4e9da9fe7389,Pengantarannya sangat lama. Di chat tidak dijawab. Pelayanannya mengecewakan.,2026-05-08 07:30:43,playstore
bddbe738-f9ec-4649-8727-817ee03d8692,"aplikasinya untuk refresh page nya lola.. lama banget loadingnya, seperti jaringan internet yang bermasalah.",2026-05-08 07:18:52,playstore
83a5888a-632f-4437-8977-42ce8fa285fc,"Kecewa, pesan dari semalem belum di kirim sampe skrg.kurir alfa Gift kaya kagak di gajih aja kerja nya asal asalan",2026-05-08 07:02:10,playstore
85d47a78-ea29-42c0-9f5f-2e8e414f7743,"mungkin bisa ditambah track lokasi kurir saat pengiriman, jadi bisa menunggu dengan nyaman",2026-05-08 07:00:58,playstore
a480d752-798e-4b58-b14a-20d8d3d82553,"pesnan lama banget dikirim,pelayanannya juga buruk, chat hanya dibaca, pesanan gak bisa dicancel.",2026-05-08 06:35:38,playstore
969a3583-d944-401e-b1e8-1fba47d69c2a,pelayanan jelek,2026-05-08 06:30:19,playstore
1545b757-eb82-4b73-8112-e49ff2d05f8c,"saya sudah tutup, karena waktu belanja pertama kali yang dikirim barang yang kotak nya sudah rusak",2026-05-08 04:42:48,playstore
9867d464-5198-4f79-91e8-457a6813886a,"kok semuanya ""tidak tersedia"" sih produknya, padahal udah verifikasi alamat, email, dll.",2026-05-08 02:09:20,playstore
1b9fd934-b98c-403c-993a-c95d82cecf4a,"gabisa ganti sandi pdhl jelas² sandinya bener, salah trs di sistem. mau di reset no nya udh hangus, sebel bngt",2026-05-08 02:02:16,playstore
0f1deb2c-dc0a-4a22-b3ec-b49b2baa1e3f,Setiap mau menambah keranjang sering x Gambar barang lama ditampilkan. 😏😏😏😏😏😏 kurang Puasssssssssss lama lama pindah ke Aplikasi sebelah 😤😤😤😤😤😤😤😤😤😤😤😤😤😤😤😤😤😤 sudah di update tetap aja... padahal ini sudah Pengguna aktif 4 tahun cuihhhhh 😏😏😏😏😏😏,2026-05-08 01:58:59,playstore
0a3b2f7f-60dd-41b6-a3c1-593ac1e88230,aplikasi ini sering gangguan.. saya sulit untuk belanja karena sistemnya gangguan terus,2026-05-08 01:53:12,playstore
7d757284-5245-46f6-a358-7de073cc9256,pelayanan ok pengiriman cepat cuma perlu penambahan metode pembayaran qris ya biar gak ribet,2026-05-08 01:04:21,playstore
4ea8bc99-bdb5-45c8-806c-c32cc0582d37,"lama bangetttt ga ngotak, plastiknya ga genah warna merah",2026-05-07 15:07:29,playstore
6ee3b99e-adf5-4c48-89d1-c597d9e8bc45,"Ini di Alfamart lembah hijau Depok gmn yaa, baru pertama kali saya di perlakukan seperti ini",2026-05-07 15:05:37,playstore
3a23f8d9-55f6-42fd-a10a-40b164843499,Status pengiriman gajelas yang awalnya tulisannya Status Dalam Pengiriman Jadi Pengiriman Tertunda. tiba tiba dapat chat dari pihak alfamart katanya pelanggan meminta penundaan padahal saya tidak mengajukan penundaan pengiriman. lama bangett padahal alfamartnya deket dari tempat saya,2026-05-07 14:44:41,playstore
6df49c69-2d54-455d-aa8f-4caf45200ea2,"saya tidak bisa login, sistem otomatis menonaktifkan nomer akun saya tanpa persetujuan saya",2026-05-07 14:22:46,playstore
84a45cab-b523-468b-b1be-cb6981913112,slowresp,2026-05-07 12:46:28,playstore
a98351af-482c-41f3-84ae-e10e7a6f951d,"keluar sendiri terus,,,mau daftar jd susah",2026-05-07 12:23:23,playstore
e78c6727-4c56-4baa-a1ed-f215b7e0f741,punya ku alfagift nya tidak bisa di buka,2026-05-07 11:26:02,playstore
967ff4fb-4372-4309-8061-7c9f95fc44a2,gak usah pakai aplikasi ini uang saya di tahan berhari hari padahal yang ganguan dia tapi uang konsumen di tahan & mereka suka lempar tangung jawab di suruh hubungi ini hubungi itu sampe mati kendala kita tidak akan selesai,2026-05-07 09:59:21,playstore
0951a12f-b235-40fe-a990-3697381a1759,"awalnya merasa terbantu dgn adanya alfagift, tapi sayang setelah ada kendala, sulit utk menghubungi agen atau adminnya.. pdhal saya hubungi sosmed IG, FB, bahkan chat di aplikasi alfagift sendiri, tapi tidak ada kejelasan",2026-05-07 09:52:00,playstore
cd743ba4-5fbf-4e1d-9a85-f7e9ceed88a7,top markotop,2026-05-07 09:05:18,playstore
323e2b1d-4988-408b-871c-77df6891aabc,kenapa aplikasi alfamart selalu eror dan tdk bisa masuk kalau ada aplikasi HC terinstal di hp. tolong di perbaiki agar bisa pulih kembali cek produk seperti sebelumnya 🙏,2026-05-07 07:33:18,playstore
01d3a43f-2739-4a17-955e-66ccaf95eed9,sangat membantu buat ibu2 yang ga sempet keluar atau mau kirim keperluan buat orang tua yang ga tinggal serumah harganya juga sama dengan offline ditambah ga pake ongkir jadi seneng bgt buat para ibu2,2026-05-07 07:11:55,playstore
1711c2a3-1c5f-4024-bc20-f1c1a16d52e1,"Karena alfagift, belanja sehari-hari jadi lebih mudah + bisa pake poin buat diskon😎",2026-05-07 02:14:06,playstore
be0c77c5-f048-45c9-9cc1-b75b424f9167,sekarang pegawai alfamart songong2 yaa.. makin ksini makin ga ramah pengunjung.. tolong di training lg deh alfaria permai tuh karyawannya..,2026-05-06 23:56:17,playstore
dde0c187-34de-4da7-9994-13a74f4250d1,"promonya beli 2 gratis 1 di aplikasi yang dikirim cuma dua , di kabupaten alfagift lama banget padahal pas CO udah di klik maksimal 1 jam , beli pagi datengnya sore , ada kejadian satu kali juga beli di alfagift barang ga dikirim , ga sampai rumah gatau kemana , udah laporan di chat apk nya alfagift respond nya lama .",2026-05-06 16:33:32,playstore
e651d5c7-571e-43b9-944e-646c044c2295,Pengiriman pesanan saya selalu lama. Bahkan sampai 3 jam. Tidak ada perbaikan layanan antarnya.,2026-05-06 15:50:07,playstore
3b11c7b9-ac58-4410-b809-73a1a892b4c0,PELAYANANNYA 0%,2026-05-06 14:18:03,playstore
11a2e3bd-170a-4ea5-b77d-1d7b8fb9940c,"nggak bener nih layanan, kalo nggak niat mending bubarin aja deh.... saya lagi sakit, saya habis muntah² cairan saya benar² habis, lemas buat jalan, di kost sendirian...cuma pesan 1 air mineral sama 1 hydrococo saja udah nunggu 30 menit lebih ini nggak datang², padahal Alfamart dari sini saja nggak sampe 1km, mana nggak bisa di cancel. kalo saya mati pihak Alfamart mau tanggung jawab? plisss lemes bangett",2026-05-06 13:30:04,playstore
3aeedb63-a163-40fb-8e84-3c401f15472d,"udah bagus aplikasi nya tp buat top up e-wallet 100-500 ribu gk bisa ya, lumayan sampingan",2026-05-06 10:56:21,playstore
73dc9627-e9ed-40fd-94f0-0dcbaf2a5b86,"pernah pesen sekali trus amanah, tapi pas pesen ke 3 kali nya malah tidak sampai ke tangan saya pesanannya, sangat tidak rekomen aplikasinya",2026-05-06 08:08:54,playstore
345d23a0-acd2-4cef-9931-97dc3f15b067,"GK nyamn pelayanan cas servisnya muter2 jawabanya, dn GK amanah, intinya ini parah aplikasi",2026-05-06 07:58:56,playstore
636eeaae-1eb7-4e95-a60d-2dbd4f4f30f8,"Karyawannya Cabang GOR, Sangat Profesional. Walaupun kecelakaan tetap Nganter sampai tujuan 👍👍👍",2026-05-06 06:18:27,playstore
af655275-767a-42a4-8c68-4cd5d3b45a99,yang versi web nya tolong perbaiki tidak bisa memasukan barang ke dalam keranjang,2026-05-06 05:03:05,playstore
795d52b0-2a96-4fa9-bc6a-61256aae1ac7,"tokonya males update restock di aplikasi, terutama saya domisili semarang. pdhl pas ke toko offiline tuh galon le mineral numpuk banyak bgt, sering kyk begini sengaja stocknya di online di kosongin biar gaada yang mesen ya?",2026-05-06 04:10:35,playstore
1ead9afc-acd5-439e-aeb3-b38e69972812,beli parfum gak ada kepala semprotannya,2026-05-06 03:08:17,playstore
e74c6747-dd8c-4b30-9cb6-4f077ee0f4d6,kenapa sekarang beli minyak gabisa banyak²? cuma bisa beli 1🤦🏻‍♀️ padahal dulu bisa beli dusan😌 tolong kembali lagi sistem belanja nya dong kaya dulu ga ada batas pembelian🙂,2026-05-06 01:03:15,playstore
4317ff86-ffea-4951-a245-157cdbb18a64,ini apk lagi kenapa sih? kok keluar trs,2026-05-06 00:35:29,playstore
dc168e06-21c6-4992-a6bf-a3c9daf83f2a,pelayanan sangat buruk,2026-05-06 00:29:35,playstore
d704bec0-f5fd-4bb1-abf2-7c3811d3dd0e,sebenarnya bagus sih. tapi gada salah pesan pembatalan gitu agak sulit kalau cancel apalagi salah alamat,2026-05-06 00:07:38,playstore
b9ff4d79-4e87-44eb-b197-91e3a558275c,"kenapa sekarang kalau mau masukin produk ke keranjang muncul ""melebihi limit pembelian anda"" terus ya? bagaimana mau belanja, tolong di perbaiki donk",2026-05-05 21:09:40,playstore
4c72055b-18ac-40a4-a6a9-2ac665e2b8e5,"pesanan saya dibatalkan sepihak sama alfagif,karna stok gedeg trs direfund sama pihak alfa tapi ditolak sama pihak pusat(katanya) sampai saat ini dana saya blm kembali, tolong solusinya, chat harus nunggu 5-8jam gilaaaa",2026-05-05 20:22:26,playstore
39bb6a34-b992-4244-8169-d58880fbb475,"knpa aplikasi g bisa di buka padhal wifi gue kenceng,aneh aneh",2026-05-05 17:19:33,playstore
0a8d19a3-a97c-4a6d-b27a-2b3c51ff29cc,"Aku kasih bintang 5 untuk Aplikasi Alfagift, karena Belanja untung dengan program Harga Spesial dan Serba gratis di Alfagift, sangat membantu sekali bagi saya yang mempunyai balita,tidak perlu bingung keluar rumah tinggal duduk manis barang dikirim sesuai dengan jadwal yang kita inginkan dan bebas ongkir juga, terimakasih Alfagift🥰,harapanku semoga bisa menikmati belanja untung terus di Alfagift, semoga selalu sukses dan jaya selalu.",2026-05-05 16:23:35,playstore
21ffed48-b611-42da-840f-49eb8ecbbc95,susah login sampe ke blokir,2026-05-05 16:02:24,playstore
0b5215dd-c8b8-4c2c-8ec2-6994c3e4f765,"pesan alfagift estimasi 1 jam tapi udah 2 jam masih belum di terima, layanan gak jelas",2026-05-05 15:06:14,playstore
68b5fe74-7612-48f2-a1c1-90e369071fbd,"pengiriman kurir nya alfamart lama lelet Alfamart indralaya timbangan ogan ilir Sumatera Selatan tuh padahal satu jam setelah pembayaran tapi bisa berjam jam baru dikirim tolong tegur semua karyawan alfamart apalagi alfamart indralaya ini klo bisa pecat aja yang lelet"" ini padahal permintaan estimasi tiba 1 JAM INI BISA LAMA BERJAM JAM INGAT CAMKAN ITU",2026-05-05 15:00:40,playstore
2bfb35a1-4f1b-40e6-8dcd-d092fdca0383,"iyaa tau kok gratis ongkir, tpi gausa lelet juga kali ya, saya udh nunggu dri abis magrib smpe jam 10 malem blm di anter, gak bgtt deh pelayanan nya, mana gabisa di cancel, kecewa bgt sih, pihak alfamart gift tolong di diperbaiki",2026-05-05 14:53:05,playstore
c22d2ce4-880c-42a7-abda-6ddf9ec54cb9,"jadwal yg tersedia ada di jam 6 sore sampai jam 8 malam, tapi sampe jam 10 malam pun belum dikirim, alasannya karna lonjakan transaksi, kalo gitu kenapa masih nerima transaksi di jam segitu kalo kebanyakan pengiriman? ujung²nya dikirim besok, mau reffund gabisa, ngejebak customer ini namanya.",2026-05-05 14:44:08,playstore
43acd9a4-4d1a-4a12-bdcc-6375e57f8421,"Kelakuan karyawan Sukatani 2 Tangerang. pesan dari jam 19:53, pengiriman jam 20:10 tiba² jam 20:45 tertera ""Pesanan akan dikirim ulang, pembeli meminta penundaan pengiriman"". Hampir 1 jam menunggu sampe menunda untuk keluar tiba² di pending secara sepihak dengan alasan yg ga masuk akal.",2026-05-05 14:16:24,playstore
7d96352a-7c4e-4025-8f57-06a58176ecc1,"yg nganter lama bgt, suka banyak alasan. trs mendadak ngulur dengan alasan pembeli ga bisa dihubungi, padahal selalu saya duluan yg chat dan nanya dikirim kapan krn waktunya sudah lewat tapi masih bkn dikirim-kirim. pernah kena marah karyawan alfagift krn pesen alfagift dengan pemilihan waktu yang saya pilih, alasannya krn mereka sibuk. tapi kan waktu yang saya pilih juga memang tertera pilihan dari apk langsung, jadi gimana nih berujung saya yg minta maaf biar kelar😞",2026-05-05 14:12:17,playstore
6a94a041-54a4-47a0-9550-346be558f387,"dude i bought a whole food for like Rp70.000 and they cancelled right then, and now saying they'll return the money by CASH??? i bought it with online money... update that gng",2026-05-05 13:56:27,playstore
3440463e-1c7a-460f-a6e8-d6745970235c,mantap aplikasinya 👍,2026-05-05 13:27:32,playstore
5574062d-c62b-49b8-b863-23bf89b6c712,aplikasi nyahhhh lemott kalii sinyal bagus juga lama,2026-05-05 12:16:34,playstore
dd00764c-b92f-4df1-bebc-9af6ef6ad97a,luar biasa,2026-05-05 11:57:52,playstore
cdb41455-1b9d-481b-b075-bac81981c440,kenapa sekarang apltnya tidak bsa dibuka ya kak padahal saya tidak pernah komplain atau apa pun tolong diberi penjelasan kak,2026-05-05 11:33:54,playstore
569d0b6f-8105-4c83-b67b-170d2ef9943d,tidak bisa mengcacel pesanan lama pengiriman respon tidak baik,2026-05-05 11:12:28,playstore
e9633284-30a1-4e5b-a7c1-5df7c5a4883f,"selain pengirimannya lama banget ,saya pernah belanja tanda sudah di terima pelanggan di Alfa DS subesi tapi saya tidak menerima belanjaan nya bahkan uang nya tidak di kembalikan dan sekarang saya pesen lagi katanya saya tidak bisa di hubungi pesanannya di tunda padahal foto yang di kirim saja foto kapan tau ,karna saya pesennya siang dia dapet foto temen saya yang notabe nya sudah pergi dari pagi",2026-05-05 11:07:41,playstore
105eb6fa-43ef-4df1-8a8e-241848bb98a4,"g suka sama pelayanan tokonya, udh tau salah kirim barang malah nyolot. kirim bukti barang juga udh ttp g mau ngaku salah. bertaun taun pake alfagift baru kali ini dapet pelayanan kek gini . dah lah males pake alfagift lagi mnding pindah k yg lain yg pelayanannya lebih ramah",2026-05-05 11:04:34,playstore
ade1a907-bc2f-497d-92fa-8ca93fd471c1,"kk aplikasi alfagift saya kenapa nggak bisa dibuka ya, di klik nanti loding ada tulisan bahasa Inggris intinya itu disuruh setting alfagift nya, udah dihapus cache nya, hapus data tapi masih aja nggak bisa, padahal aku udah nyaman pakai jasa alfagift, ngebantu banget",2026-05-05 09:53:59,playstore
79700874-dfcd-4ac1-b900-c2cddc9d3abc,PENGAJUAN REFUND SAYA TIDAK DIPROSES SAMPAI LEWAT DARI 7 HARI KERJAAA!!!!! BARANG BELUM SAYA TERIMA DAN UANG SAYA TIDAK KEMBALIIIIII,2026-05-05 09:35:53,playstore
ff574e71-d8af-409c-995c-49e3161a7a2c,"Aku kasih bintang 5 untuk aplikasi alfagift,karena belanja untung dengan diskon yang super wouw di Alfagift... aku beli produk WIZZ penghilang noda dengan harga Rp 36.500 mendapatkan diskon 11.600 . aku cuman bayar Rp 24.900 aja di alfagift.. harapanku semoga alfagift terus memberikan program program yang menarik supaya aku belanja untung terus kedepan nya.. recomended bgt pakai aplikasi alfagift,, tinggal duduk manis aja belanjaan langsung di antar ke depan rumah... 🥰🥰🥰",2026-05-05 09:18:44,playstore
0e9681bc-9094-4eb9-9606-7fe432865bb3,lelet pengiriman melalui alfagift baik di daerah jambi sama Batam apalagi di pengaduan costumer service malah bot yang jawab ga ada lagi manusia yang balasnya sudah minta chat dengan agent tetap ga bisa,2026-05-05 08:10:10,playstore
dce1e03d-7cd9-48c1-abda-7e5321e1537b,"pengiriman sangat lamban, bisa ngaret 12 jam.gudang ujung aspal. sangat lamban, kenapa harus di pusatkan di ujng aspal sih, kesel. jangan di pusatkan di ujung aspal dong.",2026-05-05 07:45:23,playstore
958a08cc-03f2-4f43-b880-bfb52dad8519,ga bisa di buka appk nya kenapa,2026-05-05 06:53:43,playstore
1c26ebf7-e9d9-4e1f-8c7d-526b1e9796be,membantu,2026-05-05 06:50:48,playstore
4987a7f0-3965-43e0-bbdc-08980cc36ab8,aplikasinya lemottt bangettt,2026-05-05 06:33:25,playstore
ea60c8d6-4627-4a54-b7c2-fa523cd6a0bc,"bukanya nambah bagus,malah ga bisa masuk,tools bermasalah jadi keluar sendiri dari aplikasi",2026-05-05 05:56:03,playstore
bddb8cd0-9c1a-4355-a4a7-c12849e28ce0,belanja sering dpat diskon.,2026-05-05 05:52:50,playstore
952ef42a-1dca-46ce-9e77-0663027c78ed,"ini kenapa ya apk alfagift ku tiba"" eror g bs kebuka ( D30001 ),,,akunku diblokir apa gmn ini",2026-05-05 03:37:32,playstore
57ebbf5b-4787-4cd1-96b7-34788cbab1eb,barang yg di pesan tidak diberikan,2026-05-05 02:40:05,playstore
3c727af2-63f4-41e3-9fa3-3d133901e183,"aplikasi error terus, tiap buka apliaksinya error",2026-05-05 02:19:17,playstore
bf296e65-e806-4825-9556-ceb5a0958957,tolong diperbaiki lagi masa mau chekout harga berubah daritadi ga bisa payah,2026-05-05 02:13:10,playstore
14ea6dde-9134-483e-bd47-22cd507cf53d,"aplikasi skrng loading banget, pake web sama loading.. pilihan product tidak update.. di masukin keranjang harga berubah. suka kembali ke menu awal dengan sendiri",2026-05-05 02:07:31,playstore
edf3ba12-a159-4d98-a37a-1cad32ddb4ac,tadi pesan sosis sama mie kremes dengan promo beli 2 gratis 2 tapi pas datang gratisan nya gak ada di chat toko nya gak di balas,2026-05-05 01:48:52,playstore
ca35d142-3058-453e-865f-29d66cbd2b1c,kenapa ya sekarang alfagif tdk bisa di bk bagsinsna caranya kl bolak balik kekuar terus cb di bantu terima kasih,2026-05-05 00:14:18,playstore
7def1c81-b04a-4de4-8480-b68c418f0472,"Udah bisa beli pesan antar sekarang produk retailnya, cuma belum kaya toko online sebelah. Semangat ya!",2026-05-04 23:38:23,playstore
9dc7f3c5-f536-4628-a2b1-d43388fed01b,harga sangat membantu,2026-05-04 21:35:02,playstore
1e3e3e3c-4587-44ba-9a48-68e7650a5e95,Bapuk!,2026-05-04 17:24:30,playstore
5a370317-6d44-4ac7-b029-4b1676fa0b41,"pelayanan cepat,saat ada kendala di handle semestinya goodjob alfaa🔥",2026-05-04 16:47:02,playstore
b94a362e-b6ce-4bad-a292-992a5da1273d,"pengiriman terlalu lambat, kalo memang ga niat delivery ga usah bikin delivery udah, orang pesen buat delivery biar ga ribet keluar rumah ini malah ga di kirim², katanya 1 jam setelah pelunasan, giliran di tunggu² sampe 3 jam belum datang, orang udah kelaparan nunggu ga Dateng², chat cs aplikasi jawabannya sama mulu tolol",2026-05-04 15:59:40,playstore
4c4533b5-beec-465b-b49e-6463a0e0e69b,"pengiriman super lelet, mesen jam 8 malem dianternya besok pagi,, mantap",2026-05-04 15:52:20,playstore
2b03f9ca-7964-4bc5-b01a-d09ddf176a6a,aplikasi eror terus tidak dapat digunakan,2026-05-04 15:00:34,playstore
83b4f5b9-1c8a-4a46-809e-f5d0e06cd053,"pengiriman sama respon admin sama sama lemot, padahal toko sama tujuan ga terlalu jauh",2026-05-04 13:31:59,playstore
a0a8991b-7269-4236-a80e-963b8d9c763b,"Alfagift [D30001] Vulnerable Tools Detected Not allowed to launch the App using ""com.lbe.parallel.intl"", app will get closed. (Remove tool from Settings > Apps) tolong di bantu saya mau buka aplikasi tetapi muncul keterrangan tersebut jadi tidak bisa buka aplikasi",2026-05-04 12:46:25,playstore
6ea234ef-b0a8-4ba0-a376-7a6f76a80fd1,"oh iya min, ada kelemahan di bagian notifnya, notif dari merchant cenderung masih lemah, dan rawan ketimpa notif notif noise lainnya, makanya sering kelewat kalau barang sudah sampai, dibanding notif status pengiriman dari e-commerce lainnya, notif alfagift ini masih tergolong agak lemah statusnya, oh iya ini juga, kadang notif masuknya masih suka delay beberapa menit",2026-05-04 10:46:12,playstore
f5992761-26d3-4124-97ce-0138a17e2932,"setiap buka aplikasi gabisa kebuka ada ""D30001""",2026-05-04 09:40:55,playstore
b606ce00-5633-46d1-832f-345a1e3ab415,aplikasi tidak bisa digunakan,2026-05-04 08:54:38,playstore
eba82741-4d6e-43b0-a853-c3dac3c1a0a1,knapa jadi ga bisa beli rokok di app juga di web?,2026-05-04 07:29:25,playstore
e344b39d-7b1d-4486-bc62-62a7f8d24289,membantu sekali,2026-05-04 06:07:08,playstore
ce73d324-0429-4e97-be3d-3520084a5692,"di aplikasi nggk bisa dipesan, diarahkan ke web dan produk yg saya ready stock semua di web tapi nggk ada satupun yg bisa di cek out di web, betulkan lagi system nya biar nggk terlihat bego dan terkesan nggk berkualitas",2026-05-04 05:46:55,playstore
23b09b0a-7475-4c49-8210-32a38459d68e,"Aku kasih bintang 5 untuk aplikasi Alfagift, karena Belanja Untung dengan Program Voucher Diskon & Cashback di Alfagift. Seneng banget belanja hari ini dapet double untung. Ada voucher diskon 10rb & tambahan BENERAN CASHBACK 10rb. Belanja kebutuhan harian jadi jauh lebih hemat, aplikasinya mudah digunakan, dan barang langsung sampai ke depan rumah. Semoga Alfagift terus mempertahankan fitur belanja yang banyak untungnya & promonya makin melimpah supaya Bebas Belanja Untung terus kedepannya.",2026-05-04 05:44:11,playstore
25046c57-f658-483e-a57d-6bb58f0e93e9,"ngga membantu sama sekali, yang ada belanjaan saya hilnag dikirim entah kemana",2026-05-04 05:25:16,playstore
605b161d-6c5d-46e8-91b3-92f9f9ff473e,error tidak bisa di pake,2026-05-04 04:04:00,playstore
56f54124-20f0-451d-934e-76ee4404ad62,"First time pake alfagift, bener² kecewa. Pertama pake karena mau bayar tagihan listrik tp ternyata ada gangguan akhirnya minta refund. Dari hari jumat sampe sekarang udah senin lagi, duit refund belum masuk. Chat cs di apk, di ig, official alfanya ga ada respon malah ai yg jawab! Gw ga butuh jawaban ai!!!",2026-05-04 02:47:17,playstore
43e2e11e-3f10-4670-a394-f38866a57aef,ok,2026-05-04 00:42:26,playstore
6e116897-ffac-41a5-ad71-4f3348e47c1d,"setelah di update semua produk tidak tersedia, apa yang mau di belanjain dong kalo gini? terus makin berat juga halaman utamanya lag banget",2026-05-03 23:15:00,playstore
0fc9574c-0fae-45d0-91a8-f2e347b61170,menyenangkan,2026-05-03 17:59:33,playstore
3d3bdfb0-ae69-404b-88dd-7d2783ffbf66,"Jangan download aplikasi ini menipu, membuat menunggu lama, sya pesan jauh dri jam 9 malam, tp jam 9 karyawan mngabari dan malah minta pesan ulang yg akan dikirimkannya besoknya, buat apaaa haah?. Lalu yg bisa cancel cuman pihak sana, dan uang tidak dikembalikan (dg cepat dan secara transfer) sbgmn saya mengirimnya. Katanya tunaii. Uang saya tidak kembali ini? serius?. Menyesal banget. Tidak usah buat aplikasi jika karyawan dan sistemnya juga tidak memadai. Merepotkan dan membuat kecewa parah.",2026-05-03 15:43:32,playstore
112b42de-8354-4228-972b-f92c7e8d7273,pelayanan nya lambat.,2026-05-03 15:12:28,playstore
91b4e24b-ab43-485c-a980-aa7e19990c7b,"Makin kesini pesen 1 jam baru datang 4-5 jam kemudian, di chat slow respon juga. Saya sudah 3 tahun pakai alfagift. Baru sekitar 6 bulan kebelakang bener2 kecewa dengan pengiriman yang waktunya selalu tidak sesuai !!!!",2026-05-03 14:43:50,playstore
02c6fe47-23ac-4c91-8556-74ed87312ca0,"sebenernya aplikasinya udh bagus, dan untuk pengiriman emang tergantung tokonya, alfa di daerah rumahku klo nganter cepet , giliran Alfa deket kostku lama bgt, udh pilih pengiriman max 1 jam dikirimnya 3-5 jam kemudian, udh gitu gak responsif lagi, tolong ditegur ya Alfamart Tlogoadi, pengiriman lelet bgt",2026-05-03 14:29:57,playstore
1849fbf5-8d4c-40ab-8215-bd96238d6aae,kenapa selalu sering selisih harga di aplikasi dengan di strore?,2026-05-03 13:48:38,playstore
3803b7b5-8352-4c53-8cac-cf1dff074c9f,"di Riau khususnya Indragiri Hilir sudah tidak bisa pick up apalagi delivery,jadi makin ribet mau belanja di Alfamart 🙃dahlah koperasi merah putih aja",2026-05-03 13:13:20,playstore
dbe9dba6-c15e-4e49-a0af-6b52f8c6f1a1,bangggsaaatt gw cmn instal app cloner bukan buat alfagift tapi malah ikut ikutan gbisa dibuka anjiinnggg lebay banget ngennn,2026-05-03 13:09:48,playstore
020f60af-9180-4195-8f6b-2d9828aa8d2d,harga terjangkau.. banyak promo.. banyak vocher.. tinggal pesan tunggu di rumah.. sampai deh .. cocok banget buat orang yg mageran kaya saya ..😁,2026-05-03 12:44:17,playstore
b45016f1-cae8-439d-b272-78bfda024929,ga bisa digunakan katanya bisa terdeteksi jadi disuruh hapus..kok begini ya..dulu ga gini loh (saya mau kirim screenshot yg buat aplikasi ini diminta dihapus) coba bisa dibantu,2026-05-03 12:40:09,playstore
bd478b82-3648-41de-b0ee-10b0afae1506,jelek bngt ga lagi lagi dah pesan di apk ini masa pesan dri jam 3 sampe mlm ga di antar? dichat ga dibls minimal nih ya dibls biar orng tau klo ga dibls kan gatau orng aneh apk teraneh gjls najis,2026-05-03 12:22:18,playstore
43da6118-05ae-416b-ae5c-813b82422fb2,"pengiriman gajelas, gaperna mau nundu pengiriman, tapi dibilang pembeli menunda pengiriman.",2026-05-03 12:09:38,playstore
43b3b39d-1443-422e-94ef-39d9127e51ed,"saat keluhan ,respon cs nya sangat menjengkelkan terkesan menyepelekan keluhan pengguna",2026-05-03 11:54:55,playstore
0389ac01-c7ce-4bab-a487-78db57ce5f6c,ok,2026-05-03 11:10:50,playstore
b4549de5-5a7b-4e78-99bc-4f0ae0ac4c48,LAMAAA pengirimannnyaaa tidak ada respon pas di chat tentang Pengiriman,2026-05-03 10:32:53,playstore
17b5eff5-5b91-4a42-a0e8-6d0e6fefc2c9,"sangat membantu sehingga saya tidak perlu repot keluar rumah lagi, banyak promo juga, dan tidak ada biaya pengantaran, the best lahh 🙌🏻💗💫 tapi tolong dipertimbangkan untuk menambah metode pembayaran melalui bank BRI/Briva hehe, soalnya saya agak malas kena biaya admin kalo harus tf ke bank lain 🤭",2026-05-03 10:18:18,playstore
66a91ee7-6a7d-4b4a-ac0c-8cecd9458b73,kenapa ini beberapa hari aplikasi tidak bisa di buka?,2026-05-03 10:17:01,playstore
1919a6d0-af4a-4ecb-a032-a07c767fca48,"banyak promo. produk lengkap. pengiriman cepat. produk sesuai dengan pesanan . kemasan pengiriman rapih dan bersih. terimakasih alfagive belanja kebutuhan sehari"" tidak bingung lagi karna mudah dan nyaman bisa lewat online atau offline. pengiriman 1 jam sampai. 😃",2026-05-03 10:09:02,playstore
fde7d1fe-db80-4a49-af29-d14e4af12599,"sumpah enak banget pake alfagift gampang juga pembayaran via macem macem, cepet pengirimannya suka bangett🌟🌟🌟🌟🌟",2026-05-03 09:36:59,playstore
f03f5424-e6e6-464b-8672-ac25052244ed,"aplikasi bagus, UI nya juga enak, pelayanannya juga oke ga mengecewakan, barang selalu ada. mantap. cuma annoying tuh notif ""henye elfegif"" dan promo promo ga jelasnya, ga bisa pilih/setting cuma notif penting pas pengantaran belanja aja",2026-05-03 09:26:51,playstore
4770bcfd-9a34-456d-9359-f09e940ee9c9,aplikasi buruk,2026-05-03 09:17:05,playstore
b5e5f35c-3b58-4bc9-92d2-c767a1dc8151,jgn pernah pake apk ini untuk belanja di antar ke rumah. pesan jam brp nyampe nya entah kapan 😩🤯😩 bisa 6 jam lebih. Dan setelah kita pesan kita harus nunggu dengan penyesalan yg dalam mempertanyakan keputusan bodoh kita ngapain juga,2026-05-03 08:34:14,playstore
786b40ca-f070-4294-a7b2-8ea8b2951800,"Tolong dong alfagift, masa saya pesan dari jam 12 siang, sampe sore jam 4 belum dateng juga. Padahal pake pilihan 1 jam sampai, sudah lunas juga. Kalo bukan karna dibutuhin sih gpp yaa santai, lah ini saya pesen susu anak, sampe susu yg ada dirumah habis stok nya tp belum sampe juga",2026-05-03 08:27:07,playstore
8881a7b3-6cd5-43a9-8967-23474216e542,"sebenernya aplikasi nya bagus dan lebih praktis, tapi mines nya selalu salah alamat mulu, ngeselin jadi nya, padahal udh kasih tau alamat yg asli nya tapi selalu salah alamat",2026-05-03 08:25:27,playstore
6d1c46a2-1816-4ff2-954e-b6ae063c3b8b,nggk ada opsi batalkan pesnan. ribet,2026-05-03 07:58:41,playstore
efdfd1c4-e034-4610-928d-d8441f86a7d6,web nya di benerin biar bsa beli rokok,2026-05-03 06:12:16,playstore
2b00ab64-6474-4478-904f-8cee8db8657d,"mau daftar akun, verifikasi dg geser gambar, tidak bisa. tidak ada verifikasi dg cara lainkah ?",2026-05-03 04:00:33,playstore
a213adac-eddb-40b7-9df7-dcb1f59ce8bd,aplikasi lelet saat ganti² toko karena tidak semua toko memiliki stok barang yg saya cari,2026-05-03 02:52:12,playstore
1352be12-7635-4222-89c6-107e90e335d2,orang sudah di tulis nomor nya tapi suruh ulang lagi,2026-05-03 02:05:10,playstore
e70f98a8-37e9-4ca1-a35c-c6fbaa2c769d,"updatedan baru,malah aplikasi ya ngak bisa dibuka... suruh tidur aja IT YA,",2026-05-03 01:46:54,playstore
64f107bf-e7a4-4367-b916-ef05ee0d13e8,"alfagif sangat bagus dan membantu , pengiriman cepat, dan banyak promo, anti ribet dan mudah",2026-05-03 01:38:50,playstore
b9892157-c8a1-40c1-89c9-f6d6ef964f40,"Astaga, setelah diupdate ke versi terbaru, aplikasi tidak bisa digunakan. Saya tidak menggandakan alfagift ""didalam Parallel Space"" dan juga tidak didalam sistem bawaan hp. Hanya ada satu aplikasi alfagit dihp saya. Vulnerable Tools Detected. Not allowed to launch the App using ""com.lbe.parallel.intl"", app will get closed. (Remove tool from Settings > Apps)",2026-05-03 00:44:07,playstore
9354e03d-68e0-441f-b0c9-cd1c7c8f9a1e,"Ketika unistall dan reinstall di HP yang sama, aplikasi terdeteksi di perangkat lain bla bla bla padahal perangkat masih sama dengan yang digunakan awalnya. Beda banget sama aplikasi Indomaret Poin, verivikasi whatsapp, balik ke aplikasi masukin pin, sat set masuk ke aplikasi beres, cepet banget. Kayanya ini yg dipakai Alfa aplikasi versi murah jadi agak kurang responsif dan ribet.",2026-05-02 23:46:52,playstore
9bb365cc-eb66-4504-8f35-96132e215584,LUAR BIASAAAA😍😍,2026-05-02 23:09:37,playstore
ce4ea482-6b61-44a9-a9d7-1b1feceace61,update terbaru koq memdeteksi device root ya? padahal sudah dicek tidak.ada sistem yang root.. dan aplikasi mbanking lain aman2 saja..,2026-05-02 22:16:43,playstore
d0b6eae8-84b4-4a90-8956-cf1ab0ed74ae,tolong untuk kurir dan pengirimannya di benerin ini tidak tepat waktu sama sekali parah,2026-05-02 15:02:12,playstore
97e821e4-568e-4a24-b9d1-ffe02fd616ed,"Pengiriman SANGAT LELET pesan dari jam 5 sore sampai jam 10 malam belum juga sampai barangnya, pernah juga pesan dari jam 10 Pagi atur pengiriman 1 jam setelah pembayaran tetapi sampai jam 9 malam belum juga dikirim, pesan tidak di balas dilihat saja tidak. LELET",2026-05-02 14:51:02,playstore
d134da25-036a-4003-a1b3-5fb1a9962bcb,"buat apk sm alfa yg bener si ok tapi ada jg alfa yg sangat sangat ga banget, lelet no respon lg",2026-05-02 14:02:14,playstore
c1393b6c-d5ec-4b09-b890-f28f74f83f78,chat suka ceklist 1 hrapan ke depanya bisa lihat posisi kurir,2026-05-02 13:33:17,playstore
7e3a46a9-1cb8-4849-a18e-ad0c770c1d0b,YG BATALIN DRI TOKO UDH PAYMENT TP REFUND 3HRI BLM ADA KEJELASAN,2026-05-02 13:18:24,playstore
6b8995b2-fc59-4c53-8966-89bce2c44087,kecewa dengan pelayanannya menunggu pesanan malah dianggap kita menolak atau menunda pengiriman padahal kita sedang menunggu,2026-05-02 13:16:57,playstore
5c0f0ea3-3f5a-45d3-ace7-a902d3afd41a,"kenapa tiba2 keluar ya aplikasinya, masuk lagi malah tidak bisa",2026-05-02 12:59:51,playstore
fbdf5d54-d064-459c-8ae1-3f20b073ceac,Mantap kawan voucher nya ga ngotak🤤🤤🤤,2026-05-02 12:52:44,playstore
98c9be2e-3617-4e27-b742-57a6860b284f,"aplikasinya sih bagus, tapi admin yang ditoko tempat saya sering pesen tuh ga responsif. udah berkali kali kejadian barang kadaluarsa, salah atau kurang tapi jadi saya yang mesti bolak balik ke tokonya. percuma dong kalo masih harus ke toko juga. ini juga ada barang yang kurang, sampe sekarang ditanya gimana malah gaada respon udah berjam-jam.",2026-05-02 12:29:15,playstore
ce074425-d5e3-4cb3-915e-2da91b0d0043,SELALU TELATTTT,2026-05-02 12:26:11,playstore
26aea705-a221-413e-9a15-a466f2326d13,"Waktu pemesanan dan milih pembayaran COD, diharuskan milih ketersediaan nominal uang dan harusnya yg antar sudah ready kembalian tapi waktu sampai tidak ada kembalian dan pembeli yg harus cari uang pas. sampai kebingungan. Terus apa gunanya milih nominal ketersediaan uang kalau ternyata tidak ready kembalian?",2026-05-02 12:14:50,playstore
8954034a-1932-44d1-9b39-e131f6ebb6f0,saya pesan barang ada yang kurang dan tidak bertanggung jawab,2026-05-02 09:56:55,playstore
a25ca69a-d826-4d5e-92e0-7c9080487296,mantep,2026-05-02 09:12:38,playstore
52a2560b-9ab6-4c51-9c22-a3d61ebd9148,"tolong perbaiki lagi soal pengiriman terutama alfamart beji tulis, kab batang jateng, pengiriman lelet, gak bisa tepat waktu, pesan jam 9 estimasi sampai jam 12 - jam 2 siang sampai sore ini belum sampai"". kurirnya niat ngirim gak sih",2026-05-02 09:11:58,playstore
326b5a13-ff39-4e4f-8a98-62ead9f80b4b,bagus si aplikasi nya.. tapi kok ada pembelian yg tidak aku lakukan dalam sehari ada 5..kenapa ya min? soalny dulu kartu ku ketinggalan di toko Alfa,2026-05-02 08:25:09,playstore
ce00b6d6-823f-4281-9eeb-f4b0bad276f4,"saya psn barang dari jam 8 pagi butuh cpt. mmg ad tulisn psnn sdg byk jd pengiriman agk lambat, sy pilih jam 10 yg merupakn pengiriman tercpt. sy tunggu smp jam 12 tdk terkirim, tdk ad update jg. sy chat tdk dibls. akhirny sy ajukan refund, tertulis proses pengembalian diajukan. jam 15 kurir dtg membawa belanjaan sy. sy tidak terima. kurir bilang ysdh dia ganti pakai uangnya dia. sistem alfagift ini gmn sih masa kurir lg yg jd korban udh ujan²an, nalangin pk uang dia. sistem refund diperbaiki!!!",2026-05-02 08:15:55,playstore
6cdb8d72-66d2-412f-a0e5-c976a36fe302,"bagus tapi kenapa tiba tiba ada pemberitahuan ""pembeli meminta penundaan pengiriman"" padahal saya ga minta, ga jelas ih",2026-05-02 08:09:24,playstore
2305b9ee-e7bf-4213-a321-1c96f1b711ef,Pengiriman nya ya ampunnnnn lelet banget .. buat apa ada waktu pengiriman kalo ternyata lelet nya bisa sampe 3-4 jam,2026-05-02 07:40:29,playstore
baba0edb-b777-4dd3-92ed-57d582d2100d,"Minta tolong untuk pengiriman diperbaiki. buat apa gunanya ada pilihan, pengiriman maksimal 1jam pembayaran tapi kalo ngirimnya berjam2. pesan pagi jam 8 dikirimnya bisa sore jam 4 bahkan malam jam 6. pesan produk online estimasi 1-3 hari dikirimnya 4 hari itu pun saya spam chat terus. pihak toko padahal online tapi gk respon, keluhan pelanggan dibiarin gitu aja. dan ini bukan 1,2, atau 3 kali aja tapi berkali2. niatnya biar cepet malah semakin memperlambat. mohon diperbaiki",2026-05-02 07:14:18,playstore
e7c02725-eff8-437b-a5e3-ad2e22818260,terbaik!!,2026-05-02 06:59:43,playstore
3ce9e8c1-87f4-4826-9696-78ed37aa2343,kenapa sih sekarang aplikasi Alfagift si slide engga bisa bergerak lagi kek ngebug gitu tolong dong perbaiki lagi aku tiap bulan loh langganan kebutuhan sehari hari kaya gini jadi terganggu jadinya,2026-05-02 06:47:45,playstore
2d318c3b-b143-4f11-a00a-fab5e2ee23b5,sekarang tidak tersedia galon masak dari puasa sampai sekarang udh hampir 2 bulan galon leminerale masih tidak tersedia aja,2026-05-02 06:33:11,playstore
0407d426-74b3-4356-a744-675c849e40bf,belanja lbh mudah,2026-05-02 06:09:19,playstore
70f209e7-53d4-4312-bf8c-6a9257df88ab,"Aku kasih bintang 5 buat aplikasi alfagift,karena belanja untung di program promo susu hebat dan cashback terus. Slama jadi member sngt diberi kmudahn dlm brbelanja,sya sring beli susu formula bisa sminggu 2x klo ada program cashback sama tebus murahnya bisa untung banget,ga tanggung CBnya bisa dapet double.Udah gitu klo lagi males pegi k alfa sya pilih dikirim brangnya k rumah udah gratis ongkir dpt cashback jg.Kdpannya mgkn ada pilihan cancel pesanan,supaya klo pngiriman lama bisa ganti pickup",2026-05-02 05:59:59,playstore
337ccd6f-102f-4755-973a-71dc039f7f77,"kak, aku mau nanya dong. kalau di Alfamart itu ada pulsa 30ribu nggak kak? terus bisa ga lewat alfagift kirimnya soalnya aku sakit tidak bisa kemana-mana kak. terimakasih tolong dibalas ya kak",2026-05-02 05:52:51,playstore
869f6b24-4437-4466-8c5d-1a046c4a1a3d,logout sendiri aja gmn sih org mau beli jga,2026-05-02 05:12:10,playstore
bfcdab1f-6e72-4078-9145-1020f49e8e25,habis update force close terus padahal ga ada aplikasi yg aneh². aneh ni aplikasi,2026-05-02 04:41:59,playstore
a4e7f539-dc7f-45c4-845f-9cab37166472,"plis pengantarannya lama, milih yang maksimal 1 jam, dateng lebih dari 1 jam terus (ini kejadian udah bbrp kali) pernah beli eskrim, niatnya buat sekitar jam 6 sore (aku pesen pas jam 2 siang) EH MALAH DIKIRIM 1 JAM SETELAHNYA, JADI ESKRIM KU CAIR karena ga ekspek bakal dikirim saat itu juga tolong dibenahi ya kak untuk ketepatan waktu kirimnya pernah dimarahin kurir alfagift juga karena dia salah alamat",2026-05-02 03:21:39,playstore
0474a486-6aeb-4cc2-94d5-d9a9526b7f1d,kenapa akun aku g bisa masuk keterangan D0 gitu. . artinya apa ya,2026-05-02 02:47:55,playstore
39a03478-9036-4130-b203-eebcb040e0af,makin di update makin ga bisa di buka aplikasi close sendiri,2026-05-02 02:43:47,playstore
ce381d0c-3d15-49af-a176-a9b595abadd5,aplikasi erorr,2026-05-02 02:36:24,playstore
a40b9f8d-ed71-4e11-a383-a2ab5deacef9,"knp cod harus maksimal 50 RB kita yg jarang punya saldo gmn, males ah",2026-05-02 01:10:48,playstore
52e06872-0d60-4f9b-8bc8-2ebdd7486065,"Q kasih bintang 5 u/ aplikasi alfagift krn belanja untung dgn pakai program tebus poin vaganza serta promo harian di alfagift❤️😘 Program tsb seringkali saya pakai krn disetiap belanja di alfagift dgn memakai member Alfa bisa kumpulin banyak poin u/ ditukerkan dg berbagai macam hadiah & enjoy banget belanja diAlfa krn promo setiap hari yg selalu berubah ubah di berbagai macam produk Alfamart yg pada akhirnya kalap dg harga promo, berharap agar tetap kedepan belanja diAlfa tetap menguntungkan❤️🥰",2026-05-01 17:54:23,playstore
8ffd761c-cd84-4adc-9eba-1af30ccce0a5,barang kebanyakan tidak tersedia.padahal aku butuh barang nya tpi banyak yg gak tersedia.saran aku banyakin barang nya yaa biar belanja nya lebih puas,2026-05-01 14:32:19,playstore
2522ab5a-e375-431f-b844-8267bd344215,"Aku pakai Alfagift itu lebih ke buat kondisi lagi males keluar atau butuh barang cepat. Lumayan kebantu sih, apalagi ada opsi ambil di toko terdekat, jadi nggak perlu nunggu lama. Beberapa kali juga dapat promo yang oke. Kadang masih agak lemot pas dibuka, tapi selebihnya aman-aman aja dipakai. Ke depan semoga aplikasinya makin lancar, nggak gampang lag, dan pilihan barangnya makin lengkap biar makin enak dipakai.",2026-05-01 14:16:32,playstore
c086d279-35a4-4881-b075-9973fc26b162,"aku kasih bintang 5 untuk aplikasi Alfagift karena Belanja Untung dengan Program Tebus Murah dan Cashback di Alfagift. Love banget, udahlah gratis ongkir, banyak diskon, pengirimannya juga sat set. Aku udah hemat puluhan bahkan ratusan ribu sejak pakai Alfagift. Praktis! Semoga Alfagift selalu ada buat kaum mager sepertiku hihi. Sukses selalu! Terus berkembang dan berinovasi.",2026-05-01 14:16:26,playstore
27f619fd-067a-4497-b954-984b3b69d7ea,Suka,2026-05-01 14:08:47,playstore
64769ad7-ff3b-443f-8f9e-d017d11e2fe0,"pengirimanya sangat lelet ,mohon di perbaiki lagi sistem pengirimannya ,kami konsumen menunggu barang karena beda beda peruntukannya ,mohon di perhatikan alfamart.",2026-05-01 13:56:42,playstore
691c1c6d-24a2-4b1e-a93d-770c69849e11,"Aku kasih bintang ⭐⭐⭐⭐⭐ untuk aplikasi Alfagift, karena belanja untung dengan program Harga Special & Gratis Ongkir di Alfagift! Pengalaman aku belanja di Alfagift enak banget, praktis tanpa harus keluar rumah. Banyak promo menarik kayak diskon, tebus murah, dan cashback yang bikin belanja jadi lebih hemat. Aku kemarin beli beberapa kebutuhan, harganya jadi jauh lebih murah karena potongan harga yang lumayan. Pengirimannya juga cepat, barang sampai aman dan sesuai pesanan. Yang paling aku suka,",2026-05-01 13:42:59,playstore
1d2c3419-9bea-4336-8f61-3d9667ceea5a,"alfagift sangat memudahkan aku untuk belanja kebutuhan dapur maupun cemilan, yang aku suka banget gratis ongkir 😘 dan mudah aplikasinya digunakan beberapa waktu ini kendalanya beli minyak melebihi limit pembelian, mungkin karena aku sempet masukin voucher potongan 10 ribu kalo pake blue bca tapi ternyata ribet jadi ya tetep ada di pesanan tapi gak jadi checkout make voucher potongan tsb, jadi gak bisa beli minyak di pembelian setelahnya my hope buat alfagift lebih baik lagi dan jayaa selalu",2026-05-01 13:22:58,playstore
543e9f3c-8358-4541-86e6-fac5356005d8,"pengiriman lama, slow respon. pelayanan buruk",2026-05-01 13:09:24,playstore
cbf4f345-d7e4-450e-8044-55ad3099aff6,pengiriman cepat. kurir nya ramah.,2026-05-01 12:19:29,playstore
59d2a1b3-824d-4cfa-8711-ed44eecad16f,"setiap pesan sesuatu yang ukurannya besar yang datang malah ukuran sedang atau kecil, sampenya juga ga menentu kapan tolong buat lebih diperhatikan lagi yaa pesanan pembelinya, jujur kalo mau dilaporin ribet sedangkan pas pesen lagi tetap salah ukuran, tolong diperbaikin yaa kalau sudah diperbaikin bakalan ku kasih bintang 5 juga kok, maaf yaa kalau ada kata kata yang tidak mengenakkan.",2026-05-01 12:14:53,playstore
ca9e3bb3-b60e-447b-a728-ed021cbd7b3b,"tolong dong ini aplikasinya dibenerin pesen barang, trus pengirimannya ditunda alasannya karena (pembeli meminta penundaan pengiriman).. yang aslinya gw ga pernah request buat nunda. ya kalo ada kendala info dong, masa tiba""status pengiriman, trus jadi pengiriman tertunda",2026-05-01 12:13:05,playstore
298a24a9-1391-46bd-ae23-64f39d42c374,"Banyak diskonnya, mantul banget belanja di aplikasi ini",2026-05-01 12:00:38,playstore
48631f8a-05b2-4c73-9bba-87b921a54e09,"Kalau harga di Aplikasi Ok, Cuman pernah beli di gerai Langsung Tulisan di barang 39.900 di Kasir 50.300. Agak kecewa sebagai member",2026-05-01 11:40:48,playstore
669de206-8931-454c-9ac0-cbbfaa75ff33,"males banget dikirimnya lama, terus kalo udah order gabisa dicancel",2026-05-01 10:49:41,playstore
51b20570-5301-4f14-a605-c169d2815a76,"gagal dapat sabun yang promo gara salah kasih titik lokasi, suwe bet gw",2026-05-01 10:33:57,playstore
d1e5b2b0-2921-48ab-8e95-e54a5c97dd0c,sudah yg terbaru tp tiap dbuka ga bisa selalu ada tulisan alat rentan terdeteksi dan app ketutup sendiri..,2026-05-01 10:20:22,playstore
14e49b2d-5820-479f-b0a8-0253d91045a8,"lama banget ngirimnya, padahal pilih yg 1 jam setelah pembayaran. Tokonya N641 simpang Raya cipanas",2026-05-01 09:15:46,playstore
14737467-d025-4d33-be23-80f6e25b84a9,"pengiriman lelet, padahal jarak 500 meter, estimasi 1 jam, kenapa nyampe 2 jam lebih? gaada alasan kalian buat ngirim selama itu, apa kalian bikin 100 loyang pizza? nggak kan? kalian nganterin produk jadi. gak perlu masak, tinggal ambil, tinggal antar. kenapa 500 meter bisa jadi 2 jam lebih?",2026-05-01 08:47:59,playstore
653b4d0d-51a7-4ddf-b180-3ae1b938b18e,"aku kasih bintang 5 untuk aplikasi alfagift ,karena belanja untung dengan program harga special dan tebus murah serta cashback apabila kita berbelanja minimal 75.000. ketika saya berbelanja menggunakan program harga spesial bisa mendapatkan banyak potongan harga dan itu menjadi salah satu alasan saya sering belanja menggunakan alfagift . harapan kedepan untuk alfagift, semoga diperbanyak program2 yang bisa memberikan kepuasan berbelanja bagi customer dan semakin untung.",2026-05-01 08:13:36,playstore
9301ca38-0775-49a4-aab3-967636e7c2db,Tolong hadirkan fitur pengembalian dana untuk pesanan yang kurang. Hari ini orderan saya kurang 2 produk. Bingung cara komplennya dimana.,2026-05-01 08:10:17,playstore
1ad28902-88ed-4681-87f7-c4d48e0d4479,"Produk yang dijual tidak real-time sehingga terjadi refund yang sangat lama, 7x24 jam hanya untuk refund, sangat konyol. CS dihubungi lewat aplikasi dan email gak dibales. Yang ngasih rating B5 palingan bot sama buzzer.",2026-05-01 08:08:32,playstore
4ab0656c-4b30-4607-838d-5eb02b1c8ea7,belanja lewat alfagift sangat mudah dan membantu apalagi kalo ada promoan / bug bisa order lewat alfagift dan nanti kita pickup 😍😍 jadi ga kehabisaaan dehhhh . gaperlu muter muter Alfamart kalo ada alfagift tingal cek kesediaan barangnya trs ambil deh . membantu bangettt pokonya .,2026-05-01 07:55:58,playstore
6b5f29a9-3ea4-4196-b72b-81453b9d02a5,cuma gara gara muncul keterangan com.ludashi aja ga bisa masuk,2026-05-01 07:11:49,playstore
b813cbfe-b709-4b5f-b5f4-35ee4d3ef580,"Aku kasih bintang 5 untuk aplikasi Alfagift, karena Belanja Untung dengan program Harga Spesial alfgift. ​Pengalaman belanjaku jadi jauh lebih hemat karena aku sering pakai promo Harga Spesial bubur bayi, mie instan dan a voucher cashback 10 ribu minimal belanja 75 rb. Barangnya lengkap, aplikasinya gampang dipakai, dan yang paling penting barang langsung diantar sampai depan pintu rumah. ​Semoga ke depannya Alfagift semakin banyak promonya biar makin hemat dan puas belanjanya aamiin",2026-05-01 07:09:44,playstore
a973f607-1b57-4cac-97a3-199be5becbb4,nyawit,2026-05-01 06:32:32,playstore
7784ffb5-5019-4843-83d0-7a02b7fce1ed,hp saya dibilang root dan tidak bisa membukanya. padahal sebelumnya2 bisa. dan hp saya tidak pernah di root. saya sudah komplain lewat email dan DM Instagram belum ada tanggapan sama sekali. kecewa. padahal saya sering belanja lewat aplikasi karena praktis.,2026-05-01 06:25:33,playstore
d16b11ae-e5c1-4cfb-a822-5ac4f9d75226,"saya sudah melakukan pesanan, namun pihak Alfamart nya marah-marah karena menunggu saya di depan rumah. pertanyaan nya, kenapa menunggu saya ? bukankah barangnya sudah dibayar lunas ? perlu COD kah ? pegawainya kurang dilatih lagi. sampai sekarang barang pesanan saya belum dikirim. apakah perlu menggunakan UUD perlindungan pelanggan?",2026-05-01 06:01:58,playstore
a2f8e0df-1587-43a8-86a3-b926ebc4da33,"belanja di alfagift sangat mudah dan dibutuhkan untuk rumaahnya yang jauh dari alfamart ,apalagi program evocher min.belanja membantu banyak banget program tebus murag ,gratis ongkir ,banyak diskon nya pula .. terutama kurir nya cepet banget .",2026-05-01 05:45:32,playstore
e2b1b8ff-07be-42a5-ac5e-d8b3115a6602,"Aku kasih bintang 5 karna punya aplikasi alfagift ini sangat membantu sekali karna punya bayi jdi tidak sempat ke toko untuk pengiriman jga Gratis ongkir, punya alfagift juga suka mantau harga yang mana masih diskon atau lagi ada cashback jadi ketika ada yg diskonan langsung checkout, pengiriman juga bsa diatur pokoknya bener bagus untuk aplikasi alfagift ini memudahkan untuk pembeli. Semoga alfagift ada seumur hidup agar memudahkan ibu2 di luaran sana tanpa harus ke toko. Dan banyak diskonan",2026-05-01 05:20:20,playstore
1e553b89-dd1e-4243-b625-9fb2f23cbd16,terkait delivery lama padahal udh disetting 1jam setelah payment tp ga sampe sampe paling parahnya sampai 5jam belum sampai juga,2026-05-01 05:13:20,playstore
b5fb7e15-9871-4ada-830f-dd98cc3c3b76,"Aku kasih bintang 5 diaplikasi alfagift karna emang belanja makin untung pakai promo cashback susu hebat apalagi aku yang sering belanja keperluan buat anakku yang masih bayi Belanja diantar sampai rumah gratis ongkir dan gak harus repot repot keluar apalagi pas anakku rewel . Semoga Alfagift semakin berkembang, dan banyak promo menarik lainnya 🥰🥰",2026-05-01 04:53:47,playstore
1f9f13c8-e3da-4b5b-9f0c-c1f6fc72bdae,"saya kasih bintang 1 ya,pelayanannya buruk saya pesan di alfamart alas pendidikan luar,saya pilih maksimal dikirim 1 jam setelah pembayaran,statusnya dikirim dari jam 8,sampe jam 12 saya nunggu barangnya belum sampe,udah gitu di aplikasi gak bisa di cancle,pelayanan macam apa ini",2026-05-01 04:06:22,playstore
8aaca790-7fc4-4cc6-9a5b-d929fbba5999,"Aku kasih bintang 5 untuk aplikasi Alfagift, karena belanja untung promo pusat cashback benaran, pengalaman yang sangat memuaskan di alfagift sering cashback yg buat untung banget, sangat cocok untuk saya yg selalu pantau sebelum tanggal gajian hehe, yang baru saya dapat cashback 20 ribu periode promo april kapan lagi cuma belanja 60 ribu cashback 20 ribu, jadi selalu betah belanja di alfagift yg praktis,harapan untuk alfagift semoga selalu ada potongan harga setiap harinyaa, sukses selalu!!",2026-05-01 03:46:47,playstore
925549b8-4e6f-4c14-847b-3c800008730b,kenapa ga ada pilihan cancel sih penjaga toko atitude nya 0. dah males pake nih aplikasi. bye bye,2026-05-01 03:35:50,playstore
1ef862b5-8511-4698-8d5c-72cebc955c42,"pengiriman cepat walaupun yg di pesan hanya 1 barang,kurir ramah 👍🏻 semoga kedepannya pelayanannya selalu terbaik",2026-05-01 03:10:18,playstore
541f23f8-0c9c-496c-9f3a-2de379261376,di kirim barang rusak ga pernah di ganti. udah ber x x. udah ngirim nya lama. cancel ga ada pilihan nya. kacau,2026-05-01 03:06:41,playstore
c58d87c4-876f-4e2f-a5b5-5881509874c4,"Aku kasih bintang 5 ⭐️⭐️⭐️⭐️⭐️ karena belanja untung banget dengan program tebus murah atau tebus suka suka Udah beberapa kali belanja online lewat alfagift beneran senyaman itu 😁 puas harganya hemat sesuai dengan selogan 'Alfamart, Belanja Puas Harga Pas ' banyak cashback juga🥰 banyak tebus murahnya bikin mamak² suka yg banyak diskonnya🥰 Jaya terus alfamart semoga alfamart makin berkembang 🤩",2026-05-01 02:50:03,playstore
9b05e17a-b2c2-4a24-9209-7ce04ae5ed8a,"Aku kasih bintang 5 untuk aplikasi alfagift, karena belanja untung dengan program Harga special dengan waktu berbatas di alfagift. pengalamanku dapat product Susu buat anak dengan harga Promo Luar bias murah dari harga normalnya belum lagi dapat harga special buat beberapa product setelah pembelanjaan. ini mah keuuntungan berlipat deh kalo belanja di alfagift. harapanku semoga Alfagift semakin jaya ke depannya, semakin Luar biasa prmonya dan inovasi lainnya. amien",2026-05-01 02:29:46,playstore
0ce17fc4-0ea4-43a3-9e45-08821a59e780,"ak kasih bintang 5 utk alfagift, krn belanja untung dgn program Loyalty member alfastar. selain bisa mengumpulkan star, yg pasti bisa dapat poin dan Cashback juga dlm program tertentu. selain itu ak bisa membelanjakan saudara dan ortu yg diluar kota pakai akun alfagift pribadi, belanja sambil berbagi ❤️. semoga alfagift berjaya slalu, semakin memberikan harga2 terbaiknya utk konsumen2 seluruh indonesia 🙌",2026-05-01 02:15:19,playstore
8b859e0f-4e3f-4138-81b2-aad88261d320,"pengiriman lelet saya sudah ngechat tapi ga di balas,pesanan saya sudah mau 1hari tapi belum diantar sampai sekarang,saya pesan jam,14.30 sampai pagi besok nya belum di antar juga,padahal sudah saya bayar",2026-05-01 01:11:55,playstore
efdc16b5-058e-4ac5-8442-03fca0b38c3d,susah amat dibuka masa hapus hider apaan c lu,2026-05-01 00:57:25,playstore
a8c7c9d8-d4e7-40b6-8fde-04fafd70054a,"sumpah jangan beli online aplikasi ini ,dari pengalaman ku paketnya gak pernah sampai malah di aplikasinya sudah di terima,nyesel saya belanja di sini",2026-04-30 14:27:53,playstore
5cd45e13-1be5-4dfd-9e58-bfce0c8aa208,"Eror pak,, Vulnerable Tools Detected",2026-04-30 14:25:33,playstore
90e1ce66-a660-4f16-90bf-356e649451ab,"ini aplikasi jadi ga jelas,ga bisa di buka sama sekali",2026-04-30 13:31:57,playstore
26ab1b64-cb91-45ff-a2c1-9a04bb22c492,"pengiriman lelet bgt, ga sesuai dengan jam nya. cht di bls lama, ga sesuai bgt.",2026-04-30 13:14:40,playstore
583cf12b-26c9-4b82-8f05-165e69150cb2,"apk gk bisa di buka muncul kata² tidak di izinkan meluncurkan aplikasi mengunakan ""com.ludashi.superboost knp ya?",2026-04-30 13:04:55,playstore
abde529d-ade2-4710-9dc0-010001910a86,barusan member tapi kok kartu membernya ngak dikasih cuma dipoto doang..apa kasirnya lupa...jadi bingung mau make alfagift ini,2026-04-30 12:52:31,playstore
7ad5a9cf-8442-4622-802c-aa30acf3bb80,baru inilah ada kendala 😏,2026-04-30 12:43:54,playstore
e6fa55d9-9fec-4b0c-bf74-e22c0ab874ef,"saya udah sering mesen alfagift cuman pernah sekali pesenan saya ga lengkap minta pengembalian dana tapi ga dibalikin ampe sekarang, terus kemarin kurirnya salah alamat tiba-tiba paket saya udah diantar nanya kurirnya dimana naronya ga dibalas-balas, tolong diperbaiki lagi",2026-04-30 11:02:59,playstore
433f639b-b0bf-4673-8481-3c021083956f,knpa gk bsa masuk aplikasinya dpksa keluar trus,2026-04-30 10:40:04,playstore
6c108f5b-eef8-42a6-bf21-761c41ccfa19,"kenapa sekarang dibuka tidak bisa, dengan popup notifikasi tertera error d30001. vulnerable tools detected!! aneh banget? apa ada hubungannya gara-gara pas pembelian terakhir pesananku kurang trus aku komplain. dan sekarang di banned? atau kenapakah itu??",2026-04-30 10:12:20,playstore
8323506b-4787-49d9-a5e7-e0854cc5af5c,👍🏻,2026-04-30 09:57:23,playstore
54c4ea51-1bca-4246-bf0f-5485d5077139,ribet bngt d buka dr playstore masuk hrs dg kata sandi ulang dan sangt ribet,2026-04-30 08:48:36,playstore
530e5c04-cd0b-4428-ab4b-fa9410896860,Sudah 2 hari saya ingin membeli pulsa xl dan smartfren tapi tetap error! Tolong di perbaiki.,2026-04-30 08:43:43,playstore
a78d0de0-ed7d-4ff4-b07e-fc3c566dc1eb,"saya sering belanja di Alfa dan sering dapat Voucher, dahulu syarat voucher tidak ribet lalu beberapa bulan ini sudah berubah total. dari 52 Voucher yang saya dapat tidak ada satupun yang bisa saya gunakan (40 voucher bahkan akan kadaluarsa), meski riwayat belanja saya tentu sudah terekam jelas di server Alfa. Apa fungsi member AlfaGift sebenarnya?",2026-04-30 08:35:27,playstore
7fe7f6b5-b7eb-476d-8853-00b3d2577220,"aplikasi error : ( D14001) ""Modified system' detected"" , sebelumnya nggak bermasalah terjadi setelah di update",2026-04-30 07:27:32,playstore
410cf124-abcc-4a9e-947a-e7b48d5b2a15,lambat sekali pengiriman!!!!,2026-04-30 07:25:13,playstore
faa4dedc-3e84-4884-8975-f724c794500c,sengja kasih bintang 5 biar ada di atas.kasih motor kantor yang baru atuh alfa ke kurirnya kesian mogok wae kurirnya. jadi overload barang lama nyampe.,2026-04-30 06:42:02,playstore
5a1c75ce-a828-48e0-bd93-6467908a3263,"Overall aplikasinya sangat membantu. tapi opsi pengiriman yang 1 jam setelah pemesanan itu sangat tidak membantu. percuma sekali sudah memilih opsi tersebut tapi pesanan tetap dikirim lebih dari 1 jam, bahkan sampai 2 jam lebih",2026-04-30 06:00:20,playstore
4fa8ed79-81f0-49b4-bce0-05fc80cecc74,Sumpah pelayanannya buruk saya order lebih dari estimasi waktunya belum juga dikirim mau refund dana pun tidak bisa hubungi CS juga lama antri ayolah diperbaiki servicenya,2026-04-30 05:28:34,playstore
26a6b19f-7ba2-4c01-b5f3-b1a3f04f8e3d,kenapa jadi eror trs yah skrg?,2026-04-30 05:25:21,playstore
48c11fb7-8c20-45ed-981c-76b875b5605a,"setelah update terbaru aplikasi gabisa di pake :) vulnerable tools detected Not allowed to launch the app using ""com.ludashi.dualspace"" padahal saya buka ORI dari apk nya gada apk ke 3🙄",2026-04-30 05:00:06,playstore
108cd620-82a8-4d79-a604-b0a1f91a501d,"Lebih diperhatikan lagi karyawannya yang tidak jujur. Trik nipunya bukan hanya tidak kasih struk tapi ada juga yang sesama karyawan berkomplot dimana karyawan berpura-pura meminta pembeli untuk memberikan uang pada karyawan lagi diluar toko agar lolos dari pemantauan CCTV kemudian membuat laporan seolah pembeli tidak membayar sehingga pelanggan tidak pernah tahu telah difitnah tetapi curiga setelah tidak sengaja melihat monitor kasir ada notif ""pelanggan bermasalah"" saat memberikan nomor member.",2026-04-30 04:13:57,playstore
0879de35-5fda-4342-9815-476642b77abb,lelet pengiriman lambat 2 jam masih belum diantar,2026-04-30 03:51:52,playstore
70be6415-4c70-4324-9603-e47166c7eb90,asem dah gak bisa login padahal awal bulan baru jg dipakai beli. diduga hp rooted D10002. asudahlah. khusus rog 1 gak bisa. sudah lewat ig dilempar suruh email. tahan aplikasi uninstal cpt.,2026-04-30 02:34:44,playstore
2a62a29b-f57e-4a1c-bad3-b6298d2d8317,"pengirimannya cepat dan jujur pegawai yg antar barangnya ,pesanan saya ad yg kurang krna stok kosong tp bsuknya di anterin kekurangannya saat barangnya ud datang, trimakasih",2026-04-30 01:51:09,playstore
d9687fa7-9dab-4d32-a0e7-0a3e1ae59504,"Untuk semua kru Alfagift, alangkah baiknya Produk Expired yg hanya selisih beberapa hari jangan dijual, kalau gratis sih gak masalah, nah ini bayar lumayan mahal,udh gt expired sangat dekat, pdhal saya sudah berpesan juga ke pesan toko alfagiftnya saat pesan, saya berharap kedepannya bisa menjaga kepuasan pelanggan.",2026-04-30 01:08:22,playstore
fe9b71c3-ce96-4d5a-956b-f07b218fba67,Bisa-bisanya stok di Apk gak sesuai dengan yang ada di gerai. Sudah begitu kalau mau refund harus nunggu 7x24 jam kurang kerjaan banget nunggu selama itu kaya orang malas kerja aja nge refund uang sampai seminggu. Skip ajalah mending beli di Shopee barangnya murah ditambah ada promo.,2026-04-29 23:27:40,playstore
e04e4e3d-0951-42d3-ae0a-398cb9ed0e10,"aplikasi keren , sangat memudahkan kami untuk yg males belanja ke toko.. jenis pembayaran banyak , pengiriman juga cepat.. sekedar masukan ya : 1. packing makanan / ice cream jgn di gabung dgn produk yg berwangi seperti sabun cuci/sabun mandi/parfum 2. sering-sering ada voucher potongan ya 3. kalau pesanan banyak alangkah baiknya packing dengan kardus apalagi kalau ada beras",2026-04-29 15:37:07,playstore
c9195f0f-2be9-4b43-9645-6275f8fa3efc,"saran,, tolong tampilkan pergerakan kurir biar bisa memantau",2026-04-29 14:47:21,playstore
0e8ed2a2-8f2c-4e5d-964b-4552bfa818d9,"Sudah beberapa kali belanja selalu ditunda, dikarenakan waktu bales chat ceklis dibilang gk ada respon. Sampai suami sya ngambil ke toko krn sudah beberapa jam ga dikrim",2026-04-29 14:15:31,playstore
ea8c4483-8e24-4034-bc3c-a4e95ffca9d1,"kaya harus ada rating tiap toko deh.. saya order jam 6 jam 9(malam) blm dianter, saya chat ga dibalas sama sekali bahkan dibaca saja tidak... sekalinya saya chat cancel langsung dibalas ""okay"", kek hah ?",2026-04-29 14:07:40,playstore
cd146f78-8e21-46ae-86df-fdb45a4a2907,"terlalu lama, berjam² nunggunya, sy butuh roti smp kenyang sendiri, dahlah",2026-04-29 13:12:04,playstore
aef52030-bce1-4d13-a19b-1553e2d26836,Tokonya amanah,2026-04-29 12:18:04,playstore
bb71e58b-5d59-47f8-bb4e-b3ff6f247738,"Jadi gini, untuk masalah pengiriman, tolong disesuaikan dengan alamat yg tertulis, barusan saya sudah menulis alamat rumah saya, tapi titik lokasi nya malah ke sepatan, kan aneh, tolong di perbaiki.. dan kurir diberi perintah untuk mengirim sesuai dengan alamat yg tertulis bukan sesuai titik lokasi.. karena saya tidak ada mengatur titik lokasi tapi barang saya diarahkan ke sepatan, ANEH",2026-04-29 10:39:20,playstore
4268508d-cd86-4cb0-80d4-0f6ba1c29c8d,apk bagus,2026-04-29 10:19:39,playstore
eaf754c5-5058-4938-9abb-faf399d9e272,"belanja kebutuhan harian yang rekomendasi, banyak promo nya, bebas ongkir",2026-04-29 09:23:03,playstore
a5e7beb2-efd7-47b3-bb10-27af73cbb64e,"hmmm , tiba2 gk bisa di buka .""vulnerable tools detected"" 🤷🏻",2026-04-29 08:50:09,playstore
10e57a6b-1f22-4c9f-a4e8-b186b7632300,KOK TAMBAH LAMA INI PESENAN GAK DI KIRIM KIRIM . ORANG HAUS MALAHAN SURUH NUNGU TANPA KEPASTIAN,2026-04-29 08:48:42,playstore
5a124e09-62a9-4ddf-be3c-f1c9afd0f164,LAMA BANGET BOSSS DS HARAPAN INDAH nyangkut kemana itu kurir sampe Berjam jam pesen pagi sampe Mao magrib gak kelar2 mending pesen di Madura aja lah,2026-04-29 08:39:23,playstore
83005589-66fb-4923-bec8-648ca8e2d6b7,lebih lancar buka tiktok dr pada buka apk kaya gini lemot banget,2026-04-29 08:18:51,playstore
d3da1c94-ec8b-492e-ac84-231b4fd95443,"untuk Rokok sediain di Aplikasi dong,kalo di web susah bolak balik ilang hapus keranjang ganti lg ganti lg .. udh sejam ga bisa beli² juga",2026-04-29 06:30:00,playstore
435238f2-9acb-400d-adac-1ced46087351,alfagift makin kesini makin ga bgttt pesanan selalu lama di kirim pdhl saya pilih 1 jam setelah pembayaran tpi saya nunggu smpe 4 jam😤,2026-04-29 06:20:07,playstore
d5e4efb1-ea5a-458d-a2f3-d88edf9dc2c7,payah,2026-04-29 05:42:25,playstore
f756b19e-42b8-4b8b-b9a0-f808e88915c2,proses pengiriman nya lama dan gak jelas,2026-04-29 05:40:57,playstore
ea6539df-ce5a-49c9-8a25-a2261748282b,"Tolong tambah kurir nya, di upgrade kendaraan nya juga. aku udah bertahun tahun pakai alfagift, beberapa kali ada kendala pengiriman karena motor mogok, sampai difotoin motor nya lagi di bengkel. Hari ini pesen dari jam 9.48 sampai jam 11.57 belum sampai juga. padahal pilihan pengiritan 1 jam setelah pesan. Memang gratis ongkir, tapi gratis ongkir kan memang kesepakatan dari Alfa nya, jadi jangan seolah olah gratis ongkir eh malah lama pengiriman nya. Tolong diperbaiki ! Thanks",2026-04-29 05:06:33,playstore
f569ee55-a566-4b39-bc89-6ad8cca62428,kenp beli gula tdk bs lebih dr 2,2026-04-29 04:48:30,playstore
75517946-2fac-4da6-b90f-a9296ae6583c,"ini kenapa ya, mau masukin ke keranjang malah gak bisa, dengan tulisan ""melebihi limit pembelian anda"" padahal belum beli. chat di cs malah AI yang bales. gak ada opsi tanya jawab ke cs manusia pula",2026-04-29 04:47:09,playstore
17ff720b-0223-4286-8048-9f777d7c1ca7,👍,2026-04-29 03:59:40,playstore
7f9fe008-5a92-4894-aeb0-ff573ed04f93,"jelek banget asli, ga mau pake apk ini lagi fix. barang kaga sampe sampe di chat malah di read doang, di chat lagi malah ga bales. ambil dah tuh barang saya yg mo pake silahkan. tapi saya ga ikhlas 🙂",2026-04-29 02:26:39,playstore
638d3ba5-4731-4d3e-927c-e6da603fa51f,ada kan fitur menyimpan kembalian min. jadi kalo ada kembalian 200 perak disimpan ke sana. soalnya uang receh kayak 200 atau 100 perak itu jarang dibelanjakan dan repot,2026-04-29 01:32:55,playstore
8a2fdce2-2c58-4407-9fe1-557bea90a60c,"sudah berapa hari error tidak bisa login, kenapa yah???????",2026-04-29 01:23:46,playstore
6a108d5e-712b-4c2a-9723-aa7e9f77739a,aplikasi sangat buruk,2026-04-29 00:57:54,playstore
fd33d24a-2d5e-45e8-a1a9-5b10d5b9cccd,"udah capek² daftar,e gabisa di order katanya diluar wilayah pelayanan😑",2026-04-29 00:05:09,playstore
1fbad76c-961c-4a1c-ab48-7f7386ad1710,terlalu banyak bug pada update terbaru sehingga membuat aplikasi terasa berat. tolong segera diperbaiki,2026-04-28 22:42:52,playstore
73217257-724e-4194-b810-6acaa1368e69,berkali-kali dikecewakan,2026-04-28 16:43:40,playstore
53202453-8bc9-44ad-a10a-7904611c3d01,sekali poin udah banyak gak bisa di buka!!!!!,2026-04-28 15:32:01,playstore
7283dabf-7006-4b17-94c0-0f63af986457,"banyak eror nya nih, padahal wifi lancar masa iya ada kendala mulu",2026-04-28 15:13:09,playstore
7178a556-a2a0-4222-b70d-4a138ad4cadf,lamaaaa responyaaaa,2026-04-28 15:03:47,playstore
8c40d520-e40f-407a-a989-3f295b1f7909,kak kenapa ya saya app nya gak bisa di buka,2026-04-28 13:47:10,playstore
077a9860-c445-42b9-a8b7-2f77993c76d6,Alfamart Harga terjangkau,2026-04-28 11:12:46,playstore
42ba03fd-5142-47cd-8e6b-cd4bafb710f6,pengiriman lama dan selalu menunda sepihak.,2026-04-28 10:02:18,playstore
9da9b7f0-69d3-4042-8af8-3da7a1d642dc,Pengembalian dana tidak di kembalikan..!!!!!!!,2026-04-28 08:24:42,playstore
17899988-98b5-402c-96bf-e7095852a61b,tidak bisa di buka aplikasi alfagift nya error,2026-04-28 08:12:05,playstore
a6624945-24ef-44d9-88c8-241917e7506a,"Saya kasih bintang 1, karena aplikasi ini tidak dapat digunakan ketika di hp saya terinstal aplikasi dualspace clone app dan sebagainya. developer harus menyadari batasan tersebut. tidak boleh mengatur user tentang apa saja app yang ada di device user. tidak semua user aplikasi clone menggunakan untuk hal illegal, contohnya saya hanya perlu untuk manage social media saja. setelah rating ini, saya akan kirim email juga ke playstore tentang masalah ini. Terimakasih",2026-04-28 07:25:55,playstore
ca979a1d-0608-496d-bb1b-8c1c22d9a7d8,"tolong dong d betulin ,pasti ada aja di saat mw pilih belnjaan suka gada gambar nya hanya ada nama dan harga",2026-04-28 07:06:34,playstore
0b527133-070e-4095-8a00-16f73104e8b1,mau beli minyak msa keterangan melebihi limit pembelian,2026-04-28 06:49:07,playstore
98913309-e24a-4273-8d11-cd44e9e15f86,mohon dibantu kenapa aplikasi alfagift sy gak bisa dibuka ya muncul notif vulnerable tools detected,2026-04-28 06:13:01,playstore
e8f68dec-ce92-4d7a-9230-f2a2f69cea50,bagus,2026-04-28 05:27:14,playstore
b677d2fe-7b64-4426-87b7-c9fc73b1cee9,mantappp,2026-04-28 04:36:27,playstore
7d31adea-adc1-4f45-82f3-c100520dca40,"Notifikasi sering ""pesanan di batalkan karena pembeli tidak berada di tempat"" padahal yg punya rumah nungguin",2026-04-28 01:55:56,playstore
654fba96-c266-485f-9935-1d351d9bcb67,"ngebug Min, keluar sendiri mulu, gimana mau belanja",2026-04-28 01:24:44,playstore
315fe351-0eb3-4646-8d3e-04deec263bea,"tambahkan menu pilih toko juga bagi yang pilih delivery, plus lacak kurir seperti ojek online karena makin ke sini makin jauh toko yang ngirim ke alamat dan makin tidak tepat waktu, pesan jam 7 pagi pilih opsi pengiriman maksimal pengiriman jam 14.00, dikirim sama kurir jam 10 hari berikutnya, dan itu juga dibatalkan sepihak sama toko dengan alasan tidak ada orang di rumah, ya siapa yang mau ambil paket klo udah ganti hari dan ketika orang udah punya agenda lain di hari berikutnya.",2026-04-27 23:56:00,playstore
13947adb-961e-4d3b-8aab-fba63935fcc6,lemot paraaaaaah,2026-04-27 17:17:46,playstore
ec28c881-be5d-4281-8bb9-f91904062485,eskrim cair dibekukan lagi,2026-04-27 14:34:32,playstore
8de81a84-e06a-4b3b-8e65-8b79f22608c7,"2x order di aplikasi, point nya di pake dan transaksi selalu gagal tapi pointnya kepotong. rugi banget",2026-04-27 13:04:41,playstore
61273153-89d7-4477-b492-e23fea48cf18,dikasih fitur chat dan call tp gaada yg dibales chatnya. entah fiturnya rusak atau kurir ga respon. udah nunggu lama tp no response padahal online. info sudah dijalan tapi ga sampe padahal deket. kalo gt mending beli lgsng ke toko. gausah ada app begini.,2026-04-27 12:41:21,playstore
0b409cc9-d06f-454f-a2a4-4a9ad45b5928,"ada fitur cs tp penanganannya luama bangettt. chat cs dari pagi, smpe malem pun ga ditanggapi. refund saldo juga prosesnya lama bangett. entah apa kenapa ga jelas. pokoknya ini aplikasi bad bgt",2026-04-27 12:31:51,playstore
0d13ffab-1a60-46ef-b499-d6afe5dac9d4,Padahal dulu cepet sampe nya sekarang lama bisa besoknya. Padahal dulu alasan pilih ini karna cepet,2026-04-27 11:14:27,playstore
169bf2b7-c0ce-46e5-9383-385a26c6e9af,belanja mudah dapat poin pula.,2026-04-27 10:54:57,playstore
07743407-b644-45b4-a41a-8ad56f68f522,mohon dibantu karena voc alfagift x shopepay kok tidak valid terus ya?,2026-04-27 08:55:37,playstore
e1f49ebf-0e82-41c2-be90-4dfcabd2022b,pengiriman terlama,2026-04-27 08:52:40,playstore
0ab16efa-ab4e-4457-84a3-df7efb2ae5c3,apk tolol device nggak di root malah terdeteksi root,2026-04-27 08:31:28,playstore
b6803d1e-d444-4758-a2dc-630d04b484e8,"sudah beberapa kali dapat notif pengiriman tertunda karena permintaan pembeli, padahal saya sebagai pembeli ga ada minta penundaan aneh kali. sempet hampir 4 jam ga di kirim kirim dan akhirnya saya sendiri yang ke toko,di sana pun mereka ga ngapa ngapain cuma ngelayanin orang beli kek biasa dan ngga rame juga. tolong di benahi lagi ya alfa.",2026-04-27 07:46:21,playstore
a24df9b2-95bb-44ca-8045-7d40ea8257ad,"susah susah war tuker poin karena aplikasi error terus, sekalinya dapet poin kepotong tapi voucher nya ga masuk, pesanan di batalkan terus poin nya di refund. buang-buang waktu banget. buat apa bikin event tuker poin tiap senin kalo aplikasi nya error terus dan akhirnya poin malah di refund. orang ikutan tuker poin ya berharap dapet produk nya bukan malah poin nya yg di refund",2026-04-27 05:49:42,playstore
16d2ab2c-97ee-4c6a-80fb-2e3567bfe35c,"aq rutin beli susu Greenfields sekardus, tapi lucunya aplikasi ini membatasi transaksi q, jadi konsepnya gimna???",2026-04-27 05:48:53,playstore
f533eeeb-7c3c-4afd-8ce1-4c20ccbf53b7,"memudahkan dalam berbelanja, dan bisa melihat produk yg promo setiap harinyaa",2026-04-27 05:09:39,playstore
c189b134-dc3f-49a9-b1c1-04dedf766be3,"Smkin ksni ternyata memang smkin tidak professional. Pengantaran barang sll TELAT, pdhl dulu di paling ontime, nati ribet.. Kl blm siap mending dikaji ulang sih, terutama karyawan yg kebanyakan alasan ketika terlambat antar barang. Sekali, dua kali wajar, ini hampir setiap saat 😅",2026-04-27 04:24:05,playstore
a31f7035-4090-4982-acfb-3f103afa6721,"anehnya gabisa login , udh beda nomor malah terdeteksi keanehan akun , heran",2026-04-27 03:43:42,playstore
77cb43e1-19f5-4626-9415-84e984936abc,"kapok mau pake lagi,pelayanan lambat,gak sekali 2 kali lagi terlambatnya,sering banget!!!pesan maximal 1 jam eh diantar 3 jam kemudian.",2026-04-27 03:04:52,playstore
9b0220c9-7b40-4a0c-afb1-bfc485c46258,"itu web alfagift kenapa dah,kagak bisa order.sperti rokok mesti di web kan.tapi ga bisa ya.",2026-04-27 02:31:52,playstore
092a78aa-67d8-4a5b-b18f-880d80fef9c5,wkwkwkwk saya pesan barang dari jam 07-00.wib sampe jam 8-00.wib malah chat bilangnya pelangan tidak ada di tempat saya mau ketawa kulirnya nyasar apa engak tau alamat wkwkwkwk padahal dari alfa indah loka dekat dengan lokasi saya pasr jelambar hihihi tolong kalau kasih kurir tuh yang berpengalaman jangan yang sdm rendah susah kerjanya begitu alamat tak di temukan alasan pelangan tidak ada dinloksi apa apan ini mau ganti rugi lo,2026-04-27 01:54:20,playstore
3c7a0895-b631-4c60-b865-a22f9bc606f3,🙏,2026-04-26 15:10:31,playstore
6397135b-5fa0-4610-8483-75fe61867e87,sangat tidak rekomen dikirim lama pesanan eskrim cair semua,2026-04-26 14:19:49,playstore
b0ad31b8-5bcf-4c92-99eb-b964f1f388de,kenapa sekarang pesanan alfagift bbrp bulan ini menggunakan kantong plastik merah yang digunakan untuk tempat sampah (plastik roll sampah) bukan plastik alfagift? alfagift mranggen kab. demak,2026-04-26 13:31:16,playstore
7770e3ba-3efd-4970-b934-5651d6c7da05,"baru nyoba buat jasa pengiriman buat pesanan di jam 5 sore sampai sekarang udah malem blum juga di kirimmm, sanggatt"" lambat pengirimannya, langsung dapet kesan burukkk untuk jasa pengirimannya, dichet tidak ada respon dari bagian toko tersebut",2026-04-26 12:27:31,playstore
a11bc03f-6033-4966-bec1-788fc59a4271,suka kurir grecep banget ramah juga,2026-04-26 12:12:06,playstore
389d3829-b54b-40bb-bf48-4d24bd85528c,"pengiriman lama, untuk apa ada opsi di kirim maksimal 1 jam setelah pembayaran kalau sampai 4 jam ga di kirim kirim? komunikasi antar kurir ke pembeli juga kurang banget. bikin greget, pelayanan nya jelek, tolong di perbaikilah.",2026-04-26 12:02:35,playstore
e9111f31-d6d4-4a0b-95b5-fb1dd5912726,selalu masalah yang sama respon alfamart lama sekali gak ada penjelasan sama sekali,2026-04-26 11:18:40,playstore
11adb90f-4652-4bf3-92bf-0b91427911ba,udah bbrp bulan pke alfagift lagi stlah yg tahun2 sebelumnya udh ga menarik JD lama ga pake. kmrn iseng instal lagi mau liat2 promo dan trnyta skrg gratis ongkir. Indom***t sih kalah mrka ksih minim order 150rb dan ga secepet Alfamart sampenya BS d anter instan maksimal 1 jam setelah pesen. mantap bgt dah kalian wajib pake aplikasi ini buat yg mageran dan suka cari promoan Krn bneran murah dn gratis ongkir 🥳🥳,2026-04-26 10:50:03,playstore
1c7da663-03c2-4732-9c59-ba7c5f5676e4,"sudah seharian saya tunggu tidak ada progresnya, pemesanan sudah dibayar dari pagi sampai sore, masih belum juga di proses, di chat dari pagi gak dibalas-balas sama pihak Alfamart nya.. pas saya minta pengembalian dana di aplikasi malah gak bisa alasannya pesanan sudah dikirim, padahal saya pickup bukan pakai jasa delivery",2026-04-26 10:42:02,playstore
8159de92-04f0-4988-9138-fe50dbc6ce43,"layanan buruk, ditunggu sampai 6 jam lalu dibatalkan sepihak",2026-04-26 10:41:28,playstore
5162b6fc-e4e3-457b-a224-f4c0ee17f740,gabisa masuk padahal udah bener no wa nya,2026-04-26 10:13:46,playstore
987f1af4-079a-4b0a-9b50-609395737d6e,"Maaf kenapa ya sekarang klo pembayaran nontunai selalu di taruh depan pintu gitu aja padahal udah minta tolong buat ketuk pintu?Kadang ada produk beku atau yng gampang cair/basi jadi ngga kemakan dengan alasan pengiriman buru².Dan juga pengiriman kadang lama, pesen pagi dikirim sore/malem dengan pilihan maks 1 jam setelah pembayaran. Udah pakai alfagift bertahun² skrng pengiriman mulai bobrok. Tolong diperbaiki lagi min sistemnya, udah banyak yang complain perihal sistem pengiriman. Terimakasih.",2026-04-26 09:40:24,playstore
a3839aac-46b1-4dd6-8c47-c7b286dddf56,"Perbaiki sistem Tiap belanja toko toko itu aja, tidak cepat merespon pelanggan dan pengiriman lama",2026-04-26 09:17:37,playstore
58266169-a877-47c0-ac9a-496305dac5f6,aplikasi gaje udah bayar lunas barang ngga dikirim dan pengembalian dana ngga diurus,2026-04-26 08:32:08,playstore
ff442df7-1413-4e73-a6ac-f2ac58dc1143,kecewa pake apk ini giliran poin nya sudah banyak tiba2 di blokir member nya sungguh sangat kecewa!!,2026-04-26 07:58:41,playstore
62da3f03-abda-46ec-940c-619865c95bba,"BURUK... 2 bulan berturut2, pengiriman selalu salah kirim. Yg terbaru adalah kemarin, saya pesen apa, yg dikirim apa. Sudah coba chat dan telp ke toko, ga dibalas. Telp cust care juga ga bisa... Coba kirim pesan ke IG Alfa, hanya chatbot. Jadi bagaimana dengan barang yg salah kirim punya saya? Tolong di respon",2026-04-26 07:35:59,playstore
d437ae79-5327-41ad-9ffb-25b2343f5e7d,gimana ini vertifikasi nya ga di kirim mulu ke wa,2026-04-26 07:24:27,playstore
83db53fe-bd8d-4fa6-8be9-fb0d484290e9,sering error,2026-04-26 06:07:52,playstore
b502f546-50b6-416c-97fd-b86ac76b6180,"min, saya ajukan pengembalian dana belum balek uang saya Lo Udha 3 harian Masi diproses gimana ini?",2026-04-26 05:55:46,playstore
be55f2d0-e8c4-4e6a-8f3d-ce57fa339f1b,"1. Voucher terlalu banyak & ngapain pakai AI & AI segala 2. S&K Voucher terlalu njelimet, kalau memang niat diskon lebih baik langsung saja 3. Voucher kadang tidak bisa ditumpuk seperti dulu",2026-04-26 05:00:06,playstore
c9e348dc-0db4-47f4-a4a1-0cece7ae58f7,"sangat membantu ketika kita sedang malas keluar rumah, krna blnja an y sesuai pengiriman cepat dan pastinya bnyak vocer diskon hhaa",2026-04-26 04:52:20,playstore
a39c17e9-dbad-447f-bf0d-703ebb8d364e,"Pesanan saya tidak lengkap, di chat dibilang diantar, setiap hari saya chat janji diantar yang kurang, tapi tidak diantar. dari 23 april sampai sekarang 26 april 1. Nomor order : O-260423-AGJJFBB 2. Nomor shipment :S-260423-AGDXLSX 3. Varian dan jumlah Item yang tidak sesuai dengan pesanan: 3 ice cream toko pengiriman Alfamart W227-KUTACANE Kabanjahe",2026-04-26 04:45:05,playstore
25311bd3-e956-4315-aca6-5aa4a7845deb,"Tambahkan fitur URUTKAN PRODUK SESUAI HARGA (termurah-termahal)!!! Agar lebih mudah cari produk paling murah! pesaing utama kalian ada fitur itu dan ini FITUR DASAR yang seharusnya ada di aplikasi manapun! Udah lama minta fitur ini masih aja belum diadakan, padahal fitur dasar banget.",2026-04-26 04:12:59,playstore
6274eb1a-d563-49d9-8957-a5cfaf081fb1,"tolong ya untuk aflagift,sering sekali kejadian pengiriman tertunda dengan alasan ""pelanggan tidak berada di lokasi"" kan ada nomor telepon tercantum,ya di telfn lah,untuk apa di cantumkan nomor telepon kalau tidak dipergunakan,",2026-04-26 03:49:47,playstore
6bbefbf8-6060-4579-bf55-319bf28c06aa,gk jelas belanja online via alfagift. barang gk dikirim2.,2026-04-26 03:15:46,playstore
dbff4db5-2519-4e84-8e66-594e425561c5,"Tolong Cek lagi dong kalo ada barang yang kosong, ini giliran udah masuk pesanan malah barang ngga kekirim sama sekali, dengan alasan barangya kosong, Tiba-tiba diajuin ke pengembalian dana, udah saya kirim lewat email,, belum ada balasan sama sekali☺",2026-04-26 03:02:10,playstore
24d6cfa2-6cc0-4c28-9fbe-249393f72e2e,"Aplikasi nya berat banget, padahal lebih simple dari shopee atau tokped, tapi lebih lemot, mengganggu banget, belaja jadi males.",2026-04-26 02:45:54,playstore
86a90e55-22f9-47c9-9e49-33c2cd278ff5,susah komplain.. pelayan toko bukannya ramah malah kayak preman,2026-04-26 02:44:16,playstore
3f61e47b-90ef-45d3-adde-2df233911a02,bagus,2026-04-26 01:44:25,playstore
f1afbdf9-8035-4350-9521-184673b9dd75,pelayanan yg ramah,2026-04-25 23:54:34,playstore
f69da7da-dd48-4559-ac7a-719d1a549acb,"aplikasi PAYAH , MAU MASUK DI BIKIN SUSAH, TIDAK PAKAI APLIKASI JUGA GPP",2026-04-25 20:05:06,playstore
11075de1-5b1b-4e87-9fe8-56e80484df66,"perkara mau daftar Milo race jdi download nih apk, emang sih sponsor tpi jdi nyusahin, masa sistem pembayaran jdi ga jelas kebanyakan daftar akun muali akun alfa, akun milo, semua daftar ribet",2026-04-25 15:43:04,playstore
3d4c228d-1bd3-44c0-a65b-fe92d3efb6ba,tolong banget diperbaiki untuk sistem pengantaran nya,2026-04-25 14:41:29,playstore
61796995-03e3-4a11-ac5c-8aae0c84acb7,aplikasi kok ngk bisa di buka ya,2026-04-25 14:18:22,playstore
7b0fbdc6-0a22-44da-8640-d2c1def9e2c9,"Pengiriman sering lelet, komplen pesanan ga dikirim lengkap juga ga dibales, pesanan ga lengkap dikirim tapi kurir menyelesaikan status pengiriman, komplen ke customer service juga bertele2. Beberapa kali dikirim eskrim rusak, dahlah, mulai muak",2026-04-25 14:10:52,playstore
3d5c90ef-f2dd-440d-bdf5-f58016693d9e,"aplikasi nya tidak jelas, mau mendaftar aja tidak bisa",2026-04-25 12:34:06,playstore
1708897a-f22a-4581-8493-6e5c3d6e111c,kak kok belanja susu pampes dan minyak tidak bisa dibayar dengan splater. biasanya bisa. tolong bantuannya,2026-04-25 12:20:52,playstore
7cca0e76-5de0-4997-9f91-4b8b7924882e,pesen air aqua galon dr jam 3 sore sampe jam setengah 7 saat ini belum kunjung datang....kebiasaan nya selalu begini...padahal pilih yg 1 jam sejak pemesanan.. pesan di alfa kemang ds tolong deh di perhatiin lagi dr segi pelayanan nya masa iya anter aqua aja 4 jam..klo udh ga sanggup anter belanjaan tutup aja alfagift nya. .,2026-04-25 11:30:55,playstore
f6239950-e1b0-493a-91b7-f17970c5b144,gokil beli 3k juga dikirim WKW,2026-04-25 11:23:37,playstore
efb5defa-297b-462a-9870-813434bf50dc,PELAYANAN BURUK BANGET KURIR ANTER BARANGNYA KURANG DAN GA ADA CHAT SAMA SEKALI!!,2026-04-25 09:50:02,playstore
c79e9298-c40a-4ec6-8a2f-acff5d896b14,"pengirimannya lama bettt kayak keyong, kurirnya ngak niat kerja",2026-04-25 09:20:37,playstore
ae3ca7ca-ca54-42b7-8225-47d39e5ad8b7,"kedua kali mau belanja, dibuat bingung dengan pemesanan.. mau cari alfamart yg terdekat dekat lokasi tujuan pengiriman bingung!! tidak nyaman, tidak suka,capel, bingung!!. pertama kali belanja onlen lancar² nyaman, ini lalu dibuat capek, maunya nyaman dan praktis.",2026-04-25 06:27:48,playstore
e4ba8e3a-9d9c-421e-91d8-5f24433242bf,pengiriman lama,2026-04-25 06:18:30,playstore
d718faf5-61b6-40e9-ba2b-7dd052c90bf0,🤧🤮,2026-04-25 03:34:23,playstore
b7347bf4-5287-41a7-8c3a-d77e5c3669e0,tolong kalau belanjaannya banyak itu pegawainya antar ke atas. kan kos2annya memang diatas. kalau bawa balita terus beli beras beli galon dan lain2 gimana bawanya?? kalau cuman prempuan aja.. masak iya tetangganya yg disuruh bantuin. pdhl udh sering gunain alfagif 4th baru kali ini pelayanan kurang baik,2026-04-25 02:19:39,playstore
06ed2713-47e0-48de-a6db-297841b0158b,aplikasi gak jelas masa telat pengiriman di toko dan dibatalkan malah GK bisa refund gmna ya ya di email dari Alfa disuruh masukin rekening tapi dari apk ny aja GK bisa di klik dasar,2026-04-25 01:22:39,playstore
6b18fb15-9475-4afa-a027-f1d5258b4ccf,"layanan nya sangat lama sekali, saya sudah pesan dari jam 7 malam dengan pengantaran 1 jam, tapi sampai jam 12 malam lebih belum diantar, tolong untuk menyediakan fitur cancel karna ini mengganggu waktu istirahat saya, sudah begitu ketika saya mengirim pesan tidak dibaca atau pun dibalas padahal saya sudah spam dan menunggu lama, TOLONG UNTUK DIPERBAIKI LAGI YA MIN, cape menunggu ketidakjelasan ini min, mana sudah tengah malam",2026-04-24 17:13:26,playstore
4c0a4a99-7898-4c02-8cf6-f2d54fb21319,"sejauh ini bagus aplikasinya nyaman di gunakan juga,ga terlalu berat,ga tau kenapa ya belanja lewat alfagift menurut saya lebih muraj lebih menguntungkan,contohnya beli kopi 1 renteng di alfa 18 ribu hampir 19 ribu,kalo lewat alfa gift cuman 15 ribu,kalo belanja lebih dari 50 ribu kadang banyak diskonnya,pengiriman juga geratis kalo belanjanya di atas 50 ribu,pokonye best banget deh alfagift",2026-04-24 15:27:03,playstore
3112bb15-052b-41da-8ebf-20d60d6346e8,"gratis ongkir sih tapi pengiriman nya jelek bgt SUMPAHHH, udah 3 kali order pengiriman nya lamaa bgt ga ada konfirmasi bahkan di aplikasi tertulis sudah terkirim padahal blm diterima??? ga bisa pengembalian dana jadinya. jujur kecewa bgt, customer service nya juga jelek bgt kita komplen nunggu besok karna diluar jam kerja(diatas jam 7 malam) padahal pesanan aja telat sampe jam 9 malam ga diantar!!!",2026-04-24 14:10:21,playstore
6d0c2460-07ba-480b-8394-9d9f3e7b9393,berbenah kasih vitur buat cek kurir dimana,2026-04-24 14:08:42,playstore
f29c9769-3ce4-4c73-a67c-fde5d773dcf2,"Nyasar trs, skrg engga bisa d pake",2026-04-24 12:56:22,playstore
1c16eb4f-4b0a-4d70-a3a0-9cbee18924dc,"sangat membantu sekali, ketika sedang sibuk atau lagi mager dirumah aja, bisa pesan dari rumah dan bisa bayar ditempat. benar"" bermanfaat sekali",2026-04-24 12:49:03,playstore
24880297-1fc7-4a85-b1d8-4f8cf071c644,KURIR ERROR TEROSSS BELANJAAN KAGA DI BAWA. BODO,2026-04-24 12:42:45,playstore
cc51db96-b7de-4eef-ae3b-d7d51f6238b3,transaksi saya via spaylatter tersubmit 2x hingga muncul 2 tagihan. sudah saya laporkan di alfacare dan CS tapi belum ada tindak lanjut atas pengembalian dana sedangkan produk yg saya terima hanya utk 1 resi (1x pembayaran),2026-04-24 12:34:40,playstore
110dd820-6b6d-4374-9c68-c6a2ddbf66de,"sangat sinkron, lengkap, aktual, real time, ga kayak toko biru yang harus 2 aplikasi, udah gitu ribet dan sering telat dan ga sinkron harga juga sering menang dibandingkan toko biru 🔵",2026-04-24 12:31:01,playstore
b9394c97-87fc-4be2-b03c-6803618ec177,"pembayaran sulit, transaksi gagal di proses muluu",2026-04-24 12:11:37,playstore
9715ea43-48b3-4a44-a73b-c3c21b05baff,"Eh Alfa, gua pesen belanjaan di alfagift dr siang sampe giniari Jam 19.02 kaga dateng2 . tbtb Pesanan dikirim ulang dengan Alasan ""Pembeli tidak dapat dihubungi"". Dzolim banget karyawan lu pada . lu yng kaga bisa di hubungin, kite yang dibilang gak bisa dihubungin. Kalo kaga mo ngirim yauda refund aja duit nya, atau kaga minimal lu ngabarin . di aplikasi tertulis 1 jam setelah payment, giliran ude bayar lu malah ngilang",2026-04-24 12:02:51,playstore
066a524c-39e0-4447-b868-6ddf6a4dcb5f,"pesanan gak di amtar2, pesan siang sampai malam pun gak nyampe2 itu pesanan!! di chat pun admin nya gak respon2! gak mampu pake layanan pesan antar, mending gak usah pake!!! sumpah, bakal gw hanpus sih ini aplikasi gak guna!!!",2026-04-24 11:25:48,playstore
0631b2d3-b847-4945-91f7-a0e4ee12b08d,"beberapa kali selalu lelet pengirimannya dan baru ini tadi pengiriman tertunda karena pembeli menginginkan penundaan pengiriman kek cuy, aku gak chat apa² ke tokonya loh kok malah pengiriman ditunda karena pembeli? pakai aplikasi ini karena emang lagi gak bisa keluar ehh malah dipersulit",2026-04-24 10:33:25,playstore
f6f3b1cb-5b56-4dea-b3ed-13c98addcd08,"pengiriman lama, di chat disampaikan pembeli meminta penundaan, padahal tidak benar sehingga kesannya kurang profesional. maaf sy uninstall aplikasinya.",2026-04-24 10:27:15,playstore
a2b78b1e-fab8-4ff6-9a89-ff96e883e3e5,LEMOT. Mau load gambar jaringan bagus juga tetep LEMOT udah lama dittungguin masih ga muncul juga. MACET. Kalau search atau mau scroll aja macetnya parah banget patah patah dan kadang kembali sendiri. Terus harga di toko masa beda sama di asli dan ga diubah? Pengiriman juga selalu lama banget. Minimal Adain fitur cancel lah? Maks 1 jam setelah pembayaran tapi datengnya bisa yang lama banget. Aplikasi gajelas.,2026-04-24 09:06:49,playstore
ee218f9b-dfd3-4a2a-acaa-e5b548a4b983,tidak bisa buka,2026-04-24 08:59:01,playstore
12cc272b-47c6-4007-bb29-7ff3e7360b04,mau isi e-walet yang paling gede cuma 50k kalau mau isi 300k harus beberapa kali,2026-04-24 08:50:42,playstore
84239ed5-dc1d-4524-bf13-2f25b527cea9,kok bisa sih selama itu alfagift? kenapa ya kurirnya se suka mereka aja nganternya :< kita sebagai konsumen harusnya di hargai juga dong? masa beli harusnya dateng jam 2 siang malah dateng jam 9 malam? Dalam pengiriman terus? aku udah kapok banget pake alfagift,2026-04-24 07:44:45,playstore
9f77d9f7-fb8b-4208-b8f6-6be4f555c43f,"Pengiriman buruk, estimasi harusnya sampe jam 12 siang tapi sampe jam set 2 ga sampe2. padahal dikirim maks 1 jam setelah pembayaran. mendingan ke indomaret deh",2026-04-24 06:30:01,playstore
71ee75a8-e327-4652-a5be-1e07b733ed63,"gratis ongkir mas bozz, belanja berpun, gk rugi la ya, mana ad skarang yg gratis ongkir🤣",2026-04-24 04:49:43,playstore
451fee28-9d1a-43a0-899c-02483883ec8f,"mau masuk ke alfagift kok ga bisa ya? bilang nya ada kendala, padahal baru aja mau nyoba alfagift tapi malah ga bisa masukin nomor telfon",2026-04-24 03:50:45,playstore
f4306ead-526f-4085-8ca2-fd3f0fb7c228,"pengirim sangat lama sekali saya cuma mesen minyak goreng satu liter udah mesen dari jam 7 pagi, tadi emang sempet ketunda pesenan sekarang belum juga di kirim kirim dari jam 8 LAMA SEKALI",2026-04-24 03:11:31,playstore
5519e441-f273-4559-b6c0-5e31b76ae1f3,tidak bisa membuka app selalu roted enviroment device gajelas,2026-04-24 01:59:34,playstore
4b35cf45-8a43-4527-bdb5-f3631db910c2,Good 👍🏼,2026-04-23 22:44:02,playstore
573c8484-c2e3-460a-b2ea-bee83de2d9bd,ko prasaan stocknya kosng mlu smuanya.. order smuanya kosg,2026-04-23 21:49:49,playstore
079b9222-9e5f-45c9-8ba3-3d1a05d42e8d,bagus kok,2026-04-23 13:49:44,playstore
86928a0e-b024-4307-ae22-836748f58e3d,Jgn ragu lagi cepetan download,2026-04-23 11:56:38,playstore
c456ecf7-3f34-4720-b8e1-c9cb8050d673,"estimasi jam 2-4. ini sampe jam 6 gak di kirim2, hapus aja layanan pesan antar!!! jelek bgt pelayanannya!!!!!!!!!!!!!!",2026-04-23 11:10:14,playstore
770bc2b7-fb4a-44a8-8a6c-c9c6568b0393,Alfagift belanja online siap antar seluruh cabang indon,2026-04-23 09:45:51,playstore
e0c72d91-0635-4a13-9321-15ed1cec8016,Ga banget pengiriman lama pake bgttt. padahal udah atur pengiriman 1jam setelah pembayaran tapi ga dikirim2 sampe 3-4 jam. status di apk udah diterima kenyataan nya NOL. BELUM DI TERIMA!!,2026-04-23 08:23:51,playstore
5fc36e87-0672-459c-9b5c-700acb2dd4f0,"2x transaksi disini, leletnya mashaAllah Allahu Akbar 🙏🏻🙏🏻🙏🏻 hari ini coba order di jam 1siang karna masih positive thinking, tbtb dpt chat karna saya gabisa dihubungi pdhl saya standby handphone & bolak balik aplikasi ini. saya spam chat tbtb dibalas adanya antrian, kalo dr awal announce terlambat karna ada bbrp antrian its ok kok saya jg ngerti. order dr jam 1 siang sampai detik ini 15.22 barang pun belum sampai.gajelas lelet udhlah terakhir saya pane alfagift untuk belanja delivery bye.",2026-04-23 08:23:01,playstore
ce732efa-9659-4794-9f74-209c6e27562a,praktis butuh sembako langsung kirim HR ini zg,2026-04-23 08:16:37,playstore
bc9dee97-772d-42e2-b011-035379eac226,"dulu pakai alfamart sangat mudah dan memuaskan, sekarang pelayanan sangat mengecewakan pengiriman luamaaa barang sering kurang bahkan orderan sering di batalkan",2026-04-23 07:59:02,playstore
81fa375e-ce89-4606-954c-5c17de130247,bagus,2026-04-23 05:31:47,playstore
c70fd224-5803-4803-be0a-572ba213f2a2,oke banget,2026-04-23 05:26:30,playstore
8bc8689b-f75a-49e9-a930-d8adaabeba71,APLIKASI LEMOT,2026-04-23 05:26:16,playstore
88d1662a-b7b5-48ec-b3f1-632ffbb210c4,"pengiriman lama, chat gak di tanggapi, penundaan terus, tidak usah buat pesan antar jika tidak menjalankan dengan baik",2026-04-23 05:13:22,playstore
d0e8a1f1-be6b-40f8-8fef-ff3dde33132b,gak bisa order pik up karena harga berbeda..,2026-04-23 04:24:48,playstore
d40433db-03eb-47ca-87c0-36f9ae8695b4,"Alfamart, terimakasih sudah memberikan pelayanan terbaiknya aku udh langganan apk dr 2019,dan selama ini oke oke aja, kalo ada barang kosong lgsg dikonfirmasi kasih opsi, dan kalo kirim selalu tepat waktu, BEBAS ONGKIR jugaa harga di Alfa jg lebih murce dr sebelah, pelayanan jg lebih bagus ini, pokona mantaf laah",2026-04-23 04:08:43,playstore
f64c387d-3084-471c-afab-79043ea5db34,jujur suka banget sama aplikasi nya tapi kalau mau cod harus minimal 50ribu 🥲,2026-04-23 03:31:09,playstore
2ce0d902-f256-4a70-bbab-be9900416881,"alfa makin kesini LELET PENGIRIMNNYA mending belanja di aplikasi lain gasampe 30menit sampe harga sama... ada pilihin 1jam sampe udh 2jam lebih gasampe2 udh di chat padahal butuh cepet karna dirumah masih urus yg lain... ini gacumam di alfa taman palem , klo lg kirim ke toko yg di meruya atau daanmogot jga LAMAA",2026-04-23 03:21:48,playstore
544c9394-e433-4692-acf8-d4929ed984d1,"pesen dari sebelum buka biar pagi langsung di kirim, malah penundaan karena pembeli meminta tunda, kocak",2026-04-23 02:03:13,playstore
841d2305-e735-4f0b-abd7-8572ee6952e4,gak bisa di buka ngelag,2026-04-22 18:34:50,playstore
92d54204-e1ec-4185-a2b1-f79ab434e4d7,"bagus, dan bermanfaat",2026-04-22 18:09:49,playstore
7290cfcd-0c32-4dee-958a-ededc4be7e29,aplikasi aneh mau melakukan pembayaran lupa pin 3x mau riset pin malah pin terkunci,2026-04-22 13:18:47,playstore
b8b15da3-0093-4a6d-9e2d-9d2ca1f3b0b1,"cuma dapat notif chat, tidak di beri tau klo kurir sudah sampai",2026-04-22 13:16:20,playstore
47fc8ba0-2084-44ee-b2aa-63d21d6ba505,Apa banget sih mau jadi pengguna alfagift juga susah banget ribet harus aktivasi dlu ya udah mah lama udah isi segala macem identitas sama email tetep aja harus aktivasi pas udah setuju sama semua syarat ketentuan malah terdeteksi akun mencurigakan apaan si ribet orang itu akun saya saya masuk dulu udah jadi member aktif poin udah banyak mau dipake belanja gabisa masuk ribet banget sih gausah pake aktivasi2 tingkatin aja pelayanan gimana agar lebih efisien & mempermudah pengguna.,2026-04-22 12:50:12,playstore
072ce6e4-8105-4e2e-9d42-bef85b6d2280,kenapa top up dana skrg ada adminnya di alfamart 🥲 biasae gaada. adminnya ga keliatan juga... karna petugasnya ga bilang...,2026-04-22 12:07:03,playstore
a4d9ddbd-11dc-4f88-b11b-6082dc36e2ea,ini tadi siang syaa pesen barang lewat aplikasi alfagift. dari situ saya tidak buka aplikasi sama sekali karena dulu sering beli di aplikasi kurir bisa langsung WA kalau sudah deket. tapi ditunggu sampai jam 5 sore kurir tidak ada WA ke saya. saya buka aplikasi ternyata sudah chat banyak dari pihak alfagift. saya tanya disitu apakah WA tidak tertera dan di balas mohon maaf tidak. apakah memang dari alfagift tidak bisa WA customer? mending di kasih daripda salahpaham kayak gini,2026-04-22 11:03:30,playstore
6b91bff1-84e0-4a9c-a550-5966624de2ad,slow respon,2026-04-22 08:45:16,playstore
c3f18606-3f9a-47b7-bf0d-da197d8a788b,Tolong sediakan opsi mode gelap di app Alfagift dong. Biar lebih nyaman saat searching barang kebutuhan favorit keluarga.,2026-04-22 07:49:08,playstore
205bdac7-c5ee-4408-b744-fb2430d2b651,"gajelas, tiba tiba pengiriman ditunda, katanya pembeli gabisa dihubungi, orang dihubungi aja gada, apalah",2026-04-22 07:14:21,playstore
204fac06-d69c-4dcf-b35a-f631d724b50b,"pengiriman lama...barang yg dikirim tidak lengkap, tidak ada konfirmasi, tidak ada pengembalian dana tapi d komplain diam saja tidak ada respon,untuk toko Pengging 2..semoga tidak terjadi di customer lain",2026-04-22 05:17:41,playstore
b3098279-29bc-4012-a89a-11863aaae5bc,"Ini order galon dari jam 9 pagi. sampai sekarang jam 12 belum dikirim. Ini kenapa ya? bagus sih gk ada ongkir, tapi pengiriman super lama. padahal udah milih yg maksimal pengiriman 1jam",2026-04-22 05:11:51,playstore
55691ffd-0719-40e9-b89a-8e7ad697a43e,"buat yang nganterin plis sampe ke tempat nya dan ke orang nya, apalagi yg bayar langsung ga cod kadang suka naro dmn aja harus profesional klo emg gabisa nganterin uda jangan di terima orderannya",2026-04-22 03:25:04,playstore
9134e0a9-8a6c-4e04-8d87-83406cf5e960,"aplikasi nya tidak jelas, mau mendaftar selalu tidak bisa, balik lagi ke awal pendaftaran!",2026-04-22 03:00:12,playstore
504b124a-fbed-40f7-91cf-85b527cecf6a,good,2026-04-22 01:15:23,playstore
6d1e810e-20a4-4f5e-b7c9-4e76ffdf589e,gak bisa masuk,2026-04-21 22:24:16,playstore
ac700368-f426-4124-af9e-22e715c96376,sangat bagus dan memudahkan untuk berbelanja,2026-04-21 17:32:11,playstore
8d997cdb-02de-4461-8a0c-1a32113d3718,"keterengan sedang dikirim, tiba tiba di tunda dengan alesan pembeli gak ada dilokasi. sedangkan gak ada kurir alfa datang kerumah. dan pas ditanya, kurir bilang karena batre hpnya abis jadi gak ada alesan lain. duh perbaiki sistemnya pengiriman kadang lama. kurirnya kadang juga seenaknya",2026-04-21 14:11:40,playstore
7bd2d878-dd4a-49ed-9d65-9ad5e4224e4a,kurirnya salah alamat tp gk mau balikin ke alamatku. Alhasil gw rugi,2026-04-21 12:51:41,playstore
ee8c95c4-03dd-48ce-ac79-05247eada48c,"Bagussssss buanget aplikasinya, ini juga berguna,kita bisa langsung liat apa aja yang di jual di sana,jadi kalo misalnya barang yg kita mau beli ad atau ngak kita bisa tahu duluan,sebelum kita repot repot ke sana terdebesttt buangettttt dehhhhhh pokoknyaaaaa......",2026-04-21 12:46:04,playstore
cb86bb62-f60a-4866-a4ee-21f31adf2f1b,"Ikut Komplain Pesan pilih pengantaran 1 jam setelah pembayaran 3jam juga masih belum diantar jadi ya lebih baik UNINSTAL AJA, kasih rate Bintang 1.",2026-04-21 11:25:55,playstore
3f218d03-1cd6-4b42-b7b8-d8d7f28aa720,udah 3x pesan barang blum dikirim tpi status pesanan diterima‼️,2026-04-21 10:46:46,playstore
f693e102-2576-4387-bacf-285f02503989,"bagian alamatnya gak presisi, jd agak aneh di alamatnya. suka ada [blablabla] dan itu gak sesuai dengan alamat aku",2026-04-21 06:45:27,playstore
02e66265-4f4a-405e-9f1e-7ece276ff525,"pelayanan jelek, pengiriman lama nunggu smpe 5 jam",2026-04-21 06:02:09,playstore
503efbae-6a28-4224-93fc-37aa0167981a,"sangat membantu diriku saat tidak bisa belanja langsung ke toko karna nggak ada motor hehehe, makasihh alfagift sukses selalu yaaaa🙏🥰",2026-04-21 06:01:18,playstore
f512e890-71b2-4ebe-a856-b2801a645e67,kurang bagus sistemnya masa mau riset pin gk bisa gk dikirim2 kode otp nya padahal email dan no telfon masih aktif,2026-04-21 05:49:46,playstore
adf55430-5501-4304-aecd-71ed910e6f0e,tolong tambahkan staff antar barang di DS daripada mereka harus ngakalin sistem dengan cara klik pesanan tertunda dan di cancel,2026-04-21 03:14:35,playstore
2e0634ec-baa8-4ea9-a0d2-db30f1c44d49,aplikasi nggak guna metode pembayaran gagal semua terus gunanya apa,2026-04-21 01:09:26,playstore
fc170e30-4c5d-4122-be2d-2f18a67cb5a9,ANEH BARU SEMINGGU GAPERNAH TRANSAKSI DI APLIKASI TIBA2 NOMER UDH KLUAR DAN GABISA DI GUNAKAN LAGI MALAH DISURUH PAKE NOMERLAIN KOCAKKKKK,2026-04-21 00:32:00,playstore
61f5b15a-6d38-45a5-b5e2-38dacddb1e57,"jangan download. pelayanan sangat buruk. pesanan saya tidak diberikan informasi ditaruh dimana dan sudah hilang dan tidak bisa refund karena kurang dari RP10.000. dan juga baru kejadian kemarin pesanan saya ditunda karna kurir tidak tau jalannya dan bilang penerima tidak ada ditempat‼️🤦🏻‍♂️ saya sempat panik sampai lari lari ke tempat kurir karna saya pesan kali ini sampai ke harga 50an, dan saat sampai ke kurir,dia bilang ""oh kak, pesanannya ketinggalan di toko, nanti saya antar balik ya""",2026-04-20 21:36:38,playstore
7b136265-6577-469a-a05c-ab13d0177ce7,aplikasi terlalu berat,2026-04-20 18:19:22,playstore
295f89df-6739-4468-b851-bca754e80879,"baru nyoba sekali, agak kecewa karena tempat saya tidak tercover pengiriman padahal udah milih Alfa terdekat. giliran ambil mode pick up, udah saatnya ngambil, eh malah di apk toko tidak masuk. tapi cukup menyenangkan karena voucher yang aku punya langsung terdeteksi.",2026-04-20 14:42:29,playstore
b8aa4c78-7de5-49e1-9dfd-49b7c95071e1,aplikasi gajelas order dari jam 6 sore sampai hampir jam 9 malam gaada respon,2026-04-20 13:45:09,playstore
5262ee64-8a0a-4345-8982-72fbb937ef9c,"aplikasinya bagus, tapi tolong titik maps dicustomer sama dipihak alfa beda, sering diceramahin sama kurirnya soal titik maps, padahal udh sesuai.....",2026-04-20 13:43:46,playstore
0d6c5223-9bfb-4b99-b57c-9b92b027fed5,"udh 2x belanja ada item yg kurang, dichat kty mau dikirim ulang. ditunggu sdh 4jam blm dtg jg. Nilai ga seberapa tp kepercayaan itu yg tak ternilai. Ga amanah! slow respon lg",2026-04-20 13:37:33,playstore
dd8c2060-c5cd-4821-9e37-22acb237b8db,"selalu dapat store yang bermasalah bintang jelek,padahal ada store lebih dekat,pengiriman lama padahal memilih yang 1jam,mana ditunda cuman gara2 belom sempat balas chat di aplikasi,pembayaran pakai virtual akun bukan cod,harusnya yaudah kirim saja kenapa nunggu konfirmasi.parah",2026-04-20 13:36:32,playstore
e0c1b7e1-7138-4144-8b1a-51a20f752346,"Pengiriman sangat lelet. Tolong hadirkan fitur cancel pesanan termasuk untuk yg metode pembayaran cod. Karena saya pesan barang-barang dari jam 4 sore namun pesanan tidak diantarkan juga sampai malam. Pesan saya tidak dibalas, tidak diberi kepastian pesanan akan tiba jam berapa, sedangkan saya butuh barang cepat. Hey nunggu ketidakjelasan itu ga enak loh :)",2026-04-20 12:40:02,playstore
900486bb-44f3-4e6f-8e8b-5c8875443404,"Halo Alfagift. Tolong, template alasan keterlambatan pengiriman tuh jangan hanya ""atas permintaan pembeli"". Siapa juga pembeli yang ingin orderannya ditunda. Yang Adil lah! Kalau karena orderan banyak, antri, terlambat pengiriman, ya sediakan template nya. jangan kesannya membebankan keterlambatan pada pembeli. Jelas jelas masalah ada di pihak pengiriman. Pembeli pasti bisa menerima kok. Tapi yang adil dong alasannya. Masa etika gitu saja nggak paham sih?",2026-04-20 11:26:57,playstore
ded31095-068c-4e10-a85a-4273aae37391,aplikasi apaan ini gk bisa dibuka,2026-04-20 11:25:11,playstore
a9b8a80b-120c-4986-98c8-2a6d0077dce1,good bget,2026-04-20 11:18:58,playstore
6a31bb6c-9522-424c-8860-cc362eabc0f0,"tolong di upgrade lg ya untuk bisa menerima keluhan dari customer, pengiriman alfagift selalu tertunda hingga berjam-jam padahal sudah memakai pesanan express dan kurir selalu menunda pengiriman dengan alasan pembeli tidak dapat dihubungi namun tidak ada pesan dari mereka yg kami terima jika memang sudah menghubungi customer. percuma di sediakan fitur delivery jika pesanan selalu tertunda hingga berjam-jam",2026-04-20 10:20:38,playstore
9b6c29c9-5122-4f2f-bfa3-a0f0d35cec96,barang diantarkan diluar jam yg dipilih dan chat hanya di read tidak di balas di aplikasi,2026-04-20 08:39:56,playstore
f70ea325-d658-4903-8c67-a9f6a951f134,"aplikasi ini tidak sesuai kriteria masa aku cod uang nya di TF dan tiba"" dibatalin sama Abang kurir nya, kalau gak mau nganterin ya nggak usah jdi kurir lah bang,yang paling marah nya itu udah beberapa hari juga tapi belum uang nya di TF balik,emang kalau di orang lain itu uang gak seberapa, tapi kalau di aku itu banyak, gak mikir gimana orang cari uang susah tapi malah kek gini akhirnya, lain kali kalian jangan sembarang TF ke alfagift ya guys,lihat benar"" toko nya dimana nanti kalian di TIPU!",2026-04-20 05:54:52,playstore
a225a03b-7dba-4847-bc05-3ff7d095d91a,ini kenapa sih setiap mau masuk ke aplikasinya gak bisa2 lamaaaaaaaaaaaaaaaa banget tolong perbaiki ya nanti saya kasih bintang 5,2026-04-20 05:31:49,playstore
9d55496e-ed4e-46da-abf0-a04e7581f76d,"pelayanan lama , Baik CS ataupun merchant yang ada sistem ga jelas , ada opsi pembatalan g bisa di batalin g bisa chtt kurirnya chat Alfa nya jga gada balasan",2026-04-20 03:52:22,playstore
223b95a5-9333-4fbc-9aa0-197aea29a374,"gabisa daftar, setiap masukan password untuk akun baru, langsung sesi berakhir",2026-04-19 20:05:11,playstore
9e03638f-2859-4130-a2ec-543482652bc0,kurir nya marah2,2026-04-19 19:46:30,playstore
215c7754-3eeb-4bda-9535-41c2e30939f3,"percuma punya poin banyak tapi tidak bisa ditukar. kendala saat memasukan pin, sudah berkali kali di reset tapi saat di kasir pin salah terus, sampai kasir pun bingung kenapa pinnya salah terus padahal sudah di reset.",2026-04-19 18:35:10,playstore
3add9769-0fcb-4339-9a1c-3eda0d62d41e,"mode pencarian nya kurang responsif, gampang gangguan tolong ini segera di perbaiki ya Alfamart",2026-04-19 17:58:00,playstore
7b9ebbda-62d4-4955-b8b9-98b7faa7ce22,"pengiriman samgat lambat, 2 jam menunggu barang ga sampai. posisi sudah jam 22.21 barang ga sampai. etis kah ngirim paket malam2?",2026-04-19 15:22:08,playstore
c162cd9e-c085-4455-8513-ab86dcfd5f5b,"udh bagus sihh,tapi yg bikin kurang tuh pengiriman nya lama bgt ga sesuai samaa yg di aplikasi",2026-04-19 14:49:37,playstore
aafd7b64-49ee-4a2d-a8ce-123838d59fef,pengiriman lamaaaa ga tepat waktuuu,2026-04-19 14:14:34,playstore
699c80b2-d52e-405c-85f3-d27b73ebf4f2,"aplikasi cacat, sistem cacat tolol. telat mulu kalo pesen sesuatu tolol lah. benerin si sistemnya gblok bener, di Lampung tu terutama telat mulu, pesen siang estimasi 14.00 paling lambat, sampe abis magrib belum sampe lol",2026-04-19 11:56:24,playstore
1a375383-e4d3-467e-9505-8fdad40b7390,mantep buat yang males dan selalu gratis ongkir saran ya buat Alfagift kan biasanya ada Alfa 24 jam kenapa gak buat 24 jam aja,2026-04-19 09:50:15,playstore
18f70af0-3e69-41f3-93c3-31e30cd23cd2,"Pelayanannya sangat buruk. Pesanan yang awalnya dikirim tiba-tiba ditunda, dengan alasan pembeli meminta penundaan. Saya sama sekali tidak menunda malah menunggu pesanan. Kecewa sekali dengan alfagift ini",2026-04-19 07:44:19,playstore
549dd913-c6c6-4442-833d-995ce921dbde,"pengiriman lelet banget tdinya terbantu, makin lama makin lambat hapus aja kalimat 1 jam sampai itu pesan pagi datang sore ga jelas",2026-04-19 06:52:20,playstore
c77e7c0f-0de2-4457-9c9c-6c4b3fa911e3,"sistem pengiriman sangat lambat,di pesan dari jam 12:4 jam sampai 13:4 sampe skarang 14:14 belum sampe,nga tau kapan sampe nya,mentang"" Uda di bayar duluan barang nya lama di antar,kalau yang mau pesan untuk buat makanan kayanya yang ada asam lambung nga di rekomendasikan untuk pesan di sini takutnya pesanan sampe orangnya Uda di rs,kayanya yang komen bagus"" orang Alfamart",2026-04-19 06:25:12,playstore
f47283d1-cc28-4e19-9cb9-a0d28990186c,"untuk login/daftar susah,. seharusnya ada fitur live chat diaplikasi bila ada kendala susah masuk/daftar dllu.",2026-04-19 05:33:30,playstore
a3ad586f-5c66-4bc7-9c91-4aa877f62018,"Setiap saya belanja di alfagift stok selalu kosong,bahkan hampir semua item yg umum dibeli kosong. Padahal baru pagi ini saya chek langsung ketokonya semua barang lengkap. Alasan saya tidak beli langsung ketoko karena jarak toko Alfamart cukup jauh,tadi karena sedang libur dan penasaran kenapa selalu kosong saya datangi toko tersebut. Ternyata barang yg saya butuhkan ada dan lengkap ditokonya. Tolong admin penjelasannya,",2026-04-19 05:20:51,playstore
042ab1bb-ae8d-4090-8abf-6f75b7642e90,perbaiki lagi sangat sering lag pada saat pemesanan,2026-04-19 04:23:42,playstore
15b80a22-3b16-4e04-812b-d5705d5c419a,udh lama jdi member Alfa sjk 2011,2026-04-19 02:14:18,playstore
ecf268bc-68df-478e-acf7-ae2b5c1575c8,"pengiriman cepat, harga bersaing.",2026-04-19 01:28:35,playstore
3bdac336-36f2-437a-83ad-5b72a631b75c,"masa mau kirim foto di chat toko ga bisa terus, apk juga udah update ke versi terbaru, ampas bgt, kan bingung mau kasih tau gimana",2026-04-19 01:04:09,playstore
33ed38a5-40cb-4c84-be43-898e58a1b71b,"gila, masa iya beli pke aplikasi malah dikasih barang expired!!",2026-04-18 16:29:03,playstore
4a8c2500-141b-416b-b70a-823a9421bfa5,kata nya pengiriman instan tapi lama harus nunggu satu hari dulu padahal pengiriman deket ditambah selow respon jadi mls gw,2026-04-18 16:05:30,playstore
d723aa9b-a258-4778-a5eb-7116a4cd8750,"pesen jam 17.17 jam segini belum sampe jg, terua pernah dimarahin kurirnya karna pesen malem², bner² bad service",2026-04-18 14:21:04,playstore
fe18d209-a33b-4169-96ec-db92e87028d0,"Sekarang Alfamart makin BURUK BELI BERAS STOK KOSONG TERUS, BELI MINYAK MAX 1, BELI GULA MAX 1..!!! KALO DULU BELI MINYAK ATAU GULA BISA BELI 2, 3, 4 SAMPAI 6..!!! 👎🏻👎🏻👎🏻👎🏻👎🏻",2026-04-18 14:02:16,playstore
ce8b6917-8944-4fdc-9c94-d06c86547b50,proses pengembalian dana lama/ribet,2026-04-18 12:29:23,playstore
ebef3298-f72a-45ae-92a2-e5d6317c6dc2,"overall sih bagus, cuma sekedar saran. kalau kita delivery order, pilih Alfa yg terdekat, bukan yang berkilo kilo jauhnya...",2026-04-18 10:41:19,playstore
4593f950-2d07-44da-952f-c8963d7bc76e,terimakasih sudah bertanggung jawab,2026-04-18 09:41:15,playstore
62a33f50-00da-4468-92dd-56661fcd7c07,"harusnya kalo ada penundaan pengiriman konfirmasi dulu, jangan langsung tiba-tiba ditunda.",2026-04-18 06:47:56,playstore
2a6468cf-6dbe-4bd4-b10c-232d86c5459d,aplikasinya jelek banget,2026-04-18 05:34:38,playstore
a77ef698-e067-4a08-a14a-877d228f128e,lemot banget apknyaa,2026-04-18 05:18:05,playstore
ff45cb7e-7dc4-45c4-8107-c187142372c3,"udah sering beli di alfa gif, cuma gatau kenapa udah 2x ini salah trus pertama salah anter, yg kedua salah produknya sya minta selada romaine yg dikirim selada biasa🥲🥲pdhl sblmnya sya order dsni gapernah ada kurang ataupun salah, sya biasa pesen pke akun an yuyun, ini sya coba pke akun adek sya eh salah mulu",2026-04-18 05:18:01,playstore
cea20b0b-04c8-4eea-a806-136c1a499d9e,sering gangguan,2026-04-18 05:00:20,playstore
cc18b78f-6c38-4b92-a828-5f4867128ffd,saya hanya tidak suka menunggu.apalagi tanpa kepastian yg jelas🙏,2026-04-18 02:39:55,playstore
2c730cd9-1e48-4291-a218-0af563b96e4f,"aplikasi terbagus, diskonnya banyak, simpel tampilannya, dh ah tkut dikira buzzer gw, kwkw",2026-04-18 02:10:52,playstore
0ce71889-78de-4829-9fa0-9f6448d2930e,Bagus si. Bisa krim kerumah + gratong.,2026-04-17 23:18:51,playstore
1a433396-2546-4667-bae1-7511536dc1dd,"sayang nya kalo pake aplikasi ga ada udud di etalase,harus ke web nah di web udah masukin produk ke keranjang tapi tetep aja ga ada .biar sekalian belanja 😭",2026-04-17 22:08:16,playstore
ea4c3c7c-14fb-4a7a-bdea-b52c3628e351,"Kenapa pelayanan alfamart makin kesini ga sesuai dengan aturan, saya order dengan pilihan 1 jam setelah pembayaran malah harus nunggu hampir jam 10 malam baru dikirim padahal saya order di jam 6 , tolong lah di perbaiki kasih fitur lacak kurir, status dalam pengiriman tapi harus nunggu 2 jam setelah nya total 4 jam, ngga sekali 2 kali kayak gini, ternyata stelah saya cek penilaian PlayStore cukup buruk semua complain soal pengiriman, perbaiki dulu atau ngga hapus tuh filter 1 jam stlh pembayaran",2026-04-17 14:55:27,playstore
54bf3475-47c6-45e8-8a26-22b1312e06ba,klo pesanan sdh dibyr ngirim ny lama banget gk sesuai jadwa.. kurir ny ganti ganti jd nanya nanya mulu..bikin capek..pdhl udh di sharelok..,2026-04-17 13:16:37,playstore
d60b339f-61b3-42f3-928f-e160e5e10731,meskipun belum mencoba tapi saya percaya akan bagus,2026-04-17 13:05:34,playstore
487bfb4e-0842-4ae6-b6b1-bea2d06b38e3,bagus👍😍😊,2026-04-17 12:33:13,playstore
e51f5795-5368-4334-82d9-9f94a87a0d56,"masa order belum di ambil tapi katanya gak ada, order gula terus tak tanyain, biasanya tuh udah di siapin di gantung pake kresek eh katanya gak ada jelas"" order tapi ket sudah di ambil anak toko gak tanggung jawan, katanya gula stoknya pas paling kadang plus minus misal minus merk A yg plus merk B gitu"" terus berarti kan misal minus ya emg kesalahan anak toko, payah baru kali ini kecewa sama alfa, kalo bisa kaya indomaret min misal mau ambil pesenan harus pakai PIN barcode",2026-04-17 09:47:07,playstore
390e0102-716a-4ef7-9551-7296bb73d08f,os simple,2026-04-17 09:38:24,playstore
d6f643d1-e2f6-4021-95c5-488bda86bfb6,"dengan adanya informasi di aplikasi sangat membantu informasi2 produk2 alfamart,terutama barang2 promo,dimana hal tersebut sgt dicari kaum hawa, dan juga banyak jenis2 barang yang tersedia di alfamart.Untuk untuk alfagiftpun demikian sangat membantu informasi kami sebagai member.",2026-04-17 09:37:10,playstore
b8ba55ae-cb10-45ec-ba78-0daa29ee1e91,sangat memuaskan. tidak ada biaya ongkir dan pengiriman pun cepat.. semoga semakin jaya Alfa😍,2026-04-17 09:02:57,playstore
79d59836-7ab5-443a-8f67-f151c5b3f088,"Aplikasi bagus, tapi pengirimannya lama kaleeeeeee aku pesan pengiriman max. 1 jam setelah pembayaran tapi ni ud masuk jam ke 4, tak di antar2 sm kurirnya dari DC bromo medan dan yg paling parah, dengan sepihak pihak dari dc nya kirim pesan di aplikasi alfagift ""pengiriman anda ditunda krn pembeli tidak dpt dihubungi"" lah kapan mereka hubungi aku, tak ada notifikasi panggilan dari hp aku. Gawat. ku balas ""tahun depan kalien antar"" ada nggak y dari org yg punya saham di briefing soal ni? thx",2026-04-17 04:39:21,playstore
2aaebf4b-cf57-4f18-a14f-f6520c34b2e6,"nemu toko yang selalu ngelabelkan pembeli tidak respon agar waktu pengiriman bisa telat. di cancel, berkali2 tifak bisa. ngehubungi CS di jawab sama AI yg aneh. ga nyaman",2026-04-17 03:28:34,playstore
6bedb25b-a8c8-4564-829d-03fe3de518a1,bagus sekali,2026-04-17 02:45:55,playstore
2e1cda0f-e368-4f3c-a6d5-f7769a673492,halo min. kenapa penjualan rokok tidak muncul di alfagift?,2026-04-17 02:24:18,playstore
a5168afd-09ff-46a8-b359-a1d21f67523b,"Sangat rekomendasi bgt cuyy, kalau misalnya kalian mau pesen barang atau makanan namun ingin cepat dan gratis ongkir, wajib banget download aplikasi ini, rugi sih kalau gak download, apalagi harganya murah, gratis ongkir, dan tibanya juga lumayan cepat",2026-04-16 12:58:00,playstore
cbcfc611-964f-4f29-904b-3928f34f134e,pengiriman lambat gaada respon sama sekali,2026-04-16 12:08:06,playstore
19220cbb-773f-4f39-8a72-ecd627d2ae6a,toko ga lengkap air galon selalu kosong kalau mau order... penjaga kasir jg tidak ramah alamat toko alfamart ruko BCL batu besar batam,2026-04-16 12:05:26,playstore
1a9453da-c155-448c-ba0d-85ea0debfeb5,kenapa stock nya pada kosong,2026-04-16 11:12:04,playstore
e961a0df-c9fb-447d-9bdf-23d8bfd3010b,pengiriman cepat dan barang lengkap,2026-04-16 09:58:50,playstore
6bd80986-4803-4830-bc94-64991d7427b4,"Sudah registrasi email, dan katanya akan dikirimkan otp-nya, tapi sudah dtunggu hampir 1 jam dan bolak balik cek email gak ada email masuk untuk pemberitahuan otp. Padahal internet udah nge-jos, gimana ni min? Tolong segera diperbaiki dong aplikasinya, jangan sampai pelanggan berkurang gara2 masalah ini. Sebelumnya juga sudah banyak komplain, segera di evaluasi dong. Makasih. Padahal pengen ikutan even😎😎🤔😪😪 saya kasih bintang 4, sejauh ini aplikasi sudah banyak perbaikannya. lanjutkan",2026-04-16 08:12:06,playstore
e060c689-57d2-4450-8b05-e7ebc28b4c4f,"tolong untuk untuk pengantaran agar di perluas, karna di daerah saya gk bisa terjangkau untuk pengantaran barang yg mau saya pesan",2026-04-16 07:50:18,playstore
8483ffd1-7678-4ba2-84b7-fd18ff457b96,"makin kesiniii pengiriman makinn lamaaaa pesen dari jam 11 sampe jam 2, pesenan saya ga dikirim, ini diperbaiki dong pengirimannya, klo gabisa kirim cepet yaa gausah dicantumin ada pilihan 1 jam setelah pemesanan.",2026-04-16 07:33:02,playstore
23eb67fa-8743-48fd-bf93-f107737bda78,"daftar tgl lahir sekian pas ke daftar jadi beda, malah jadi dibawah umur anjir gajelas banget, mau tutup akun buat daftar ulang tapi nomor lama kaga bisa dipake daftar lagi. ribet banget ini aplikasi wajar dikit yng make",2026-04-16 07:01:29,playstore
42ac5d5f-a8b2-47b6-bc63-c593ee759964,"Sekarang belanja melalui aplikasi tidak seperti dulu, bahkan mulai dari awal 2026 terlampau banyak yg dibatasi padahal beli bukan untuk dijual kembali tapi emang sesuai kebutuhan, Untuk hari ini tgl 16/04/2026 saya belum ada co minyak goreng sunco tetapi sudah melebihi batas pembelian dan saya coba minyak yg lain begitu juga, Customer service tidak ada manfaatnya Karena jawabannya dari AI , kecewa",2026-04-16 06:45:10,playstore
7ea5f011-7d6a-45ad-8e00-1f73056f1c38,APLIKASI GA JELAS SAYA BELI PULSA LISTRIK KETERANGAN NYA SEDANG DI PROSES PADAHAL SAYA BELI UDH LEBIH DARI 1 HARI SAMPE DETIK INI G ADA PERUBAHAN SAYA RUGI 103500,2026-04-16 05:07:07,playstore
9f7849aa-f65e-44b2-95d8-32c37ab43abc,"pengirimannya lama,padahal pesan dari pagi, malah di kirim terakhir,kurang pula barangnya,padahal jarak dari toko termasuk dekat",2026-04-16 01:59:04,playstore
7828c2a4-77bb-431d-8d7f-7f1d9bd3939d,bagusss sangat membantu. tapi sering gangguan server yahh.,2026-04-16 01:35:34,playstore
7ed896e5-1594-47a7-8f92-5ad66e555e06,alamat tidak tercover,2026-04-15 23:35:48,playstore
3939484f-5694-42a6-9a2e-431d29931f0d,Menurut sy adanya alfagif ini sangat membantu untuk orang yg simple.mls ketoko nya lah bnyk kerjaan.tinggal tunggu aja pasti dianter kok .ya sbar aja tunggu aja .nmnya jga yg ngntr bnyk org BKN cuma kita aja. Kita jga GK tau gmna perjalanan karyawan nya ngntrn ke konsumen nya kendala nya apa aja kan. skrg alfagif GK bsa ngntr lg.jujurly kecewa sih.harus ketoko nya lngsung.tolong dong diadakan lg alfagif delivery nya. tp sejauh ini sy menjadi member gk ada kendala tepat waktu diantar ke rumah.,2026-04-15 19:28:33,playstore
e0231fbb-fee2-4010-bee9-697ea64f5f5a,ini saya pesan...dan di batalkan setelah nunggu lebih dari sejam pemesanan tanpa konfirmasi lagi .padahal saya nunggu pesanan nya..tolong ke depan nya d perbaiki lagi sistem anter nya,2026-04-15 15:08:15,playstore
76ee5a0b-a8e6-4fb9-83f9-31583048686e,"mohon dari pihak alfamart untuk meminta pegawainya, terutama di kecamatan batukliang utara Teratak, lebih teliti karena terlalu sering kurang antar pesanan dan pesanan yang ketinggalan sangat lama di antar harus nunggu esok hari",2026-04-15 14:22:45,playstore
6585d5fe-412b-46f5-aad2-33becd69b238,"masya'allah yah saya udh pernah kasih ulasan emang bagus kalo waktu di daerah bandung/bandung barat saya kasih bintang 5.. tapi untuk daerah bandar lampung keseringan nya lelet/lama bangeet dateng nya😢 seperti hari ini pesan ashar sampe jam setengah 9 malam belum dateng² hmmm, chat juga di lihat online tapi gak di buka² kalo saya chat mau di kirim apa enggak kalo enggak saya ambil ke toko eeh gak di baca², kenapaa ya min ??🙏",2026-04-15 13:21:28,playstore
50f87874-0766-4a3e-b414-ec551ebf7fe5,aku mau daftar tp kenapa verifikasi nya susah gak bisa di geser sama sekali? udah berkali² ganti gambar tetap gak bisa di geser itu puzzle,2026-04-15 13:11:30,playstore
2aae679d-9f52-406d-a891-0d64a7cc0f86,susah banget di buka nya ni aplikasi,2026-04-15 12:23:44,playstore
10b033a3-9e8e-4e50-86ec-f3757745a392,Sekarang produk online nya tidak lengkap.. Yang baru2 doanx.. Yang Laku2 Pengen dbeli tidak ada. Harus banyak diUpdate Aplikasinya.,2026-04-15 12:21:43,playstore
3459614c-16db-4e33-9b65-cc8f68b5c914,kocak tiba2 di tunda padahal baru aja di kirim di bilang pembeli tidak ada di tempat jelas2 baru di kirim loh itu pesanannya,2026-04-15 11:59:00,playstore
61bf5eba-6c9f-4700-899d-dc6d9615614e,🙏🏼,2026-04-15 10:51:51,playstore
6690708f-a695-4398-a689-57b6673d2610,"Baru kali ini selama pengiriman dikirim barang cacat, kemarin beli es krim udah kebuka segelnya dikit di bagian tengah dan es krim nya ancur parah.",2026-04-15 10:03:56,playstore
a4dcdedc-6f44-485d-8496-58e4c7a7e1c7,"napasi app nya kadang bug, mau nambah item ga ketambah terus giti aja terus 😭",2026-04-15 10:01:22,playstore
96922d28-9373-4370-bde9-68f67143f67f,Pengiriman lama sekali pesan obat dari jam 11 siang sampe jam 5 Sore blm sampe sampe padahal Alfamartnya dekat tolong di tingkatkan lagi pelayanannya,2026-04-15 09:03:38,playstore
517278f1-12de-4643-91d0-ef26dcf5c294,sangat memudahkan pembeli apalagi gratis ongkir😍😍,2026-04-15 08:25:10,playstore
a8e6f131-e020-4abc-9d37-0a29c5d65a10,"pengiriman lelet banget aku pesan pagi dikirim sore yang katanya estimasi 1 jam kita dibuat nunggu sampe 4 jam lebih gak masuk akal, adminnya udah di hubungi gak dibalas chet cuman dibaca apa gak tambah emosi kalo kyak gini,ini penilaiannya bintang satu pun gak ada, bintang 0",2026-04-15 07:35:08,playstore
72d323b6-bf84-4412-8e19-4d90a9682818,"pelayanan boot semua, bikin laporan refund udh 3 hari duit masih belum balik juga, proses mulu proses mulu, pelayanan nol, cs nya boot.",2026-04-15 05:41:34,playstore
474f0a7c-6314-47e8-a636-a3102ee3dcbf,"pelayanan pengiriman pesanan yang diantar ke alamat sangat buruk, di status tertulis sudah diterima tetapi kenyataannya pembeli tidak menerima. sudah menjukan komplen lewat chat tapi tidak ada balasan dan itikat baik dari toko/kurir. mohon alfagift menindaklanjuti tersebut",2026-04-15 03:51:10,playstore
97039b20-c1d2-443d-a125-ad9c8add5a1c,aplikasi lama untuk pengembalian dana sudah lebih dari 1 minggu dana saya belum di kembalikan jelak layanan nya ni,2026-04-15 03:43:58,playstore
269d1588-2598-4a65-a92b-1170c69bd951,"Sebenarnya bagus banget, udah gratis ongkir, tapi tolong dong tambahin pembayaran Cod, kadang mau pesen tapi gapunya saldo",2026-04-14 23:36:18,playstore
43fda53f-6cc2-4998-9d33-926da47f68eb,LELET PENGIRIMAN NYA!!!!!,2026-04-14 16:47:17,playstore
17ab97dd-2a34-4bfe-8d41-71ddbf2ef1e4,aplikasi udah bagus cuma tolong di perbaiki di bagian pelacakan pesanan agar customer bisa tau pesanan sudah sampai mana,2026-04-14 14:50:21,playstore
61680d44-02fc-4dbc-8b3b-280c33345ea3,"tolong ya min untuk pelayanan delivery order tolong di tingkatin lagi, ini saya mesen yang instan maksimal sejam 2 jam baru dateng, udah gitu nganter nya nyasar ke rumah orang padahal biasa nya engga salah",2026-04-14 14:39:21,playstore
dac27897-3095-465f-a518-8555e290b9db,lelet bgt saya pesan katanya ga ada paket gimana sih pdhl sudah ketik beli,2026-04-14 12:27:23,playstore
dc4b73d8-a8e9-430c-aaa4-bc45008813d3,sangat baik,2026-04-14 12:07:44,playstore
8d0942de-57e7-4293-a5d8-1c78c555c28c,"pengirimannya lelet banget, dan bukan sekali dua kali tapi berkali-kali bahkan bisa telat berjam-jam. pernah order dari jam 5 sore dan baru dikirim jam 10 malem lewat padahal aku pilih estimasi 1 jam doang. bahkan sekarang lagi order udah lewat 2 jam tetep aja belum dikirim dan cs nya gak ada bales apa-apa",2026-04-14 11:39:43,playstore
8aae0034-91a9-47cd-b9e9-04d345f4b5cf,kenapa pilihan Pilih Metode Pembayaran tidak bisa di click ya...... tolong dong segera di perbaiki terima kasih,2026-04-14 09:50:51,playstore
561b46de-776f-4b54-9f73-a91d5bfa0d4a,isi dana GK masuk masuk,2026-04-14 08:34:12,playstore
3f11507c-757a-4edf-a9a9-ad83d4c38b39,saya pesan air prima...2 pengiriman 1 instan dan 1 pengiriman internal sdh lebih dari estimasi 5 hari barang blm di kirim duit jg ga bisa refund...kacau bgt .. di chat no toko wa ga aktif di telpon ga nyambung...kapok pake alfagift ... ga lagi2,2026-04-14 07:39:26,playstore
dee223ca-eb05-49ab-982c-935be7d72c68,aneh bgt daftarnya susah,2026-04-14 06:14:57,playstore
d03a85a6-5e5f-4b6b-bbf5-7739931ca1e9,"pengiriman lelet bukan skali duakali,di aplikasi pengiriman maksimal 1jam stelah pembayaran nyatanya 4jam blum dteng"" jga",2026-04-14 04:40:26,playstore
06ace2aa-b3ff-45c4-8a5d-1b509d5d77d3,fitur live streming tidak bisa dibuka kode M-011,2026-04-14 02:31:49,playstore
ff2bed85-55e1-4db8-b8b8-aa24797e3b31,tolong sediakan pembayaran transfer bank,2026-04-14 02:28:16,playstore
000ee2dc-e9bb-40a9-80a5-5ebbbc702d9b,Tolong deh diperbaiki lagi sistemnya kacau kacau,2026-04-13 21:25:49,playstore
deb7c060-47f3-4936-b215-f559909cba8e,order diterima tapi pengantaran lalod skli cht nda respon2 padahal lgi pesan air minum sudah haus sekali dan perlu sekali,2026-04-13 16:04:52,playstore
4ac64aa8-0937-4cc3-a3c5-ee1254cc04a9,"sayang di aplikasi nya belum ada pembatalan pesanan , jadi kalo salah harus dibatalin ke cs toko nya gak bisa sendiri . aku kasih bintang 3 dulu, kalo aplikasi nya berkembang aku kasih rating bintang 5",2026-04-13 14:17:56,playstore
bf536d8a-358d-4495-8851-88df105d049b,"dari 2023, - 2026 3 tahun kira leh ad perubahan ternyata tidak ada. lokasi A A Maramis sangat BAD attitude untuk pengantar. terima kasih 🙏🏻",2026-04-13 13:55:03,playstore
782cc7d2-e403-49dc-92dc-5d739f4eb05e,👍👍👍,2026-04-13 13:52:23,playstore
8511a8de-9458-473a-a74c-fd1303d6971f,"beberapa kali mesen, barang baru sampai 5/6 jam🥱🥱",2026-04-13 12:19:52,playstore
b83fced0-8e21-4dfd-ae0f-a7070e5d2e7b,"buruk sekrang,beli minyak goreng cuma bisa 1pcs,",2026-04-13 11:16:25,playstore
59260c08-cc0d-402a-8e9a-f40015e93161,pengiriman lamaaaa,2026-04-13 11:03:20,playstore
adaf6cf1-24a0-4254-82eb-8e1d2fde097b,"benar² kecewa sma pengiriman daerah saya di sepulu bangkalan, bbrpa x order di batalkan trus d bilang motor rusak trus g biss ngirim, sdgkan k tokonya lgsung produk yg d aplikasi ada pada kosong, dan jelas² motornya masih ad depan alfa, tpi dgn entengnya hilang udh bbrpa hari d bengkel, d kira beli online orang itu malas apa gimana, bukan cuma malas krna las k toko lgsung brang sllu kosong, d aplikasi meski limit ttap bisa d order tpi kurirnya pemalas g mau ngirim k alamat yg jauhan dikit",2026-04-13 10:42:21,playstore
5e2c085b-07ff-43b3-beef-21deaed83e17,"aplikasi membantu buat belanja online, stok barang juga update, tapi sering banget pengiriman tertunda tanpa ada keterangan. Setelah tertunda juga gak ada pemberitahuan pas mau dikirimnya lagi. Gak bisa lacak kurir udah sampai mana jadi bingung juga mau standby atau ngelakuin kerjaan lain. Kalau dichat sering centang 1 dan responnya agak jutek. Pengiriman kadang tidak sesuai jadwal, kadang lama bangettt kadang cepet banget.",2026-04-13 09:46:49,playstore
eb74fb90-aef8-4a3c-bde3-7292f0b86636,"entah kenapa kalau saya berusaha chat SELALU CENTANG SATU, ini menyusahkan sekali karena jalur komunitas dari alfa ke customer hanya chat. Saat mencoba fitur telepon juga tidak tersambung alasannya ""NOMOR YANG DIHUBUNGI TIDAK AKTIF"". Terus gmn cara komunikasi yg efisien????",2026-04-13 09:01:37,playstore
daa87ccd-9b93-45ee-a6a7-03645aa468fa,tadinya tertolong adanya alfagift . cepat pengirimannya kecuali diatas jam 7 ga bisa diantarkan harus besoknya. brang jg sesuai pesanan. cuma makin kesini beli barang ada yg ga ada trus di return dari sananya yg lain ga dikirim/diantarkan. ini beli lagi katanya ada yg exp tapi yg lain jg ga mau kirim/antarkan . kalau ada yg kosong/exp gpp ga prlu diantarkan tapi masa iya direturn smua .,2026-04-13 08:58:25,playstore
d4fc42dd-2abc-43f4-959e-bc906d33af9a,Lama.,2026-04-13 08:51:52,playstore
43c86c29-414e-4409-a4bb-fc2fbe4a6350,"mohon maaf sekali alfagift, management kalian sangat belum siap sekali dengan adanya sistem ini. asli sangat lelet sekali. tolong nonaktifkan dulu lalu benahi sistemnyaa",2026-04-13 08:31:29,playstore
db459a5e-e964-40f5-88cc-49f2fa374ff5,"percuma diadain aplikasi buat blanja dari rumah, tp pengiriman lama bgt pdahal pilih opsi yg pengiriman max 1jam dari pembayaran, ini udah nunggu ampe 1 jam setengah pesanan gk nyampe nyampe parahnya lagi di aplikasi keterangannya pesanan sudah diterima, padahal pesanan blm diterima sama sekali",2026-04-13 07:54:19,playstore
26bc1587-ad13-491b-81cc-a8813cb95bee,"Kecewa, saya belanja pake aplikasi ini, status sudah dikirim dan diterima tapi barang sama sekali tidak saya terima, foto pengiriman hanya formalitas jalan saja, dan nama yg terima juga tidak jelas, sangat kecewa saya",2026-04-13 05:27:48,playstore
20ee8fe2-b9ec-43ac-82ac-b336fa5ec955,suka eror pertama gak bisa melakukan pembayaran tah kira jaringan sebentar d coba aplikasi sama sekali gak bisa d buka mna suka out sendiri,2026-04-13 05:21:27,playstore
cac306c0-7f1a-4893-a29c-4b13abccaa64,pengirimn ny lama bgt bgt bgt bgt bisa smpe 3/5 jam;(,2026-04-13 04:50:26,playstore
7db553b4-5643-4144-adaa-47bee357943c,"Bagaimana kelanjutan permasalahan saya? Kenapa tidak ditangani kerugian saya? Padahal peraturan anda, jika customer tidak dapat struk maka belanjaan gratis (nyata nya belanjaan saya tidak gratis) Selanjutnya struk yang saya minta sudah dikirim oleh anda namun dalam struk tsb ada belanjaan yang tdk saya beli Selanjutnya saya mengalami kerugian atas poin Alfagift saya yang tidak bertambah & 1 stamp utama saya tidak bertambah, dimana yang seharusnya jika sesuai struk saya mendapatkan hak itu",2026-04-13 02:38:36,playstore
c5fdcde9-c471-4c17-8d5e-537f6bf2a618,tolonglah untuk pembayaran cash masak iya minimum 50rb,2026-04-13 01:23:16,playstore
c3b49e43-71ec-47c1-9c74-ad1bf4f06f8d,good lahh inii alfagift suka ajaa belanja online,2026-04-12 23:22:47,playstore
83e5ab38-f34b-47d5-b116-68390ae0b019,lambat bgt pengirimannya,2026-04-12 14:42:00,playstore
138cc3a1-dc57-4847-a11f-4ffaced7da04,"pengiriman lama banget, ga ada respon dari toko yang terpilih buat kirim, sangat disayangkan. dichat ke room chat juga ga ada respon. minus minus minus. jadi harus tlf ke call center buat pembatalan. udah nunggu karena butuh urgent. ahh bad. no pesanan O-260412-AGHKCWP.",2026-04-12 14:28:43,playstore
7f89b149-4a9a-4177-bebd-4601a9845caf,gausah bikin pilihan pengiriman lama njeng,2026-04-12 13:52:38,playstore
3eda990e-a8fe-4695-8f21-7625ad452e73,"lama, ee bngt pesen jam segini dateng besok lol!",2026-04-12 13:36:28,playstore
0fd4349b-5741-4bee-a8d5-4980625823d5,"GAJELAS, GABISA DAFTAR, ANEH!!",2026-04-12 13:08:52,playstore
6ea823eb-194e-49cb-8402-53e4f63b15c5,"males pake alfagift lagi.. muka kurirnya pada gak ikhlas kalo nganter, mungkin lebih enak kalo di toko bisa duduk2 dibanding keliling nganter pesanan, lebih baik kerjasama saja dgn kurir Shopee atau Grab.",2026-04-12 12:05:18,playstore
3e37de43-7696-4dbf-97a1-ce0112212dd4,"sebaiknya kalo gak bs menjanjikan 1 jam sampai sejak order, dibuang saja. konsumen bth kepastian, order jam 16.00 sampai pukul 18.15 wib blm ada kejelasan, pantas saja untuk pengiriman tdk begitu laku karena layanannya yang buruk !!!",2026-04-12 11:16:43,playstore
d6692c82-0981-4bf5-9c03-af551ce0b0fe,"Baik, sejauh ini seller, kurir amanah, pernah dapet produk cacat. Gercep banget diganti. Masyaallah sukses slalu.",2026-04-12 10:31:42,playstore
f404c71f-88f9-49ec-8a20-c4e9b947e2bf,setiap barang diskon yg di aplikasi ada.. pas mau di ambil ke toko jd gk ada malah di kembalikan uang transfer an nya.. seharga barang setelah diskon.. kecewa,2026-04-12 07:44:45,playstore
2ba8c6c0-9378-44c3-8198-268126a11ca8,"pengiriman lama, no respon",2026-04-12 03:08:44,playstore
09f48d77-fb97-4b4d-9933-d4969fa8a3bd,"HARI INI SAYA AKAN BERALIH KE ALFAGIFT DARI YANG BIASA KE TOKO KARENA HARGA NYA TIDAK SESUAI, DI APLIKASI HARGA PROMO SEDANGKAN DI TOKO HARGA NORMAL PAS WAKTU BAYAR TAPI DI PRICELIST NYA YANG DI PASANG HARGA PROMO. SAYA TANDAIN TOKONYA DAERAH PATI JAWA TENGAH.",2026-04-12 02:45:34,playstore
f6d46b6a-b22f-4e11-a80c-b58a3d2e90f4,metode bayar shopee pay go pay selalu eror,2026-04-12 02:34:59,playstore
c3ee5765-9a9f-45c7-a623-f945daf97e85,"saya order pesanan di alfagift saya sudah selesaikan pembayar via ovo dan saldo saya sudah berkurang, namun statusnya berubah dari sedang diproses menjadi dibatalkan, lah terus uang saya tidak di refund, tolong aplikasinya diperbaiki kalau pesanan saya di batalkan yah kembalikan dong saldo saya. aplikasi tidak jelas",2026-04-12 01:38:37,playstore
d31c72e1-e952-42f2-8406-0f9733055548,makin aneh alfagift padahal di aplikasi nya barang nya ada dan harga nya murah ketika ke Alfamart nya langsung eehh harganya beda dan mahal pula hadeeh udah capek capek jalan dari rumah ke Alfamart tapi barang nya mahal uuh...,2026-04-11 15:51:31,playstore
bac62348-0d3b-42d3-a7d9-4ace9d2c47a1,pengiriman lelet chat ga dibalas padahal online telat bisa sampe 2 jam an gak banget,2026-04-11 15:15:13,playstore
e04c4900-ce51-4896-a95f-c92fe5be631b,"Slow respon, yuh bisa yuh.. sat set!",2026-04-11 14:58:58,playstore
d3ca2296-07ee-41a0-ac6e-8133ba19216c,kok sekarang sulit sekali masuk aplikasi.....google maps sudah on tapi masih suruh on kan....berulang x tetap ga isa masuk......jadi males belanja,2026-04-11 11:49:52,playstore
f7b56936-0cd9-4546-9e58-943af1562b74,sangat murah meriah,2026-04-11 07:50:08,playstore
5b513c99-c068-4ede-9ac1-720fbc517788,"pernah kasih bintang 2 di alfagift, gara gara lama banget kirimnya, serta mau pesan, dan pengantarnya dia lagi, tiba tiba lama menunggu langsung di cht pesanan di tunda,heran banget. pengirimanya juga sangat lelet",2026-04-11 07:32:28,playstore
6efad99d-9091-4e62-bec9-5ffb8e1fdc59,"di aplikasi barangnya ada, ditokonya kosong, pengembalian uang dalam bentuk poin dalam waktu 3-7 hari,. bukan masalah nominal, pertanggungjawaban kalian gimana? kalau nggak ada barang buat kosong, jangan buat ada isi,. tiba refund 3-7 hari bentuknya poin lagi, lucu",2026-04-11 06:58:44,playstore
c1bef24a-e919-4569-9a18-a1052232bf01,sudah lama berlangganan di alfamart tapi semakin hari semakin jelek mental dan atitude kasir nya terutama di jl tjilik riwut km 1 kasongan dekat bundaran polisi.,2026-04-11 06:38:23,playstore
fad70a86-d889-4b7d-867c-3aead2f13446,alfagift dimedan ds ringroad pengirimanya sangat lama dan keterangannya dibuat pembeli yang meminta menunda,2026-04-11 05:23:32,playstore
ba090591-9ba7-4ae4-a95a-1aa49f7f9cb9,"duh aplikasinya sering lemott, mau pembayaran malah balik ke beranda, trs alamt suka berubah""",2026-04-11 03:21:03,playstore
60d1acb8-15fd-4176-aa07-7ba659f439c0,"plss lah kasih customer service yng bener2 orng asli,jangan ai. gw tiap bales masalah reffund ai mulu dibales2. padahal admin asliny pasti adaaa",2026-04-11 02:33:51,playstore
6665688c-a54d-4fbd-b5af-295a675062b5,maaf rating sy turunin yaa. bbrapa hr trakhir belanja ada 1 barang yg tdk di antar. chat di aplikasi ga ada tanggapan lg,2026-04-11 02:29:31,playstore
f9355e29-53a9-4d78-8580-2efaa5a6b426,"tertera pesanan diatas jam 9 malam dikirim besok, saya dua kali pesan sebelum jam 9 malah dikirim besok juga, alesanya pembeli tidak ada di lokasi,saya tanya di chat ga di bales,saya tlpon nomornya gabisa untuk tlpon,bad bgt sih",2026-04-10 14:08:25,playstore
8b880023-8d81-4ce1-a001-5215fd31075e,"Orderan saya tiba2 tertunda karna pembeli tidak di hubungi, telpon aja nggak. padahal awalnya sudah dikirimkan.",2026-04-10 13:07:30,playstore
c2c54ec6-699d-44b4-941d-c5130fdc056d,Sangat kecewa dengan pelayanan toko melalui pemesanan di Alfa gift . sudah lama saya menggunakan alfa gift sampai grade sudah di grade ke 4. tapi sangat disayangkan kemarin pesan di alfa gift pesannya sore tapi sampai besok paginya pesanan tidak kunjung datang. dan lebih kecewa lagi saya mencoba bertanya lewat chat di aplikasi tapi hanya dibaca tapi tidak ditanggapi. pelayanan tidak semenarik iklannya. saya sudah mengadu ke alfacare lewat E-mail tapi sama saja ribet. intinya sangt kecewa. parah,2026-04-10 11:48:56,playstore
526b3eb6-afb6-49a7-ac4a-f3f035234e37,"Pengiriman terlalu lama , bisa chat store tapi percuma karena tidak ada respon dari toko malah disconnect , infonya keluhan bisa DM ke IG official account tapi sama aja tidak ada respon yang berarti , pengajuan pengembaliaan dana di tolak , karena dari store tidak update proses di aplikasi , aplikasi yang belum bisa diimbangi oleh SDM yang ada",2026-04-10 11:00:25,playstore
54400a55-2f94-4dce-ac8b-ce78c8f780a0,LAMA BANGET KURIR NYA,2026-04-10 10:32:29,playstore
99228802-035a-44fe-b56f-519fee8ebf0a,"Voucher belanja Alfagift hanya bisa diclaim di dalam Aplikasi, padahal produk di alfagift tidak terlalu lengkap dari pada yg di toko langsung.",2026-04-10 10:15:13,playstore
356d6bbf-048f-4f3a-b7a2-3ed560abccde,"PENGIRIMAN LAMA PADAHAL SUDAH PILIH PENGIRIMAN INSTAN, DI APLIKASI JUGA SLOW RESPON",2026-04-10 07:00:56,playstore
62785d67-f22a-4f4b-99d2-cc1884ee44a0,bagus,2026-04-10 05:53:53,playstore
67665630-7450-4fdc-969f-bebb36c87158,pengiriman lama banget. chat cuma di read doang,2026-04-10 04:15:56,playstore
8b30b449-e05f-4219-bfb8-c48c94be72c7,barang belum semua dikirm tapi udah ada tulisan selesai order di apk. mana udah lunas + janjian barang di antar sore sampai sekarang tidak di antar antar,2026-04-10 03:39:35,playstore
610ce710-c1a7-4af0-a023-450463598cb0,sangat bagus,2026-04-10 02:44:27,playstore
dd8a6385-b931-4de7-9c9a-946b48687244,"saya sering belanja di alfagift tapi kemarin pesanan saya dibatalkan alasan barang kosong, padahal di aplikasi masih bisa di klik yg artinya barang ready, pengaduan via chat cs aplikasi, email, sosial media, semua responnya lambat dan ribet, balasnya berjam², udah gitu kasusnya di solved dengan mengecewakan. Tolonglah perbaiki sistem pengaduannya! Kasus seperti ini sudah pernah terjadi sebelumnya pada cust lain tapi ternyata bisa terjadi lagi, kok tdk ada pembenahan gitu. Sangat² Mengecewakan.",2026-04-10 00:57:19,playstore
b7922308-f221-444a-9bbe-d43c1af843f9,bisa ga aplikasi nya jangan error terus waktu melakukan pembayaran...udah berpuluh puluh kali bolak balik gagal terus...gmn sih,2026-04-09 23:18:27,playstore
8cf536cc-b7cf-40fa-8e4e-fb1a78b246cb,saya udah daftar ke no saya....tapi gak bisa kebuka lagi,2026-04-09 16:32:01,playstore
ad29c679-9f5c-4fd6-8090-22e6ecde0933,pengiriman lama banget,2026-04-09 14:56:29,playstore
c450bfef-bf3d-44e1-9ddd-8261c8cb4e38,"pelayanan buruk,barang sering kurang, respon nya buruk, dichat baik2 malah diblok saya nya, toko golf island (rukan golf island a65/a66 kel.pluit kec.penjaringan Jakut) tolong ditindaklanjuti kurir atas nama JONI SETIAWAN tidak bertanggung jawab atas pengiriman yg dibawa nya terima kasih",2026-04-09 13:53:34,playstore
468f0fd7-f8b7-4c2a-a36b-9cf16ad9a5cd,byk promo dn voucher..thanks you Alfagift 😊🙏🏻,2026-04-09 13:37:20,playstore
36a2f64d-537f-44ea-8fe7-f4dcc423b9e9,"awal awal install pengirimannya cepat dan responnya cepat. eh akhir akhir ini dari mulai bulan ramadhan sampai sekarang cuma ada pilihan waktu 20.00 - 22.00. udah malem bgt ditunggu tunggu ga dateng dateng. begitupun milih waktu pagi, sama aja ga dikirim kirim. tolong dong kembali seperti awal jgn begini lagi",2026-04-09 13:32:13,playstore
70b881b8-5dac-4acf-abf0-258474b7d54b,Pengiriman lama banget,2026-04-09 11:19:29,playstore
870288e4-8253-4d52-967a-99c1b6961e3b,sangat membantu,2026-04-09 11:10:23,playstore
a0299619-db17-4b1d-ad4e-1e5ac09dd278,Bagus pengiriman cepat sampai,2026-04-09 09:35:10,playstore
b13cb532-9a1e-40bd-9957-63c0b064e2ff,"- coba login - harus verifikasi no/email - ada WA code, tapi di apl nya ga ada tempat masukin code - lewat link email masuk browser tpi ga masuk di apl nya - yowess ganti pasword - pasword ternyata bener, apl nya agar ga percaya - coba lagi besok - mending ke sebelah",2026-04-09 06:58:46,playstore
1ffe38ee-0210-467e-8b24-1c06e3f22fa2,"akun saya tiba tiba terblokir entah apa yang membuat nya terblokir padahal sering di pakai pesan , lalu mau login lagi ehh statusnya berubah sudah di gunakan di user lain anehh",2026-04-09 06:40:52,playstore
6226bbee-f243-49dd-a404-632848ee1239,kenapa alfa gif selalu menunda pembelian... dan kenapa selalu alasanya pembeli yang meminta penundaan pengiriman .... aneh kan... buruk lah.. klo memang pelayanan antar barang nya tidak siap.. lebih baik jangan ada alfa gift,2026-04-09 04:28:48,playstore
0cc52bbf-feed-4b58-a75b-53bdeba7a9a7,bagus,2026-04-09 04:08:05,playstore
f8bbe0fa-37f3-406c-b529-a49ef82a7f57,"alfa gift yg daerah benda pamulang lelet banget lama di anterin nya, dan ga ada konfirmasi apa2",2026-04-09 03:15:59,playstore
cf52f853-3ad6-4e54-983c-1dfe058ba7f7,pesan jam 10pagi diantar jam 8 pagi dihari berikutnya. padahal keterangan pilih pengantaran 1jam setelah bayar. sangat kecewa,2026-04-09 02:39:51,playstore
69ec7efe-7015-45b4-9ff6-4adf9ede0d6b,"Lama, Dichat ga dibales",2026-04-09 02:02:13,playstore
09bc5cc0-c4c4-4b23-879c-4683d60a41b6,"Kurir area Yogyakarta tidak membaca catatan dari pembeli. Hal sepele, tapi sangat menjengkelkan buat saya. Saya sudah tulis di chat disertai FOTO, barang diletakkan di meja teras dan alas kaki tidak boleh naik ke teras,,,, malah ditaruh di KURSI. PADAHAL DISITU ADA BEKAS PIPIS KUCING LIAR YG BELUM SEMPAT DIBERSIHKAN. Literasi membaca karyawan area Jogja minim banget. Posisi meja juga sengaja saya taruh di pinggir lantai biar memudahkan kurir2 meletakkan barang di meja TANPA PERLU MENCOPOT SEPATU",2026-04-08 19:39:09,playstore
65503fbc-3224-457b-8194-069131b5e18f,kecewa saya download aplikasi ini tidak bisa di buka nomer saya,2026-04-08 17:23:46,playstore
60e13e85-e098-40e0-ac94-5456b6957c87,masa kurirnya marah2 karena kejauhan.padahal tempat kami yang menyediakan hanya itu di Alfa tugu Mulyo kp 5. lalu apa fungsi alfagif kalau beli malah kurirnya marah2.mohon perlu di perbaiki,2026-04-08 15:18:36,playstore
054b0976-232b-43b3-9c8a-96bcc0c2ce96,Jelek,2026-04-08 15:06:09,playstore
584bd70e-e737-4cef-8982-b40a82adf988,"alfagift di jl Soekarno hatta Binjai pengiriman super lama,di order dari jam 18.00 belum dikirim sampai udah jam 21.56 di hubungin juga tidak ada respon",2026-04-08 14:59:21,playstore
14a870ec-ba6d-4d8e-a8ff-68376cbbdcb9,baru digunakan sekali kok ada pemberitahuan katanya sudah tak bisa digunakan lagi alfagifnya😭😭😭😭,2026-04-08 12:51:58,playstore
dc405f3c-33ed-4e7a-aea2-bd95be89d869,"ALFAMART RADAR KOMSEN BEKASI, PELAYANANNYA BURUK BANGET TERUTAMA UNTUK JASA KIRIM MELALUI APLIKASI",2026-04-08 10:22:04,playstore
a556d29e-b2d4-444c-b781-68b687b06fd2,"aku sesering itu belanja di Alfa, tapi GK ada yg bisa di petik reward dari Alfa gift ,minimal bisa dapet reward mungkin harus yg sehari 5 -10 kli ke Alfa ,dri poin,star sama Stamp nya harus besar besar bngt KLO mau nuker,",2026-04-08 09:54:09,playstore
2d1d33e6-78e0-4d0c-a765-965d7ed04d63,"meskipun keluarga saya idm, tapi gatau knp saya lbh suka di alfa klo belanja, member pun alfa. Apalgi bisa dikirim DAN FREE ONGKIR. Thank you yaaa",2026-04-08 09:43:39,playstore
9031ed9d-9ded-420f-996d-1cac53ead375,"ga banget pelayanan nya, aku order jam 2 siang dan pilih pengiriman 'maksimal 1 jam setelah pembayaran' tapi sampe magrib blm dateng. status nya 'pengiriman ditunda karena penerima tidak ada di tempat' pdhal ada telfon masuk aja engga, chat pun ga ada.. seharian di kamar dan ga ada info kurir datang.. jujur ga banget, 2x udh kayak gini.",2026-04-08 09:24:03,playstore
1f0765c2-bc11-43b1-8456-6d32e8b01ea0,Produk online tidak diproses lebih dari 3x24 jam. Alfa Games Hub tidak bisa diakses.,2026-04-08 06:50:14,playstore
0d65bf60-14c7-413c-999e-99c9f1f636ed,"ga bisa upload foto apa sih, perlu buat lokasi tolong di fixkan",2026-04-08 06:25:52,playstore
faa6419a-1c39-46e7-9c95-1a2b044083dc,sukaaa bgt...udah bertahun² pakai tp msh newbie aja nih hehe tp gpp... pelayanan okee..pengiriman cepat... ada opsi pengiriman tdk lebih dr 1 jam. mantaap... yg lebih sering kasih promo ya,2026-04-08 06:03:39,playstore
c30c9932-6dd2-4961-a13d-dbbc00d79913,"semenjak toko alfgift di khususkan, barang banyak yang kosong ,pengiriman gak bisa di hari yang sama , alfagift udah berubah gak sesuai fungsi awal. bikin sistem kenapa makin buruk lebih bagus sistem dulu pesan alfagift yang cover cabang terdekat , jadi lebih cepat",2026-04-08 05:33:45,playstore
87e3bc00-07cc-4205-a9d5-bf4b4f0872c7,"dari jam 10 pagi pesan sampai jam 12.30 masih belum di antar juga, padahal pilih opsi maximal 1jam setelah pembayaran, tolong di perhatikan",2026-04-08 05:31:16,playstore
18cb4165-5f23-4a7c-9642-6ae3cdbc2658,"Percuma, Banyak stok kosongnya",2026-04-08 05:11:25,playstore
c15bab0f-6f64-461a-967a-c0ae177f9edb,"Alfa gif di wilayah sy ga jelas, Nunda pengiriman krn dia ga tau lokasi dan ga ngehubungi customer. dari semalem di cht ga di respon. pokoknya anehhhhh",2026-04-08 05:09:27,playstore
75bf4582-ad33-464a-b424-10530fbceef5,"sangat buruk, pelayanan tidak responsif, barang yang ada di tampilan gambar tidak sesuai dengan stok yang mereka miliki",2026-04-08 02:59:12,playstore
6f775a2b-5973-4dde-a48e-458f9e9d454d,ok,2026-04-08 02:22:24,playstore
086e2c92-6f94-4810-b0ee-bcee6b26893f,pengalaman yg buruk berbelanja disni. kurirnya (kurir di alfamart denpasar bali Hayam Wuruk) tdk ramah dan Ingin kita buruh-buruh jawab pesan mereka.,2026-04-08 00:42:03,playstore
8e79ac37-40f6-4aae-8d80-73a85638acbd,gila banget. awal2 beli petugas alesan ban bocor. oke saya maklumi. pembelian lain motor mogok. masih saya maafkan. sekarang malah saya di bilang minta penundaan. masak tiap beli harus nunggu sampai jam 00.00 kita orang juga butuh istirahat. beli di sini bukannya dapat kemudahan malah nambah masalah.,2026-04-07 18:06:56,playstore
8b0b2fbc-23ea-44bf-9dd2-844c2fc5db19,"Pengiriman lama padahal toko dekat, udah nunggu lama lama ga dateng lagi",2026-04-07 16:42:23,playstore
94d7617b-224b-4659-92c5-6d1ffe34f5cd,pengalaman buruk selama ini transaksi di toko raden saleh tangerang beli parfum KAFH seharga 87 menhadi 65 saat promo dan sudah pembayaran. tapi dibatalkan dan tidak ada permintaan maaf dari leadernya. luar biasa. sudah saya masukan media konsumen perkara service not good. dari CS mengungkap. mending beli ASTRO. BANYAK PROMO DAN CEPAT MENDING APLIKASI INI DROP OUT SAJA. PENIPUAN. #not attitude.,2026-04-07 16:00:05,playstore
fab8ad47-b257-4035-ad9f-987649cb618a,LAYANAN MAKIN KE SINI MAKIN AMPAS !!!! APK EROR LAYANAN EROR !!! KOMPLIT !!!,2026-04-07 15:56:10,playstore
6b73e1b1-23f2-4e75-9e46-efdf7888dd40,Parahhhhhh Delivery lebih parah dri indomaret leletnya... Di chat ga di konfirmasi,2026-04-07 15:29:55,playstore
1e4f12f9-3cd8-4937-ad96-a26199dd5ee9,"fitur chat sering tiba2 disconnect, pengiriman yang harusnya 1 jam jadi lebih, g ada fitur cancel order...",2026-04-07 13:27:51,playstore
18d9f86a-bac2-4c97-9029-872fe4e3c64d,Sangat mengecewakan. Sy telah memesan via Alfagift lalu sy konfirmasi via chat aplikasi ke admin Toko tp tdk direspon lalu admin merespon 3 hr setelahnya lalu sy membatalkan pesanan di aplikasi dan telah menerima email pemberitahuan bahwa dana akan dikembalikan dlm waktu 7 hr kerja tapi ternyata admin Toko tetap menyelesaiakan pesanan sy padahal sy tidak menerima barang tersebut. Dan sampai saat ini sudah lebih dr 2x7 hr kerja tp uang sy belum dikembalikan. sy pelanggan predikat crazy rich di AG,2026-04-07 12:29:54,playstore
f0b4e60e-f291-4fc7-93ca-1290b1698112,Sangat bagus karena gratis ongkir tanpa ada jumlah atau nominal minimal pembelian,2026-04-07 11:31:58,playstore
df77adae-789a-4434-8b7a-1689bb0ec25f,Voucher alfagift lagi gangguan?saya tidak bisa buka voucher tersebut,2026-04-07 10:49:57,playstore
00865552-7696-4adb-a0e7-f3e0570b8215,oke,2026-04-07 10:18:54,playstore
fe087997-ff34-4752-b8b0-081ac5cc3b3b,keren,2026-04-07 09:38:48,playstore
1616297c-2aa1-4820-a425-e311d5a28f5c,"bad service. kurir teriak2 *alfagift.. alfagift.. , padahal sudah saya kasih catatan untuk letakkan dikeranjang paket, chat saya juga tidak pernah baca.",2026-04-07 08:18:21,playstore
38ce6125-aebf-4cb6-b68e-166b156e8d2e,mnding yang pengirimn 1 jm stelah pembyaran hapus aj ..faktany dikirim gk sesuai jm yg dipilih,2026-04-07 07:04:21,playstore
b60e6b3d-cd1b-4666-aec1-83270c9b77ee,"sebenarnya sangat mudah dan praktis pake alfagif saya make alfagif semenjak 2022 sampe skrg tp sekang untuk pengiriman lelet bgt pdhl saya udah pilih pengiriman maxsimal 1jam tp semenjak 2025 ini pesanan sdh milih maxsimal 1 jam kadang dtng nya 3jam lebih, bahkan kadang sampe 5jam lebih, yah mungkin semakin banyak org yg pesanan online jadi pengiriman terhambat, jadi untuk pihak alfagif/owner alfagif tolong lebih di tingkatkan lg untuk kariawan & kendaraannya",2026-04-07 07:01:43,playstore
1591311d-5497-49fe-b224-178f0e4ef514,banyak promonya,2026-04-07 05:25:53,playstore
089926f9-e267-4d4a-ac3c-fba68c6dc172,promo nya kurang,2026-04-07 05:17:28,playstore
0141efb0-c71b-48c1-a7e0-9e0508e56803,Terimakasih sudah menciptakan Alfagift inii,2026-04-07 04:58:13,playstore
271af586-9539-4ec6-a178-02a212e7b938,"gak bisa delivery lagi karna alamat dibilang tidak terjangkau padahal kemarin bisa-bisa aja wkwkwk jelek 7-Apr-2026: dan terjadi lagi wkwkwk alamat tidak terjangkau lagi padahal kemarin bisa. masa iya di pusat kota dan banyak alfamart gini dibilang tidak terjangkau, aplikasi jelek.",2026-04-07 04:20:16,playstore
f41ce0c5-9b68-4b1d-aa15-0adea4b6b230,"pesen minta kirim jam dijadwal lama, pesen minta kirim sejam setelah pembayaran lama, pesen pas ujan di bilang abis ujan reda. KALAU GA NIAT ADA APK NGIRIM GA USAH",2026-04-07 04:10:21,playstore
1ae27ba3-a5bd-48d4-8cf1-df39b7de3359,"gak jelas di kembalikan dana nya lama udah gitu yang kemarin di batal kan sama petugas nya tapi duit saya gak di balikin hapus aja aplikasi gak penting duit saya malah gak balik ,udah gitu duit sisa terakhir lagi kapok belanjan di sini padahal saya member Lo dari dulu belanja tapi kaya gini ,udah duit terakhir pegawai nya gak sopan ,tidak minta maaf juga",2026-04-07 03:40:09,playstore
47d5be87-c87b-428e-b202-52885ad176f0,bug gbsa kebuka,2026-04-07 01:48:28,playstore
3688b3e6-6e50-4322-8d82-77f25e4ae754,saya sudah menukar 20 stamp .tapi stok puffy buddies selalu kosong. bagaimana solusi nya. iklan tidak sesuai dilapangan saya di lampung kab.tulang bawang barat kec.tulang bawang tengah kel.mulya asri,2026-04-07 00:58:15,playstore
2d5e4d40-ed1a-4128-b62a-a4c2c85e56c0,bismillah kumpulkan poin biar dpt gratis belanja,2026-04-06 23:37:04,playstore
f6b11eb6-4b78-4a39-b831-d013b686096c,pengajuan pengembalian Dana saya Tidak selesai walau sudah lebih 2 minggu,2026-04-06 22:13:37,playstore
7428da1d-4ea3-41d6-9a12-39e7b6e88ee6,kenapa sih gak bisa payment,2026-04-06 13:32:18,playstore
f1e506c9-0cbd-467c-84a5-ae35532150fa,"ini gmn refund pengajuan dr tanggal 20 maret blm ada kabar jg, nanya cs suruh cek berkala, gak ada kepastian",2026-04-06 12:24:28,playstore
ffa0c1d4-37c1-40bb-97e4-a3aac6f8cb40,biasanya pelayanan top... tpi kmren saya beli kecapnya ketinggalan bilang mau d balik lagi tpi gk d anter2 sampe sekrang,2026-04-06 12:02:01,playstore
ee1fbae1-dfb8-412f-a564-2e21b5a38068,"Sudah Bayar Via Transfer Antar Bank , namun status di aplikasi masih menunggu pembayaran .. biasanya langsung aja ini kok semakin lambat yaa .. saya sudah pengaduan via cs aplikasi ..mohon konfirmasinya ..",2026-04-06 11:33:55,playstore
581c52e6-21b3-49c4-a5d2-8e20a327d1c2,"saat Refund leletnya minta ampun. barang kosong dan sudah lewat 2x24 jam belum di Refund. Di aplikasi tulisannya masih diproses, udah tau kosong harusnya langsung Refund on the spot. Beli lewat alfagift malah jadi ribet",2026-04-06 10:55:16,playstore
9422877e-61a0-4e71-953f-921d472388ab,ini gimana sih? kode Otp nya kok susah kali didapat? mau login gimana coba?? nyusahin bgt,2026-04-06 10:32:02,playstore
7a023192-deab-48b5-a0f7-a727fe2261d6,"lama banget pengantaran barangnya astaga, dari dulu ga dibenahi",2026-04-06 09:28:35,playstore
0616ad49-291b-43f2-9412-14551b29285d,"Pengiriman lama, ditanga kapan dikirim gk dibales2",2026-04-06 09:06:40,playstore
62e71ff7-1dc7-46f8-99ef-0f96363eb209,utk kebutuhan pokok stoknya terlalu sering kosong,2026-04-06 08:18:11,playstore
df9a9f70-ba8d-4582-9715-0ea336980e73,barang sy cari kosong tdk tersedia,2026-04-06 08:05:23,playstore
4d243671-8e83-4179-a7b9-37aa33d6a911,"giliran beli belanja banyak cepat pengiriman,giliran beli nominal 80rb pengiriman 5 jam. padahal pesan 1 jam dari pengiriman. beli sgm saja kl 5 cepat dikirim giliran 1 buat Alfa Cikajang jawabarat",2026-04-06 06:51:21,playstore
147cb316-d49f-49a6-81c7-c82d741cbf36,"​""Sistem pengiriman sangat lambat dan tidak profesional. Pesanan sudah lunas via DANA dari jam 10 pagi, tapi status 'Pengiriman Tertunda' berjam-jam dengan alasan pembeli tidak bisa dihubungi, padahal saya standby terus. Mau komplain lewat chat aplikasi malah error terus. Sangat menghambat pelanggan!""",2026-04-06 06:11:41,playstore
aa2e4d47-8ed7-46db-802e-b1828e5c61d7,pengiriman sangat cepat,2026-04-06 06:05:26,playstore
7647b608-ba9c-4230-be89-68571ad5eceb,sudah terpotong point alfagift tapi tidak jelas dikirim apa pickup duh. dan alfa poin tdk bisa di tukar pdhl pin sdh benar,2026-04-06 06:04:27,playstore
30361b4b-b350-4c1a-8481-e4e3ddf2eb94,jaringan nya lemot susah masuk,2026-04-06 04:02:05,playstore
d26e1903-5b7b-47ba-8f24-b7fb8a67ff6e,"saran pake radius 1km saja, bila perlu pake ongkir. saya merasa nyesek pas di bilang kurang empati dan mempermasalahkan jarak jauh 2,5km di chatan. terus terang aja kalo memang mau ongkir tambahan bilang saja secara pribadi. saya akan bayar. kan sistem kalian sendiri yang milih alfamart mana yang ngirim, ongkirnya gratis, wilayahnya ke cover tidaknya. kenapa kesalahan sistem dibebankan kepada saya. sistem kalian yang kurang empati. tapi pelanggan yang di hina kurang empati !!!",2026-04-06 03:12:20,playstore
225a70d8-2491-4380-a433-49135a71bf3c,"BELI ONLINE PENGIRIMAN NYA LAMA! PADAHAL UDAH PILIH YANG 1JAM SETELAH PEMESANAN, TAPI UDAH SEJAM LEBIH BELUM JUGA DIKIRIM, CHAT SLOWRESPON BANGET! KALO SEKIRANYA ONLINE GAK KEPEGANG HARUSNYA ALFAMART GAK USAH LAH BIKIN FITUR ONLINE! DARIPADA BIKIN PELANGGAN KECEWA!",2026-04-06 02:59:40,playstore
28cf7285-7cef-426c-8cd2-31aa530751d6,"Terimakasih Atas Layanan yang Sangat memuaskan tidak sia"" menggunakan Alfagif 🫶",2026-04-06 02:40:54,playstore
f9e50a1a-728e-4fd3-a81a-866f9f1cf4fc,Cukup lumayan,2026-04-06 02:00:14,playstore
6f45d8dc-b6eb-4672-aa27-c96d63584f67,"cepat dan hemat , mantaaap 👍",2026-04-06 01:49:19,playstore
8703bc98-cd2d-4d5f-ae6f-f1c65ecb538b,parah dah 3 hari gk Dateng2. Cuman saran perbanyakin kurir nya. klo pesenan banyak mah.,2026-04-06 01:20:38,playstore
45c5a35a-0b19-4caf-b76f-564504fa2441,"alfagift kalo gk mampu kirim secara instan gk usah deh sok2an buat iklan kirim ""instan"", masih ada istilah lain, sameday, nextday sama reguler. karna kenyataan dilapangan pengiriman kalian gk pernah instan, paling cepat dikirim 3 jam setelah CO, lebih sering diatas 5 jam an, bahkan sering dikirim hari berikutnya. Dibenahi dulu orang2 di lapangan, jangan sok2 an buat sistem belanja online tapi fakta dilapangan berantakan.",2026-04-06 01:11:40,playstore
2c4b0428-9586-41b5-96a2-4947efdad7f7,"malas bgt sama aplikasi yang suruh login ulang kaya gini, kalau bisa bintang 0 udh bintang 0 ini aplikasinya",2026-04-06 00:14:29,playstore
28843a17-f28e-4cc5-9e44-214ff83f15e3,best bgt soalnya bisa liat promo yg gk ada ditoko dan dpt poin,2026-04-05 17:04:17,playstore
ffffb50e-298d-49fb-b9b8-5f3a773d7d1e,aplikasi nya bagus sangat membantu untuk ibuk* yang punya bayi. cuma jangan sering keluar sendiri dong susah buat masuk lagi. apalagi nomor HP ny udah ngakk ad lagii. 😩😩 mohon kira ny bisa masuk lewat email 🙏🙏 sayang poin ku di nomor lama masih bnyakk 😥,2026-04-05 16:09:29,playstore
43818aad-4479-484a-b448-afb1ee2751fc,"pertama kali pake alfagift sumpaahh kecewaaa, yg mau download trus belanja lewat aplikasi ini mending mikir2 lagi deh. masih bagus pake app yg ijo2 walau kena ongkir tapi proses pengantaran cepet, ada estimasi waktunya. app yg ini paraahhh banget, lelet, gak ada estimasi waktu sampai kapan, chat juga slow respon. padahal dpt toko yg cuma 1km tapi lamanya minta ampun. mikir2 lagi dah yg mau belanja pake app ini",2026-04-05 14:18:00,playstore
7f521d65-a4c2-41fc-a646-80ba1729b935,"Sangat kecewa. Chat tidak dibaca, pengiriman lama. Bikin bete. Kalau gitu, mending beli ke tempatnya langsung. Untuk promo+voucher oke sih, tapi dilihat dari responnya jelek banget. Mending tidak perlu buat aplikasi sekalian",2026-04-05 11:51:37,playstore
2f9e9d16-2287-4b42-9d7c-d9bb5cee9b24,"Sakit pesan jajan dan obat tapi tidak diantar2, nggak dapat konfirmasi apapun dalam 3 jam lebih, terus nggak bisa pengembalian dana juga. kalau nggak siap nggak usah ada.",2026-04-05 11:06:49,playstore
d10209cc-08a5-4a0d-92a0-80c36d1cc958,"pesan dari jam 14.15 klik pemgiriman maksimal 1 jam setelah bayar, jam 15.53 baru ada info akan di kirim jam 16.33 belum sampe. lama bangetttt. mana ada opsi pengembalian dana tapi gabisa alasan sudah diproses, padahal drivernya chat ""otw ya kak"" jam 16.34",2026-04-05 09:34:55,playstore
08a1ca8c-3100-4411-bccb-ff130f0ba510,"saya pesan C1000 6pcs, tanggal 20 maret, sampai sekarang tanggal 5 April belum ada di kirim, aku chat admin nya, pengiriman dari gudang, emang nya sejauh mana sih itu gudang nya, dari jakarta ya di kirim nya, padahal jarak 1km ada Alfamart, di batalin juga tidak bisa, parah sih, tidak ada penjelasan",2026-04-05 05:05:01,playstore
fce03e66-1a58-477e-ab0a-94c5c15161c1,"TOLONGGGG!! TRIP UNTUK DRIVER DITAMBAHIN JANGAN CUMA 8, KITA STD 250AN JADI KESUSAHAN PAK (TANDA PENTUNG)",2026-04-05 04:54:17,playstore
8f76f93c-b9af-4126-bd82-24dbe72ee6bc,"pengiriman sangat lambat, tidak komitmen, dikirim jauh melampaui opsi waktu yabg ditawarkan dan slowrespon luar biasa. selalu berlasan overload tapi saat pengiriman kurir santai sambil merokok. evaluasi deh",2026-04-05 04:32:56,playstore
7081cb3f-147b-4a16-b6b9-f031bb91df8d,bagus bgt brek ongkir free behh cocok sih untuk kamu yg lagi hemat,2026-04-05 03:48:45,playstore
f953d61e-d8b8-43c5-8812-22090f9106e5,the besttt,2026-04-05 03:17:03,playstore
391d78aa-7ba6-48fd-9cef-e7d1a4e4795b,"jujur ye pelayanannya ga banget dah, Nungguin lama estimasinya dari jam 8-10 tapi taunya dianter jam 11 gimana sih?",2026-04-05 02:37:54,playstore
f75b54af-5cca-4686-beb9-e4dea191d6bb,kasir sombong,2026-04-05 01:29:35,playstore
bbf201b8-dd68-4ae7-9a71-0d1809ca01b4,"pengiriman lelet mesen dari jam stg 9 mlm smpe skrg jam 10mlm blm dikirim pdhl ud batas maks pelayanan admin no respon , kacau nih 1 toko",2026-04-04 15:05:49,playstore
572a500f-7d15-483c-babe-01247f18fb3a,"pegawai nya kurang sopan bgt saya baru pertama kali dapat perlakuan dari alfagift begini, saya bukan pertama kali doang belanja disitu tetapi udah sering, baru kali ini dikatain fomo sama kurir/pegawai nya, kalo ga niat kerja ga usah kerja deh, ga sopan 👎",2026-04-04 14:57:11,playstore
c7d8d77e-04b6-473e-94a6-d0569336df05,pengantaran lama banget,2026-04-04 13:57:24,playstore
edc837c0-7619-4c8b-b419-f532e9547a7e,better pake go mart atau grab mart sih karna psn lewat alfa gift kalo di tungguin susah trnyata lama bgttttt psn jam 19.23 skrng smpe jam 21.37 mshh blm sampee duhh parah sihhh kl kurirnya krng hrsnya gaush buka layanan pengantaran barangg,2026-04-04 13:38:15,playstore
d2be765c-766b-4cc8-af5a-f68ef7f3596e,"lelet banget antar nya, saya udah nunggu 2 jam baru sampek, saya pesan minuman lagi jadi mau di minum pun udah gak dingin lagi",2026-04-04 13:15:27,playstore
acf1b9ee-4f69-49fa-963b-7c28b09efac0,jelek banget. tiba² ada keterangan pembeli menunda pengiriman. padahal gue ga ada nunda apa². buruk!,2026-04-04 12:03:22,playstore
b6d5302a-e4e3-4aa4-a951-daef18344c40,"Biarkan bintang yang berbicara. Benar2 fast respon, sesuai dgn judulnya pengiriman instant (saya pilih jam 14-16, di chat sm adminnya mau kirim sekarang ga kak, luar biasa khan) dan yang luar biasa lagi..pilihannya pengiriman isntant tapi bebas ongkir loh. Awalnya coba2 aplikasi ternyata ga bikin kapok, sungguh luar biasa admin, pegawai, dan kurir Alfamart...",2026-04-04 11:20:45,playstore
29ef0bd8-43f1-4497-af0e-d39c95c725fa,baru kali ini sangat kecewa sama pelayanan nya yang amat sangat buruk pesan makanan lewat apk nunggu sampe Berjam jam pesan jam 11 jam 16:52 belom datang.,2026-04-04 09:53:07,playstore
a4c2b60b-8635-4641-889b-c0693aeea351,"ini gimana sih pelayanannya, pesan dari jam 11 siang hingga jam 5 sore ga sampai2. orang kan butuh ya. percuma di adain layanan customer service kalo ga guna gtu. isinya cuma bot tolong dong di perbaiki lagi sistemnya. bikin kecewa customer saja",2026-04-04 09:28:55,playstore
e74aa2b8-65c3-40fc-9fe9-7d206f8c0f62,Ok,2026-04-04 08:48:47,playstore
6f54f191-c70b-49f0-9979-5fddd349416d,sekarang udah males belanja di Alfa. setiap blanja kadang gak sesuai harga. blm lagi kadang yg di beli barang nya cuma 1 tapi di scan 2x. alhasil bayar nya double. malah gak ada struck blanja nya print langsung. dan gak bisa cek langsung karna struck blanja nya masuk k aplikasi. jadi kalo gak punya paket data gak bisa ngecek langsung. alhasil udah pulang sampe d rumah baru ketauan kalo blanjanya lebih jumlah nya. sumpah jadi males banget. sebagai pembeli ngerasa di tipu,2026-04-04 08:00:43,playstore
104a4e67-8e14-468e-a4bb-255da304ad71,sedikit membantu tapi pengiriman nya sekarang lumayan lama,2026-04-04 07:14:20,playstore
0ead8a62-39a8-4ed7-ac85-043bbbfc4b2f,lama banget wkwk 5 jam blom nyampe. pinteran kurirnya bisa nunda kirim dengan jawaban ngasal. Jadi ngaret 5 jam pun ga ngaruh walau janjinya maksimal 1 jam. tolong diperbaiki sistem nganternya atau gw pindah ke toko sebelah.,2026-04-04 06:25:05,playstore
1f03d5ab-c359-40ef-bfc5-e4735cdfaeaa,"alfamart curug mekar bogor, kasih sosis basi, gada tanggung jawabnya, saya sampai diare, pusing, dan muntah. Saya order pake aplikasi Alfagift, trauma jadinya🙏🏻",2026-04-04 06:01:31,playstore
af1b799c-4d02-4599-9259-521fdd117a90,"ga guna pakai alfagift, lamaaaaaa kali ngantarnya tokonya dichat juga susah kali balas, tolong diperbaiki lagi dong ALFAMART!!!",2026-04-04 05:18:35,playstore
516323a3-4a0b-46ca-84a4-de925f8bca26,"Parah bngt pelayanan CS alfa dihubungi berkali2 sama aja oon dan drivernya habisin energi dan pulsa aja. Pengiriman tidak dikirim2 sampai malam harusnya mereka bisa liat tempat pengirimannya rumah atau kantor, mana ada kantor buka jam 10 malam. Tiba-tiba hubungi wa untuk diundur pengiriman besok dengan seenaknya aja. Gk profesional. Dana refun juga dri sebelum lebaran sampai skrg tidak ada pembayarannya. Parah sangat mengecewakan",2026-04-04 01:38:59,playstore
a5d0d5d7-7fdc-48c6-a7dc-c91a93f75bdb,"banyak barang² yg sering kosong berhari -hari, terutama air mineral, tolong stock diperhatikan, terus apakah kita tidak bisa memilih toko yg ready stock, masa mau beli galon aja kosong berhari-hari",2026-04-04 01:06:33,playstore
bd6ff973-fc22-44f8-afc1-f0d548d5fc6d,kenapa yah setiapa beli barang promo lebih dari 1 selalu kurang pas di kirimnya,2026-04-03 23:33:27,playstore
13ea989e-efdf-40b5-b3e8-6a894c063f86,"pengiriman sering lama banget bahkan pernah 2 hari setelah dilapor ke CS, chat tokonya ga direspon",2026-04-03 23:30:39,playstore
752aa9e0-d985-4a5c-8927-f83e0aa29a06,saya kecewa dengan pengirimannya lambat bgt dan ga ada konfirmasi klo tidak bisa dikirim. tolong diperhatikan jgn bikin kecewa customer,2026-04-03 15:01:03,playstore
4bd018fd-b2a9-438c-8999-60abeacebf2d,"estimasi pengantaran 20.00 - 22.00 , di anterin ny pagi ngaco amat",2026-04-03 14:07:18,playstore
bdbf7fa3-a9d2-4ba6-9703-e6c813244cae,"aneh ga pernah bawa kembalian atau sengaja kali ya bener"" parah pelayanan nya",2026-04-03 12:58:09,playstore
82c0bb20-9f33-45bc-a392-5dbf593c5423,"pengiriman nya ""pembeli meminta penundaan pengiriman"" padahal saya justru pengen cepet . mkannya ambil pengiriman 1 jam setalah pembayaran. tapi malah tetap lama . kecewa",2026-04-03 12:03:02,playstore
55c4516c-f25b-44e1-a0ea-45fdb4b99797,"customer servicenya ga membantu sama sekali. urus refund dana dipersulit. udh 3 hari dana saya belum balik. mending gausah ada CS buat apa ga membantu. jgn belanja disini, ngerugiin customer!!!",2026-04-03 11:37:33,playstore
88915fbd-ceb7-4a14-a269-594cdcef79c3,ini gimana ya sy pesen Makanan status tiba tiba diterima tapi gaada nyampe sm sekali mana udh nunggu Berjam jam haduh ini sy yg rugi namanya,2026-04-03 11:00:00,playstore
49ebd0ef-cbe4-4bc7-a76a-1f3aa630a1bd,"saya mengeluhkan mengenai pengiriman, buat apa ada pilihan jam pengiriman, saya selalu memilih (minimal 1 jam setelah pesan) tapi ujung ujungnya tetep nunggu 3-4jam, saya pesan jam setengah 3 sampai jam 5 tidak segera dikirim bahkan belum dikirim",2026-04-03 09:25:58,playstore
e6a7baef-3aa5-43cb-805d-b18ef386d106,"pengiriman lelet banget pdahal alfa terdekat status nya juga sedang pengiriman tp hampir 2 jam ga sampe""",2026-04-03 09:01:09,playstore
a8a980dd-50a0-4f1e-aa1b-9c9fd78bf105,"kurirnya di tambah dong, gua pilih jam antar 1 jam setelah bayar dan gua langsung bayar dann Datengnya lebih dari waktu yg di pilih.....lama...",2026-04-03 08:49:11,playstore
5c99f1a0-b190-4a57-a0f1-b44b5b5a3702,Sukaaaa banget! harga terjangkau dan pengiriman cepat juga gratis ongkir,2026-04-03 08:32:55,playstore
dd44b1db-9277-4106-89fd-61fed0161643,beli pakai uang kl refund jd a poin,2026-04-03 07:55:38,playstore
f70b3b0d-1d93-454a-b139-b88fdfb222b5,"tolong ya alfagift karyawan kalian jangan malas malasan terus,gw pesan lewat alfagift jam 11 siang pesan sampai jam 3 sore belum di antar antar,karyawan kalian kerja nya lambat bgt👎",2026-04-03 06:50:38,playstore
519bfae7-76d3-4e7e-875b-1cd5cc3f989f,gunanya disuruh milih jam pengiriman apa ya? kita udah menyesuaikan kebutuhan kita atau kadang mau pergi tapi pengirimannya tidak pernah sesuai jam yang dipilih!!!,2026-04-03 04:40:33,playstore
17a595f9-ca0f-4471-a568-867a1a1cb384,"ini sebenernya boleh mesan ga si di aplikasinya, petugas yang melayani aplikasi cerewet amat, mesan lagi lah apa lah di bilang dia jangan pesan malam malam lah ngatur pula.",2026-04-03 04:26:47,playstore
40b815f4-8597-45fb-b49e-02cf0995aa1d,Gak mau lagi belanja di Alfagift. 2x pesenan main taro aja di rumah orang padahal udah dikasih foto dan alamat jelas. Disangka maling mau tanggung jawab lu?,2026-04-03 04:04:57,playstore
1a5b4d82-5349-46f4-981e-225848c9ae7c,"saya baru daftar alfagift dan sudah dapat no. member, tapi saat melanjutkan verifikasi di aplikasi, tombol bikin password tdk bisa di klik (warna hitam) , tolong followup agar proses bisa selesai.",2026-04-03 03:42:07,playstore
a346fe20-df49-4bf0-b69b-3fc12c8e2042,padahal bagus cuma repot bener pembayaran cash harus 50.000 minimal pembelian repor rempong,2026-04-03 02:26:22,playstore
14deaa5a-b31c-4ace-878e-2a421567a19d,aplikasi gak guna. ngapain ada tukar point klo gk bisa dipake,2026-04-03 00:39:33,playstore
0e1f2410-1977-41ca-baa5-bc0e793c0d12,"apus aja deh nih alfagift, punya layanan maks 1 jam pembayaran tapi dikirim 23.30 dari mesennya jam 16.50 barang ditaruh aja sampai ilang nggak ada tanggung jawabnya udah lama nunggu ilang pula saya yg rugi anak kos diginiin emang kurang ajar alfagift ini",2026-04-03 00:17:02,playstore
98d8c165-c3ba-4df1-97e4-ac6bea37785c,memudahkan kami berbelanja,2026-04-02 20:42:36,playstore
b37a706f-4a05-43b8-b846-2d0feb2662a7,"aplikasi jelek, kalo belum siap tokonha jangan di sediain dong saya mesen sari jam 7 sakpai ja. 10.30 belum dikirimjuga tulisannya hanya di proses padahl lagi butuh padahal. harusnya kalo gabisa cancel aja",2026-04-02 15:30:06,playstore
5740beae-2e31-4728-a229-175cddf6f2c4,pesanan g ada jelas Alfamart Puskopkar saya Debi gustianto dari toko Puskopkar saya pesan ada ketinggalan sampai sekarang g ada,2026-04-02 15:03:44,playstore
d72f4784-8bf8-4a40-b4cd-6a5b260da8e7,"beberapa orang kok pada kecewa yaaa soal poinlah atau bla bla bla... jujur aku malah merasa sangat terbantu banget sama alfagift. yg kecewa sama proses pengantaran mungkin lokasi agak jauh, ya dimaklumi ajalaah .. lagian kalo kita keluar ke toko, belum lagi panas atau hujan atau macet.. thinking positif aja yaaa. jujur aku puas banget sama pelayanan staf Alfamart di br tandeg tibubeneng dn hampir di semua Alfamart daerah Canggu Bali tempat dimana disini yg selalu macet..semangat yaa Alfamart🌟❤️",2026-04-02 12:52:21,playstore
d041554e-935d-464b-910e-adf77cb82242,"beli lewat aplikasi biar gampang tp sering banget yg dikirim barang kurang di chat ngak bisa pengembalian atau ganti barang ngak bisa jg. udah gitu barang asal aja masukin dlm satu kantong sabun bubuk vs mie jd tercampur semua,",2026-04-02 11:36:25,playstore
1360c1ea-932d-46a8-ad01-4c8ceecf28f0,"ini kok ngeleg bgt si unduh gambar nya, padahal udh pake wifi + data jelek bgt",2026-04-02 10:25:23,playstore
d7cbe894-593a-46b6-9595-ae8f4a522865,sudah beberapa kali pesan tapi promo nya tidak berlaku ternyata terus beberapa kali juga pesan pesanannya ada yang kurang kecewa sih,2026-04-02 09:22:04,playstore
3b5fecb8-e032-4757-bf49-356469be2785,"pengiriman lelet kurir nganter orderan tengah malam orang sudah tidur di kirim chat di aplikasi mana orang baca , gk niat jelas alamat sudah lengkap bukannya usaha hubungi via WhatsApp ini main cancel aja",2026-04-02 08:08:18,playstore
4de24f3b-5a5d-49d4-8f34-e5939ce9f653,pas pilih pick up tokonya bisa dipilih tapi yg delivery cuma satu toko udah gitu yg bisa delivery stok barangnya sering kosong padahal butuh cepat,2026-04-02 06:47:43,playstore
607ad42d-25c9-4211-8e00-fa46233e251e,tipu tipu ini mah spam mulu,2026-04-02 06:15:41,playstore
ab3a47c0-6003-4e23-867c-366b025750db,"Sangat Kecewa dengan pengiriman nya, sudah beberapa kali orderan saya baru dikirim setelah lebih dari 24 jam, padahal jarak toko dan rumah tidak terlalu jauh",2026-04-02 06:14:44,playstore
28d51152-1722-4fa4-a845-8a034a6e5924,"Proses lambat untuk pengiriman daerah Batuceper, Kota Tangerang Kata-kata admin saat membalas chat kurang sopan, pengiriman dari Alfamart Cutmutia... Sebelum sangat baik, setelah pengiriman dari Cutmutia sagat tidak memuaskan..",2026-04-02 05:05:23,playstore
225ef520-4c65-4f19-9874-f85d8fb9b400,emang ada jarak ketentuannya saat pengiriman ya? masa di cancel karna kejauhan,2026-04-02 04:29:59,playstore
f85104c2-c633-422f-8935-19b1674e017c,respon nyo amat amat jelek,2026-04-02 04:18:02,playstore
fb8c5f6b-09c1-48ec-abf6-633aad0f97af,Kembalian yg ga bisa kalian penuhi haknya buat customer mungkin udah bisa buat berangkat umroh kalo dikumpulin mah. Apa susahnya sih mbuletin harga kalo emg ga bisa kasih kembalian sesuai nominal? Barang 100 perak kalian tagih suru bayar. Tapi kembalian kami kalian suru buat donasi. Kan ngeheee banget!,2026-04-02 04:14:27,playstore
d3592903-e3bb-49f6-bc4d-91516d17bd2c,baik,2026-04-02 04:13:05,playstore
ba241323-c0ca-42eb-a373-f3b4739a8feb,"praktis,membantu sekali",2026-04-02 02:47:18,playstore
6800ef58-a6f4-41c5-82d3-adef60657397,"GAKada fitur batalkan pesanan dan estimasi barang sampai. Beli roti dan selai buat sarapan, ternyata dapet pesan ""Mohon maaf, pesananmu membutuhkan waktu pengiriman yang lebih lama karena adanya lonjakan transaksi. Mohon kesediaannya untuk menunggu."" Ya Terus ngapain keluar duit, kalau datangnya bisa sampe siang?!!!!!",2026-04-02 01:24:46,playstore
b63aacfb-50c6-4668-b3a5-366c3624084f,hati2 megunakan aplikasi ini.bila ada transsksi gagal uang kita cukup ribet ckup lama.klau gk mau rugi wktu rugi uang miki22 sblm gunakn apk ini,2026-04-02 01:23:37,playstore
8f1c15dc-6eb6-42e5-8812-6dac4b6ee875,alfacare nya lelet banget nanggapi keluhan konsumen mau buka blokir akun alfa gift aja ribet banget,2026-04-02 00:34:14,playstore
067e7abe-90d1-4234-87e9-8ec72c9066fd,"sistem kirim engga jelas, udah nunggu lama², ga dikirim juga, padahal dibawah jam 9 malam pesannya",2026-04-01 15:37:47,playstore
3a4a410f-8b94-46a7-bfb1-1d32b74526e5,"alfagift tolong bgt ya bagian delivery nya, gua pilih pesanan 1 jam sampe pesen dari jam 5 sampe skrg jam 10 malem ttp ga dateng padahl di pesanannya ""sedang dikirim"" gua bnr bnr urgent dan apk ini malah ky dongo",2026-04-01 15:18:21,playstore
d9caa471-c33d-4ca2-a06e-895d7f2d5ee5,"udah beberapa kali dapet pengiriman toko nya jauh, ampe dijutekin kurir, terakhir order dapet yg 5km, padahal sebelum nya bisa dapet toko2 yg deket, yg masih 1km-an, Akhirnya daripada keulang kejadian dijutekin, mending tak batalin, ini sudah 1x24 jam dan entah kenapa keesokan harinya toko nya ngechat lg nanya nama,no rekening, padahal pas pengembalian dana udah isi form kan ya, masa ga muncul di sistem toko nya? pantes refund nya lama.",2026-04-01 15:06:56,playstore
813d679c-a870-438f-97aa-80d51357af86,LAMA BANGET KIRIM SAMPE 12 JAM BELUM SAMPE! JANGAN PESAN DISINI !,2026-04-01 14:35:13,playstore
f2412825-991c-4eea-84d9-35498774151f,"pengiriman lama. saya hanya telat balas 5menit di pemberitahuan order tertulis pembeli tidak bisa dihubungi. saya pesan dari jam 5 sore dan pilih pengiriman 1jam setelah pembayaran. tetapi sampai setengah 9 malam belum juga dikirim. pesan juga tidak di balas, padahal online.",2026-04-01 13:39:38,playstore
381ac28f-c43b-406a-8c3b-0a3eb5bc30cf,Tolong tambahin fitur maps delivery dong biar bisa mantau sampai mana pesanan dikirim,2026-04-01 13:31:58,playstore
cc878352-e904-4ced-8f1d-33365c798a99,"nomor telepon saya dipakai orang lain untuk mendaftar, saat saya aktivasi ulang saya tidak dapat mengganti data berupa tanggal lahir dan gender",2026-04-01 12:32:07,playstore
6458f415-376e-4a60-88c6-1202def047ca,"Gw pelanggan setia member belanja Alfagift, cek deh sama admin alfagift bukti transaksi gw di aplikasi, kok ga dapat kuota Alfamart Run 😭😭😭😭😭😭😭😭😭😭😭😭😭😭😭😭😭😭😭😭😭😭😭😭😭😭😭😭😭😭😭😭😭😭😭😭😭😭😭😭😭😭😭😭😭😭😭😭😭😭😭😭😭😭😭😭😭😭😭😭😭😭😭😭😭😭😭😭😭😭😭😭😭😭😭😭😭😭😭😭😭😭😭",2026-04-01 12:23:54,playstore
0aca5023-6a66-437d-9b3c-59a010ad95b9,"refund dana lama, lebih dari 7 hari. kek gw yg punya hutang sm nih alfagift. pihak gudang dan toko tidak koordinasi dgn baik, yg di salahin pelanggan. padahal dari awal sdh di cancel (otomatis cancel semua), tiba2 dari gudang nganterin tuh barang. gak recomend",2026-04-01 11:44:06,playstore
881f7ee7-cd64-4f3c-901b-5ce75b5607c2,"uninstal aplikasi ga lagi lagi belanja di alfagift karna kecurangan alfarun kecewa banget, kuota ribuan udah dapet antrian ratusan masa sold out itu goib, gimik apa dipake ordal semua. bye ga akan belanja lagi",2026-04-01 11:30:12,playstore
dd34a563-18e9-4c61-b1dc-53662954b36e,Adain topup game dong min,2026-04-01 11:09:06,playstore
608211e4-63ff-4e83-a444-33bf5a5b0173,"karyawan selalu menunda nunda pengantaran. bukan sekali atau dua kali, TAPI SELALU.",2026-04-01 09:38:28,playstore
d33b7c28-1d18-4a20-b913-8bfa00abd848,gagal terus ikut Alfa Run,2026-04-01 09:05:43,playstore
ed002198-cfcd-4411-bd9b-fbd9547d955a,"banyak discount nya , belanja apa aja ada",2026-04-01 08:58:25,playstore
d35c64ba-5526-4e75-afbb-36a7c5e820ff,dari detik awal udah daftar ikut RUN tapi di aplikasi cuma di puter-puter doang 2 jam nunggu langsung Sold Out event ngk jelas,2026-04-01 08:46:16,playstore
7ca92cec-8b90-4025-a8c6-0c5cf7c0aad2,"aplikasi lemot daftar alfamart Run aja,kaga jelas sistem nya jelek 👎👎👎",2026-04-01 08:10:08,playstore
fca4b33a-4746-4a0f-912c-f5b77656645e,I Love you ALFAGIFT!!!,2026-04-01 08:00:39,playstore
b8967830-e054-49aa-9495-94cc5ebff3cf,pelayanan kurang sopan.msa customer malah yang suruh wa duluan buat sharelock tempat. pengiriman juga lama,2026-04-01 07:34:13,playstore
a2c3ebe8-67d1-4e10-96e8-29ed68d5c3e4,lambat pengiriman,2026-04-01 07:16:57,playstore
27fb9d8f-512c-4b77-ab70-12677a5c3d10,layanan sangat baik,2026-04-01 06:42:59,playstore
46d341d8-95db-4c9e-b29f-7dda8f928453,"ini kenapa sya gabisa daftar??? sya udh masukan data"" buat daftar kenpa ttep gabisa???",2026-04-01 03:51:19,playstore
1ded5a8f-5a68-4fee-9462-76a06b865aed,bagus,2026-04-01 03:44:40,playstore
2baf22e7-fe34-40fe-aada-703c78261da9,oke,2026-04-01 03:42:14,playstore
e96ba5a9-d1eb-41c1-86db-ad9fb257aee0,"selalu lama dalam proses pengiriman, bisa lebih dari 4-7 jam untuk area Padurenan Bekasi. tolong lebih di perbaiki system pengiriman nya, kalo belom siap mending di tutup aja option delivery",2026-04-01 03:31:23,playstore
ccea8a2c-f003-42b7-b12e-602815eb44d5,ada fitur chat dan telp tp tidak ada fungsinya tidak bisa dihubungi..mau komplain barang kurang gimana coba😡😡,2026-04-01 01:22:12,playstore
c8fb859b-d294-4075-bc12-65bacbb0ddd5,"lama banget di bagian pilih toko setiap mau pickup , daerahku gaada SAPA",2026-04-01 01:15:37,playstore
1b0f8e2d-da35-4c14-993b-757ee9a1eeff,seru poin nya,2026-03-31 23:53:18,playstore
c9ca1688-c4f1-4984-8b26-e1c4ef9c33c9,bgss sii,2026-03-31 22:19:08,playstore
147493a8-5c6a-42da-b1e2-3916a2144644,"JANGAN DI DOWNLOAD, BARANG DIKIRIM TERKADANG KURANG ATAU DI TARO SEMBARANGAN DI LUAR SAMPAI MAKANAN DI MAKAN TIKUS. DAN SANGAT TIDAK BERTANGGUNG JAWAB, ALFA CARE JUGA LAMBAT PENANGANANNYA DAN KARYAWAN SANGAT LALAI, PADAHAL JELAS YG DIKIRIM MAKANAN BUKAN BARANG. BAHKAN MAKANAN YG HARUSNYA DALAM KEADAAN BEKU DI TARO DI LUAR SEMBARANGAN. MENDING BERALIH KE APLIKASI RETAIL BIRU, SEBAGAI CUSTOMER YG UDAH PAKAI LEBIH DARI 3 TH SAYA KECEWA DENGAN ALFAGIFT YANG SEKARANG. DAN GAK GUNA FITUR REFUND KALIAN",2026-03-31 22:17:19,playstore
d0fd7226-9371-4a39-b16a-628ad8b06a69,setiap tuker poin ke pls by'u selalu gagal aneh dan nyata jadi nya poin kebuang sia sia payah sampahhh emang,2026-03-31 16:20:12,playstore
22812514-d27b-4d68-9ab6-2ea3e64a65f9,pengiriman lamaaaaa! di apk diproses mulu gk di kirim2 udah hampir 1 jam.,2026-03-31 15:24:29,playstore
4462044b-9beb-4001-a4a5-d516ee95393b,"Pelayanan burukk. Belanja melalui alfa gift malah di cuekin dan barang belanjaan saya di banting2, bukan di tanya menggunakan aplikasi apa enggak. Mukak nya ggadak ramah nya. Kejadian di Alfa Medan Karya . AC panas sama kek orang ya yang panasan. Mesih OK toko biru sih pelayanan nya",2026-03-31 14:02:11,playstore
387c0d53-82eb-4519-aac5-6ebd51b44090,"hari ini saya kecewa karena saya pesan sudaj 1 jam lebih tapi belum sampai"" sampainya nanti 1 jam lebih",2026-03-31 13:30:41,playstore
51637531-8843-4d89-b2f8-2d2ba5549fe3,SAYA KALA ITU PESSAN 3 ITEM YANG DATANG 2 ITEM SAYA SEMPAT KOMPLAIN TAPI TIDAK ADA TANGGAPAN DARI PIHAK ALFAMART NYA,2026-03-31 13:05:33,playstore
5a618d5d-5a4e-4626-ba13-1c82d934808d,"pernah belanja di alfagift dah bayar full tapi pesenanya hak komplit dah komplen ke pegawai toko nya kata ya kekurangannya bakal dianterin tapi dah seminggu lebih gai pernah ada kiriman kekurangannya di chat juga pegawai nya gak respon,dah gitu sekarang saya mau belanja tapi banyak stok yang kosong contohnya minyak dah seminggu ni setiap mau belanja barangnya selalu kosong terus tolong cepet re stok dong",2026-03-31 12:52:45,playstore
e149242f-2f60-4e39-a380-1faa5a478761,"bagus, top dehhh karna lebih bagus belanja disini daridapa belanja langsung yg harus antri, tpi klopun belanja langsung juga bagus sih cuma klo uang pas pasan harus liat dulu disini trus klik ambil di toko biar bisa dapet dan tahu promonya. anternya juga cepet kadang mungkin klo gk lagi sibuk kurirnya gak nyampe 1 jam udah ada depan rumah",2026-03-31 12:45:04,playstore
f4309845-d1d8-45fd-83e9-309fadb1bd1b,pengiriman sangat lama sekali pesen pagi tengah malem ga sampe huhh jelekkk,2026-03-31 12:30:02,playstore
a62a9efc-23ab-4591-9aa7-5235e18f3bad,aplikasi tidak bisa dibuka keluar sendiri asal di buka,2026-03-31 10:21:32,playstore
5eccbef8-9394-499b-910f-9d309a09bbc0,ga bisa milih tokoh sendiri kek pengaturan di awal. skrng lebih buruk nyasar nyasar kemana kalo belanja. sampai tokonya ga bisa anter karna beda lokasi,2026-03-31 09:25:56,playstore
f2091408-199b-4e10-b478-e6d1a7f56b00,sulit mencari barang yg diinginkan,2026-03-31 09:14:31,playstore
d1a7e204-1bc5-4f92-b371-2b263f5a831d,"proses refundnya lama, udah nggu 5 jam belum juga di refund, ga worth it",2026-03-31 06:40:32,playstore
3698c68b-a08f-4cb9-9fc0-9524d31fcc04,estimasi pengantarannya 1 jam... kenyataannya dari jam 11 siang sampe jam 8 malam... luar biasa,2026-03-31 06:36:39,playstore
0db3cb9f-c1f1-4e67-9082-b9370a97d984,"apk jelek tidak rekomen banget, pesanan diretur sm karyawan toko, udah 10 hari pengajuan dana smpe sekarang belom di kembaliin!!",2026-03-31 05:53:59,playstore
43a43ae3-b309-4d2a-aeda-51537663a003,"jelek banget... saya ngajuin refund dari tgl 18 sampai sekarang tgl 31,masih belum balik juga tu dana... parah nya lagi di aplikasi ket pengembalian dana selesai, tp nyata nya ga ada duit masuk di m banking saya... di suruh di DM instgram alfa dngn melampirkan no tiket...sudah sy ikuti... malah 2X ... tp yang jawab selalu robot... niat ga si balikin duit customer... knp harus di persulit... saya bayar alfagift, pk gopay kenapa ga di balikin lg pake gopay.!!!",2026-03-31 03:45:58,playstore
93842f31-731b-4085-9dcb-cc9d58a4ac60,"nanya di costumer service di aplikasi berasa nanya ke pemerintah njir, itu costumer servicemu itu ada gunanya gak sih? kok berasa gak guna? ditanya hari ini disuruh tunggu 3 hari, costumer servicemu artis kah? atau pimpinan yang harus ada reservasi jadwalnya dulu?",2026-03-31 03:16:59,playstore
7be55adb-408a-4d78-91ea-9593e1b7297c,"lelet lemot pelayanan nya, ga rekomendasi sama sekali pesen dari kmren jam 5 sore hingga sekarang jam 10 pagi masih blom di anter kan, emng oon ni kurir",2026-03-31 02:55:56,playstore
c67fabab-d8e4-4afd-aa5f-f8080e5080c0,ga bisa langsung ubah metode pembayaran,2026-03-31 02:24:31,playstore
75310f53-f828-4e41-a27d-ba802902fd76,pengiriman cepat sesuai deskripsi,2026-03-31 01:24:58,playstore
c081ed94-0c39-4096-be9e-3205a471ce42,"sejauh ini tidak ada kendala, kendalnya hanya tidak pernah dapat voucher untuk belanja, paling² voucher khusus saja hehehe, tapi semuanya okee, Order dan pengiriman selisih 1/2jam saja, misal order pagi jam 8 nanti jam 9/10 udh dikirim, lumayan gercepp",2026-03-31 00:36:18,playstore
586bef1e-3839-48a5-8242-01ab86a50cd4,Gak bisa terhubung ke Dana TOLOL!,2026-03-31 00:26:33,playstore
6dc25776-222f-452f-85fc-0e6d7aa79502,"parah dn kacau. mnrt saya alfa tdk perlu punya aplikasi alfagift. krn pelayanan nya msh jauh dr kata memuaskan. pengiriman sungguh amat sangat lama. tdk ada manfaat sama sekali fitur pengiriman 1 jam stlh pesan. di riwayat tertera ""dalam pengiriman"". tp nyatanya tdk sampai2. pesan jam 1 3.00 di anter jam 23.00. blm lgi kolom chat yg sngt slow respon. ada lagi, pesan jam 17.00,trtra sdng dikirim, nyatanya tdk kunjung dtg. jam 21.00 chat br di respon. dgn tanggapan pesanan sy kebawa kurir lain..",2026-03-30 22:44:30,playstore
7d9fb912-9b40-4376-985c-91b0028b134c,"lebih mantap lagi kalo yang untuk top up e walet nya di tambah yang nominal 100 sampai 1 juta, jangan cuma yang paling besar 50, jadi kalo mau top up atau isi ulang saldo e walet kaya ovo dana gopay shopee pay, misal mau top up 200 tidak harus beli 4 kali top up karena nominal yang tersedia cuma 50",2026-03-30 21:01:27,playstore
1e265963-4e28-4680-8495-12760c0686ff,Parah si pelayanan nya. Pesen jam 20.00 wib. Tapi sampe 23.40 wib Barang belum dikirim Juga?,2026-03-30 16:43:42,playstore
ed39ed3e-c56a-4f66-acfa-6774cec38434,pengiriman lama banget pesen dari siang dikirim jam set 12 malam.,2026-03-30 16:14:31,playstore
cd139f1d-661b-4f6c-8e7b-1f3af7b40f6a,"status dalam pengiriman sejak 21.05 tp sampai jam 23.00 belum sampai juga dichat tidak dibalas...mau diantar atau tidak kita sebagai pelanggan butuh kepastian mana udah malam ,waktunya tidur. pdhl udah langganan bertahun- tahun ,mengecewakan.",2026-03-30 15:59:42,playstore
40af1985-e461-4c95-bbea-e825cf3b1aba,"Kirain saya aja yang mengeluh lama sampainya, ternyata sudah banyak. Ini aplikasi jadi ngga bermanfaat, bukannya membantu malah merepotkan.",2026-03-30 15:51:00,playstore
65a22253-5156-47ff-b3b8-0d5977dada30,Parah ganti ponsel tidak bisa masuk hanya karena kode otp harus lewat whatsapp. Padahal harusnya bisa lewat SMS saja. Tidak semua orang wajib punya WA!!!,2026-03-30 14:04:11,playstore
4f2e7035-7b5a-4f2b-a79d-03bdcb544600,parah sesi anda telah selesai ngapain coba keluara sendiri gak di gunaka juga,2026-03-30 13:39:27,playstore
0438089d-ae35-401d-ae0a-3835cbd14901,ini gaada menu cancel orderan kah???,2026-03-30 13:11:09,playstore
55112510-dd10-408a-9048-73ae63e54206,percuma ada chat aplikasi kalo gapernah dibaca. mending kek klik idm toko ada no wa buat kurir. lonjakan ga kira2 estimasi jam 1 sampe jam 8 setengah 8 blm dikirim dan gabisa dihubungi chat toko.,2026-03-30 12:57:09,playstore
78a06841-c66e-4310-b837-f52e07e557a9,udah nyaman eh alfamart nya pindah jadi jauh seharusnya 1 jam pembayaran ini nunggu 4 jam,2026-03-30 12:46:39,playstore
db55a796-2afd-4f9e-a6a7-60b70fbc8dcc,sangat bagus bagi kami .,2026-03-30 12:18:04,playstore
ab55315c-f9fc-4a84-8b9e-b4d7d045a17e,"customer service apaan, pelayanan sangat buruk",2026-03-30 10:09:05,playstore
9cd73963-fe38-4eb2-8470-85bda98f27d8,kerenn,2026-03-30 08:12:15,playstore
255f6631-d076-4ad7-bffe-b41f885d35c8,Saya lebih suka pake yg versi web di pc. Bdw barang2 yg ada diskon (potongan belanjanya) pas dimasukin ke charts suka error.. jd gak bisa checkout 😭. List barang berikut promo harganya belum sepenuhnya diupdate kah?,2026-03-30 07:15:18,playstore
c182fbc2-2f29-4bc2-9081-fd837460c6a7,"pelayanannya buruk bngt semakin kesini,saya pesen susu bayi buat anak saya pilih yg 1 jam setelah pembayaran tapi udah 2 jam nggk dianter2 mending nggk usah dibikin pilihan pengantaran deh mengecewakan bngt,udah beberapa kali pesen selalu kaya gitu. Padahal selalu belanja bulanan disini",2026-03-30 06:59:55,playstore
21a86880-750f-4a4a-95c3-e0f2cbf457ae,"pengiriman lama kali sudah 4 jam lebih pesanan bean Tidk sampai ,info nya dalam pengiriman sudah hampir 2 jam GK smpai,,di hubungi kontak cs nya tidak merespon ,dichat GK dibls ..outlet ds bromo medan pic atas nama christoffel Silitonga .",2026-03-30 06:19:59,playstore
69e51925-2745-4637-970f-87bf6f0a849c,balikin duit gua woi,2026-03-30 05:22:35,playstore
d90d86dd-372f-4405-a8fc-76f507523ea0,sangat berguna dan gratis ongkir,2026-03-30 04:48:06,playstore
3260474e-0275-4b95-8c7d-87181f5cd4b0,"Beli barang harga 13.100 dapat voucher 5000 jadi 8.100 eh barang nya gak ada terus diganti sama yang harganya 7.800, bukan masalah harganya tapi terus gunanya pake voucher itu buat apa? coba kalau gak pake voucher apa gak rugi 5k tuh aku hampir 1 full harga barang nya, tau gitu gak usah beli kubiarin nganggur aja itu voucher, dipake pun gak guna gak dapat barang yang kita inginkan udah mah diganti lebih murah lagi, kalau diganti sesuai sama harga yang awal beli 13,100 mah gak masalah",2026-03-30 04:30:28,playstore
a6d89303-cdcd-406c-a942-98a581d984d0,"jarak toko ke rumah 4 menit, pesen jam 8, ditanya dikirim jam berapa jawabnya sedang proses pengiriman, ditunggu sampe jam 9 belum jga nyampe, dichat lagi buat confirm dikirim jam berapa gak dibales, jam 10 malem baru nyampe, mana berisik banget ketok2 pintu, padahal udh dichat tunggu dulu sebentar.",2026-03-30 03:50:17,playstore
62dfd284-9a91-4d9e-9d15-4c49bc05a455,"Pengiriman selalu meleset jauh dari yang di jadwalkan pilih maks 1 jam di kirim setelah 3/4 jam ketika pilih jadwal jam 12 ke atas di kirim besoknya adehh, ditambah kalo ada kekurangan barang sudah di chat akan di kirim lagi tapi sudah lebih dari 2 minggu tidak ada pengiriman lagi mana chatnya disconnect jadi gabisa chat ke tokonya bahkan setelah kita reorder pun masih tetep disconnect padahal gada kata kata kasar atau melanggar",2026-03-30 01:18:52,playstore
9beeb5dc-5916-4949-9b4b-006871c00482,danaku gak balik,2026-03-30 00:45:04,playstore
1b30180b-5909-4bc9-9fa7-57ed4203c366,poin ny bisa di tuker jadi pulsa🤭lumayan kan,2026-03-29 23:50:49,playstore
a4c2fc0b-6f8a-44f3-a2aa-f821775eac26,"kendala saat login sudah memasukkan nomer member atau nomer hp otomatis langsung dapat chat wa link verifikasi dari alfagift untuk konfirmasi verifikasi nya tapi malah selalu gagal berulang saya lakukan sampai gagal 5 kali dan sudah ga bisa lagi di karenakan batas maksimal login verifikasi cuma 5 kali dan harus mencoba nya besok lagi,tolong dong di perbaiki lagi sistem nya atau mau saya viralin ke sosmed",2026-03-29 23:26:09,playstore
99ff842b-9f4a-4991-8211-08b8dea88c8f,"apa apa belanja ke Alfamart tapi baru sekarang saya dapat kecurangan, meskipun nilainya gak seberapa+tidak menerima struk pembelian.",2026-03-29 23:15:03,playstore
7a4c7176-88c5-4ee2-86ee-037fd899213a,"makin gk proper utk pemgiriman , belanja jam brp datemg nya jam brp , gk kayak dulu"" cepet bgt dateng nya sesuai pilihan 1 jam stlh belanja online nya.... utk di depok ( jabar ) tolong nya jgn makin jelek pelayanan pengiriman alfa nya.....😡",2026-03-29 22:05:34,playstore
759b9ad5-5703-4197-ae15-ebe35d1096ee,"biasanya klw gada kendaraan sllu lewat delivery alfa gift, eh kmren tiba² alfa yg biasa nganter k rmh katanya ga nganter lg, pindah ke lokasi yg ga bisa d jangkau, jdi nya ke cancel dgn alasan jarak jauh dan pengembalian danaku sempat ketunda smpe 4 hri, eh pas dh balik malah kena potong 9k an, ya bgi sebagian org mungkin ga permasalahin duit segitu, tp bgi irt kek gua itu berarti banget, cht ke app alfa nya jg cuma d read sm pegawainya wkwk",2026-03-29 15:20:26,playstore
03882dca-0d06-487f-82b4-83707f1209a2,alfa lontar TOLONG DIPERHATIKAN LG. YG TELITI. PESANAN ADA YG KURANG!!!,2026-03-29 14:32:24,playstore
1cf26293-d8f7-4b14-b009-d8c9a89d82bf,"status dalam pengiriman dari ashar sampe jam 9 an sekarang masih blom di anter padahal ujan Udeh berhenti dari sore, sedangkan gerbang/akses jalan rumah gw udah di tutup jam 10 malem.",2026-03-29 14:04:24,playstore
eb4d6025-f581-4856-91e3-14879234bfc8,"aplikasi paling jos dibanding biru dan merah 1nya. estimasi waktu dan barang sesuai. kontak toko ada ketika pesan, dikonfirmasi juga oleh anak toko, krn da kontak jadi nyaman kalau ada salah barang(meskipun nihil tdk pernah terjadi). free ongkir.",2026-03-29 13:48:48,playstore
29be4b53-5340-4491-8d7c-b04b691bb8b1,keren,2026-03-29 13:43:40,playstore
c127f85b-e0e1-4b07-89d8-d4b0b47c796e,sediain pembayaran via qris dong,2026-03-29 12:38:03,playstore
cba86e08-723b-433f-99ff-0991708056b3,"payah, pengiriman lama. Saya pesan untuk dikirim maksimal 1 jam setelah pembayaran, tapi sampe 4 jam masih dalam proses. Pesanan saya ga dikirim2. Pernah saya pesan bahan masakan untuk buka puasa tp malah baru dikirim pas mepet buka puasa, padahal kan saya pesan dari jam 11 siang.",2026-03-29 11:01:03,playstore
0266500e-3c1f-4fcb-8333-650d4a670d2b,proses komunikasi kalau ada masalah dengan pesanan sekarang ruwet. Chat di aplikasi hanya selama proses order. Chat CS yang melayani robot bodoh. chat di Instagram juga yang melayani bot bodoh. Kok begini sih sekarang??? Mau bangkrut apa ya ini?,2026-03-29 10:52:48,playstore
06b5ffe0-4a09-472a-9d9e-0009cabd89b0,saya baru tapi gak ada poin yang masuk masih 0,2026-03-29 10:23:57,playstore
ea400ce5-9dc9-4dff-a164-838a9b47e143,"kurir nya banyak yang tidak amanah dan penipu,khusus nya daerah Bengkulu Alfamart DP negara",2026-03-29 10:16:11,playstore
257edc19-17b2-4c61-894b-6cceedf2d051,"udh berkali-kali pakai alfagift, dan baru sekali ada kendala, sistemnya keknya error, pesenan udh dikirim tapi pemberitahuannya blm ada.",2026-03-29 10:09:41,playstore
57a65bb3-114c-453e-8c60-c43b227e9e6c,gak bisa check out,2026-03-29 10:01:33,playstore
6c41a9e1-51c1-46c2-903e-6fe5f89651c8,order 2 kali tapi tidak mau diantar dengan alasan jauh dr lokasi Alfa tersebut. sangat mengecewakan.. Terimakasih...,2026-03-29 07:31:26,playstore
4151c596-7761-4056-819d-9a17c91fc457,bagusss,2026-03-29 07:11:15,playstore
53466570-6c6d-431c-ab72-6ea746f36a8d,perbaiki lagi semua.. aplikasi ruasak udah di pasarin.. chat admin yang balas AI banyak pelanggan yang kecewa ... top up dana sistem eror malah kita yang rugi duit ngga bisa balik .. chat admin yang bales komputer aplikasi parah busuk KECEWA!!!,2026-03-29 07:10:17,playstore
3a8817c4-8110-4a07-90e6-87f23c8b0d0b,Bisa ga sii klo lgi scroll liat2 trus masukin keranjang tuu jangan ngulang dari awal lagii masa harus scroll dari atas ke bawah lagii,2026-03-29 06:46:09,playstore
cea4edab-7ae0-4cd8-ba02-114f70e5d847,"mau belanja malah gak bisa lihat tampilan produk keranjang belanja padahal koneksi internet bagus,,tambahan ku balas pesan malah dianggap penundaan pembeli yang minta,,beli 8 item ada produk item yang kelupaan",2026-03-29 03:37:16,playstore
130ce32f-ba9c-4201-bd53-55d5d347d966,"gratis ongkir, kurir baik semua. best inovation alfa😄",2026-03-29 02:42:09,playstore
fcfc30a9-4559-4d0d-8e2e-f51d599b5cef,"kureng banget di penyelesaian pelaporan, laporan pengembalian dana selesai di aplikasi tadi dana belum saya terima dan pelaporan melalui belibet banget.",2026-03-28 23:40:04,playstore
6a851def-b120-42f7-beb4-3c7346f00756,lama di pengiriman dan gada konfirmasi pesanan kapan dikirim,2026-03-28 22:59:42,playstore
aa61d355-e4a6-4fee-871f-c9ad5d7e7680,top,2026-03-28 19:02:53,playstore
e68a9342-4ee0-47a4-b72e-22708e202aa8,sukaaa,2026-03-28 18:17:55,playstore
807bf8dc-30fe-4756-a21f-529fac57a0c6,sudah daftar dan terverifikasi tapi nggak bisa teraktifasi payah aplikasinya nggak worth it,2026-03-28 17:29:24,playstore
8cee9fdb-c9ab-4edf-b350-d9da49dc4c70,lelet.. dc ujung aspal kota bekasi setiap order dikirim ke hari berikutnya,2026-03-28 15:43:50,playstore
639cbfe7-d435-4f48-890c-b9840bfe6de8,"aplikasi sampah, pelayanan sampah, udah pesan ditunggu sampai 6 jam ga dateng2 malah minta di cancel, KENAPA GA DARI AWAL BILANGNYA KALO GA SANGGUP? UNTUK KALIAN JANGAN BELI DI ALFAGIFT, PEGAWAINYA PEMALAS SEMUA",2026-03-28 15:30:05,playstore
5ee36485-ff6a-4e05-b499-a3e55954c5cc,bagus sihh tapi kenapa kalau belanja nya dikit ngga ditanya ada member ngga?? kenapa harus belanja banyak dulu baru ditanya ada member ngga?,2026-03-28 15:04:25,playstore
47ad015c-2a57-4104-b6a4-a4e435bc44b0,"sistem masih banyak celah, Maksimal pengiriman kok sampe besok,mending dibuat fitur sendiri saran saya",2026-03-28 14:30:11,playstore
e280a9f7-dcbc-48f8-aff1-bb00f3bd927b,"pengirimannya lama bangett, tolong diperbaiki dong pelayanannya, saya beli air mineral nunggu sampe 2 jam, yg nunggu selak mati kehausan",2026-03-28 13:58:26,playstore
f5d079f8-5bb9-463a-8760-832153aa9226,sangat membantu cepat dan mudah,2026-03-28 13:07:04,playstore
31c85259-f171-46be-9589-ec165a8e0fad,baik,2026-03-28 12:57:36,playstore
25fb6b93-53ee-479c-8f27-4da61ed79ab8,alfa maret di pamarayan bener bener yak ga dikasih strukkk belanjaan alesann sinyal sinyal lah. maksudnya gini loh klau kendala sinyal kenapa tetep dilayanin ajahhhh lokasi alfamaret di pamarayan depan tukang dimsumm bikin keseul ajah,2026-03-28 12:55:14,playstore
e6186cc3-191a-46fd-8426-b6c5bd26898a,"Pengirimannya lamaaa bangetttt dan kurang komunikatif juga. mungkin bisa ya ditambahkan fitur lacak lokasi kurir sudah sampai dimana biar customer juga tau pesanannya sampai dimana. Sudahmah lamaa bangetttt, kurang komunikatif jugaa dalam memberikan informasinya",2026-03-28 12:37:08,playstore
e68daa19-531b-4d92-82f2-4bf540078b14,"Terima kasih Alfagift, sukses selalu👍👍👍👍👍",2026-03-28 10:38:30,playstore
9c4c48ce-e02c-429c-a57d-710fa0d65889,"belum bisa mencangkup, seluruh wilayah padahal lokasi dekat alfamart tapi karena kendala hujan harus pakai ini aplikasi tapi belum bisa di saya, hanya wilayah tertentu",2026-03-28 10:28:43,playstore
689cbff1-f0db-4dec-8993-15818248fa7e,"aplikasi oke, gaada ongkir bahkan, minusnya selalu di pengiriman, padahal udah diatur 1 jam setelah pemesanan tapi selalu dikirim dijam 9 malam, bahkan pernah lebih dari itu, pindah kota tetep aja kendala pengiriman ditunda mulu, padahal mending dikasih opsi kalo gabisa dikirim cepet, karena kadang kita butuh barangnya saat itu juga.",2026-03-28 09:26:03,playstore
77d2e6fb-81d1-419a-9452-9696bed593ef,"kocak jir udh di tungguin lama hampir 2 jam tanpa balasan, kurir asal bilang cancel padahal cuman 5menit 😂 lain kali Adain fitur live location kurir yaahh biar kita gak nungguin dan jadi miskom sama kurir",2026-03-28 09:23:43,playstore
c1430282-d2ef-47b1-a84d-604554bf16f6,"parah banget, sbnernya udah males order alfa gift, mending beli langsung, atau ambil di tokonya, krn pd saat sy order ada barang yg ga ada di cancel sama tokonya, eh pengembalian dananya sampe 3 hari, lah kan bukan customer yg cancel, parah, tambah jelek pelayanannya, dan skrg saya kena lagi sama alfamart, sy ttp menjadi pelanggan setia alfa, dan kmrn tgl 25 maret, sy order via alfa gift, ternyata barang yg saya order tidak ada, dan akhirnya mereka cancel scr sepihak, eh utk refund nya ga ada",2026-03-28 08:43:34,playstore
0bcb206f-0485-4de0-a582-2218cd0b6408,Tolong dibuatkan minimal order untuk pesan antar. Saya miris waktu tau ada konsumen yang cuma pesan indomie 1 biji tapi memaki kurir & banyak mau.,2026-03-28 07:57:19,playstore
5b45fc49-c8b9-4778-810e-25a81214032d,Bagus,2026-03-28 07:45:01,playstore
607183af-bb55-4d8b-97a8-655c4c17962b,"Susah login, susah benerin akun, tidak worth it",2026-03-28 07:29:24,playstore
5eeb50b7-25f1-4367-87a9-1c9419db40c6,"selamat siang. maaf, mau tanya. saya download, dan daftar akun alfagift semalam. dan siang ini saya baru mencoba menggunakan untuk belanjan. setelah selesai, bembayaran sudah selesai, tiba"" saya diminta untuk masuk ulang. ketika saya mau masuk ulang, malah tidak bisa. itu kenapa ya?",2026-03-28 06:30:48,playstore
7012a106-0bed-4d33-946f-0df540259687,"duuuhh pengirimannya makin kemari makin lama banget khusus nya buat toko yang K191 - RAWA BUAYA, bales cht aja ngga aduhhhh parah!",2026-03-28 05:25:53,playstore
6a7921ec-a300-4130-a4bb-6c68c267cc2f,aplikasi buruk costumer buruk pelayanan buruk pesanan online sya barangnya kosong dan pengembalian dana tidak tidak masuk di rek sya. mau hubungi pihak toko alfamrt mereka blokir chatting saya BURUK SEKALI!!!!,2026-03-28 03:25:55,playstore
07495ce9-6167-4ad1-80b3-17b0a0100178,membantu sih. tapii lebih bagus tambahkan fitur ubah bayar ..,2026-03-28 01:44:22,playstore
62f47598-82c5-4f0b-836b-a7489326991a,"katanya customer service tapi ga bisa jawab pertanyaan, yang jawab cuma sistem, ga nyambung jawabannya.",2026-03-28 01:37:04,playstore
fbcfa3bd-8265-4fde-9ee3-0a6948fbbf56,bagus,2026-03-28 01:35:27,playstore
51d97369-940f-4558-a348-bb5913da9117,"penipuan publik yah, bilang paket tapi seperti bukan paket mengenai promo ayam sikat harga mulai dari 12,900 tapi Kena charge nasi di luar paket, Alfamart jl. Iskandar muda tolong kepada pihak Alfamart jangan seperti ini kalo melayani pelanggan..!!!",2026-03-28 00:28:59,playstore
5d3f2e87-98dc-4184-b14b-cee5040e26db,mau login lagi ga bisa padahal udah masuk sandi aneh,2026-03-28 00:17:43,playstore
288d0b27-daea-4869-a9a8-1ebd73cb3fd4,"kalo emang gk mau kirim jangan Terima orderan, pesan dari jam 19:27 sampai jam 22:00 belum datang.",2026-03-27 15:01:00,playstore
17f59fc1-381f-493d-9524-b540e6a86078,hr ini terulang pesan jam 9pagi smp jam setengah 5 artinya tdk ada perubahan perbaikan. roti saya yg ED jg tdk ada pertanggungjawaban biar diakhirat perhitungannya,2026-03-27 09:39:49,playstore
b42cb98c-61fc-484a-a99b-e6cd0ac00aa8,"pesanan ada yang ngga dimasukan, dihubungi juga ngga mau bales",2026-03-27 06:40:39,playstore
3df8c77a-0e55-479d-9f9b-f8ac197100ba,udah sering belanja dialfagift tapi beberapa kali belanja datangnya sangat lama padahal sudah pilih dikirim 1 jam setelah pembayaran tapi sampai 3jam gak dikirim2 giliran ajuin pengembalian keterangannya barang sudah dikirim tapi distatus pengiriman masih diproses,2026-03-27 04:19:51,playstore
49063d2e-7cfa-4dd8-b073-4ff3795c1293,"belanja yg 1-3hr sampe, buktinya udah seminggu belum dikirim juga, pdhl Alfa depan rumah",2026-03-27 00:05:25,playstore
38401b06-2bd4-464c-902e-81a946c82d49,tolong di perbaiki untuk metode pembayaran tolong di sediakan pake metode QRIS biar mempermudah konsumen,2026-03-26 22:40:02,playstore
1dc16028-dcc0-4b3d-bbd8-3f0fdee82a1e,kurir moh agung sukarnain atitunya 0,2026-03-26 03:34:13,playstore
7c6815ac-24f5-4448-98fd-a3e989d9d15b,nggak bisa daftar percuma download menghabiskan kuota,2026-03-25 19:45:34,playstore
de2eb149-f320-42c1-9e70-bd5720e57807,"aplikasi Alfa gift aneh mau daftar member saja di persulit 👎 mau daftar gagal karena dianggap ada yg mencurigakan... maksudnya apa? konsumen dianggap penjahat kah?🤣 Indomaret hebat bikin member tidak dipesulit,seperti di alfa👎",2026-03-25 14:40:31,playstore
51b87c4d-fc52-423b-a081-2b32ba138bae,"SEGERA INSTALLL!!! WAJIBB!!! BENERAN GA ADA ONGKIRRR!!! aku udah pake ini 6 bulan... ga ada tuh ongkir². bahkan beli di jam 20.59 masih bisa diantar 30 menit kemudian. banyak diskon juga. terus kalo barangnya tiba² habis atau jelek, mereka konfirmasi dulu dikasih opsi lain. pokoknya komunikatif staff nya juga. makasih buat Alfamart sekarkemuning... udah ngeladenin orderan aku yg mepet² waktu. worth it gess daripada apk ssebelah",2026-03-25 14:34:49,playstore
9378ffb1-429f-4706-bf6f-f9b84cf200b3,kurang lengkap galon aqua aja gak tersedia. lemineral abis stok wkwkwk udah gak usah usaha,2026-03-25 14:16:30,playstore
3c99894e-f343-4f87-a742-575dfcf10897,saya pesan lewat alfagift tapi barang lama diantar padahal saya sudah bayar dan bukan pembayaran cod tapi 2 jam tidak dikirim dan dibalas,2026-03-25 14:13:08,playstore
03ec7113-2b4b-449c-b8f0-8e5911181cda,BURUK BURUK KURIR SUKA SEENAKNYA AJA CANCEL !!!!,2026-03-25 13:17:31,playstore
f777ab27-6145-4d6c-aa89-d567395a77e6,terbaik untuk sekelas minimarket,2026-03-25 12:31:22,playstore
32da1774-e35b-4be0-a9c7-f159b809f90f,"tlong ditingkat lagi untuk kurir Alfa gift Pangeran Emir Noer di bandar Lampung, pesen malem tapi nympe malem nya lagi belum di kirim-kirim. di aplikasi TDK bisa ajukan pengembalian dana karena barang sudah di proses/ krim. tapi nyatanya belum nympe ke tangan customer.",2026-03-25 12:10:50,playstore
51ba8dcd-f8cb-4267-96c1-58834a7ee2c0,"jelek bgt sekarang gak bisa chating lewat wa jadi harus stand by di aplikasinya, kasian kurir nunggu 20 menit kalo bisa kembalikan lagi chating via wa",2026-03-25 11:35:10,playstore
d7be46a4-14c2-49c1-b8c0-96819e4458d9,"udah berapa kali pesanan saya tidak diantar, tapi ga pernah ada respon",2026-03-25 10:00:36,playstore
872679ad-7429-4ef7-a856-022a8ef11746,"dari full bintang ke bintang 1 aja, awalnya nyaman dan puas banget tapi sekarang pengiriman pindah toko, dan pengiriman tidak sesuai estimasi waktu, selalu saja molor dan banyak alasandari jam 4 sampai jam 10 malam baru nyampe, itu bukan sekali aja. tp berkali kali",2026-03-25 08:15:42,playstore
a4ed7aa8-7904-4363-9e0d-f635f60fa0b0,"pesanan dibatalin,pengiriman ulang diminta customer,padahal udah nunggu 4 jam kocak",2026-03-25 07:48:39,playstore
9c00b823-2dbe-40c2-b034-2ca8d2526690,"chat nggak direspon pesen dri jam 11 ini udah jam 2 lebih gak dianter anterin padahal aku pilih pengiriman maksimal 1jam setelah pembayaran apa gunanya ada fitur itu kalau realitanya zong???? dibawah banyak yg dibalas ulasannya suruh dm ig alfagift,tapi adanya cuma alfagift banjarmasin dahlah hapus akun aja,gak guna aplikasinya padahal aku beli minum krna panas mager keluar alhasil udh bayar ini tetep harus keluar cari minum",2026-03-25 07:09:47,playstore
000be125-8bc5-4dcd-80a9-4ec4138e4a34,"kenapa galon isi ulang nya kosong terus²an dah. Padahal kalo ke store ada banyak stok nyaa. Biasanya saya beli lemin tapi karna keseringan kosong, saya beralih ke aqua, eh sekarang aqua pun ikut²an kosong terus stok nya",2026-03-25 05:06:41,playstore
b4e2499c-a460-4e6e-bb2e-5c04c364ffa5,"stamp saya ada 11 ga di kirim2, pdhl mau claim buat beli puffy buds..",2026-03-25 02:00:37,playstore
d5b996a4-710f-43fb-a839-45a2d43b7220,3 tahun saya menggunakan aplikasi ini lebih tepatnya dari 2023 lalu. Alhamdulillah aplikasi ini sangat bagus dan terbaik! tetap gratis ongkir ya alfagift. Saya seorang tunanetra dan saya sangat terbantu dengan aplikasi ini. kurir di wilayah saya Semarang Utara juga pada ramah-ramah.,2026-03-25 01:01:16,playstore
af3938c2-377a-46d9-b4ac-7a1ade802318,awalnya saya di suruh belanja ama mama tapi karna saya mls keluar akhirnya nyoba belanja disini ehh dh 3 hari tu barang gk nyampe jg karna deket lebaran yauda aku batalin mau belanja offline aj aku ajuin tuu pengembalian dana sampe sekarang tgl 25 tu barang maupun dana masi blm tau kelanjutan nya gmn mls bgt dah pengguna baru ini min dikecewain 🥲💔,2026-03-24 19:54:12,playstore
8981b1a1-a924-4afb-8deb-77d23fd3c31c,"salah satu produk yg dipesan barangnya ga ada. cuma dikasi opsi refund. refundnya jg ga jelas. udah 7 hari blm dikembalikan jg duitnya. kesalahan di toko tapi konsumen dibuat susah. udah barang ga dapat, duit refund jg ga jelas kapan dibalikinnya. dm twitter ke shalma, halo, setuju, disuruh antri blablabla. lewat email jg sudah, sudah kirim data lengkap jg. refund alfagift/alfamart cuma omon2 saja konaumen dibuat ribet kontak sana sini tp ttp ga dibalikin duitnya.",2026-03-24 16:55:16,playstore
681dabc9-c574-4afb-9299-d3fba19e7f48,"tidak pernah merasa meminta penghapusan akun kenapa nomor akun alfagift tidak bisa digunakan, sangat mengecewakan dengan ketidak profesionalan",2026-03-24 16:19:32,playstore
dd723d73-fc03-4398-bf18-21fdf46f8a05,"Kirim barang telat terus, salah kirim barang terus, beli eskrim udah mencair terus.",2026-03-24 14:36:43,playstore
77dd1a19-1de1-4cf2-ba1c-0a3e802467d8,"berkali2 d kecewakan oleh pesan antarnya,, yg pertama pesan sufor kemasan rusak d kirim k saya,trus Pampers juga seenaknya d ganti merk sepihak tnpa pemberitahuan dg alasan produk yg Q pesan habis,yg terakhir,,pesan antar hari Minggu datang nya Selasa alasannya produk habis nunggu ready toko baru dikirim,, .Mw Q kasih rating 1 d apk koq gak Mikir sama2 KuLi mah dah g peduLi aQ,, akhirnya aQ putusin buat uninstall apK nya ja biar g usah pake jasa Alfamart atau alfagift lagu buat pesan antar",2026-03-24 13:45:12,playstore
42708f31-6e55-4be1-9ac6-99400650f127,"pelayanan delivery Alfamart L071-PSR.GISTING Tanggamus Lampung sangat tidak menyenangkan,saya order 2x karna orderan yg ke 2 punya anak saya,karyawan delivery nya malah komen dan bilang ""kenapa tadi ga sekalian order nya,jadi kan saya bolak balik"". Buat ALFAMART GISTING,Hal yg terjadi barusan tolong berikan teguran kepada karyawan yg pegang delivery nya.ngapain ada sistem delivery,kalo karyawan nya pun seperti itu respon kepada pembeli,saya beli saya bayar lo",2026-03-24 13:15:27,playstore
0c421ec2-2e62-4232-b616-276cd04f6f19,mau tukar point di alfimidi ternyta ada kebijakan baru klo sesuai dgn point di tokonya. agak ribet dgn peraturan baru bhkn baru tahu klo info. sungguh tdk memudahkn sekali entah it alasany atau ad kemungkin lainya. tahu gtu gk ush pakai point bhkn tdk membantu. maaf sebelumnya bener bener tdk membantu dgn point🙏,2026-03-24 12:15:08,playstore
8abadfe5-27df-4b7f-9922-70049d1dbcf8,"Ini gimana ya saat belanja kita di minta untuk atur pengiriman. Saya tadi pilih pengiriman satu jam sesudah pembayaran, tapi ini malah lebih satu jam ga dikirim kirim. Kalo begini mah mending ga usah pake fitur atur pengiriman. Di chat juga di pihak alfa gift nya gada respon sama sekali. Sangat"" Slow respon banget ya, apalagi dari pihak admin chat nya.",2026-03-24 10:05:19,playstore
ba84387e-9a99-4a2d-85a0-94bce9a8aa2d,"sudah bayar tp di batal kan karna toko sudah close, dana nya tidak di kembalikan jug. hati2",2026-03-24 10:01:20,playstore
70c755af-47d3-401c-a890-e348bd0a149c,asyik,2026-03-24 08:05:56,playstore
fc998328-1c16-4bb2-94e2-727fdeb94dbf,"Memuaskan endann...👍 dan tolong untuk Def , buat perbaiki scener barcod nya masa hp saya 17 promax blur pas mau scan liat harga di tolong.",2026-03-24 08:03:19,playstore
99482195-499a-42f0-8281-a90981f0d8f9,bagus,2026-03-24 08:01:17,playstore
c5a72b50-8c0f-4ed9-b44c-55155966acd2,Saya udah coba berkali-kali buat bayar via gopay tapi kenapa selalu tidak bisa tersambung ke akun gopay saya yaa?!! saya sudah coba berkali-kali,2026-03-24 06:05:47,playstore
91149e33-c7aa-4aca-a18a-8b1d55e53331,"Bagus, tp beberapa alfamart yg tersedia banyak yang gak jelas. Pilih pengiriman max 1 jam after pembayaran malah belum dikirim hampir sejam lebih. Lucu ya, pake alesan lonjakan transaksi pengiriman blablabla terus😂✌🏻Sini butuh cepet.",2026-03-24 05:46:50,playstore
c6220d02-a093-49b2-a90e-484415c819eb,"ku kira pesan hari ini bisa diantar langsung ternyata harus nunggu berhari2, ga bisa di batalin lagi👎",2026-03-24 05:10:11,playstore
4c2b94b5-399c-437a-955b-7b760cae5afe,"Cepat, murah dan serba afa",2026-03-24 04:41:28,playstore
b9dd3f1c-b78b-4958-a438-d7f1a1370145,pertama kali belanja disini dan langsung dibuat kecewa. pesan dibatalkan sepihak sama toko dan pengembalian dana nya lama padahal kesalahan toko,2026-03-24 04:03:20,playstore
1afe2084-5e3d-4bd0-bd9f-ad3c856d4adf,"Memesan kopi tak kunjung datang, Dan Slow respon",2026-03-24 03:21:16,playstore
d5222a4c-d563-4b6b-81ce-00309cb9a53e,"Jadi gak bisa belanja gara gara voucher, sekarang gopaylaterku diblokir karena dianggap kegiatan mencurigakan! Ini sudah kedua kali(beda hp). Gimana balikin akses biar bisa belanja lagi?!",2026-03-24 03:19:58,playstore
4ce39def-cf37-4e0f-9486-e918e9f3a4c8,Ada beberapa Alfamart yang pelayanannya buruk kasih nomer Alfa gift hanya disebutkan saja tapi point tidak masuk ke Alfa gift,2026-03-24 02:31:11,playstore
840ba0c3-0daf-42c4-ac6b-70958e0ea58f,"baru pertama pake sudah dibikin kecewa, pesanan 4 hari belum dikirim. tidak ada kejelasan. mau hubungi cs harus nunggu antrian 1-2 hari. chat toko responnya lama. aplikasinya sih bagus, tapi pelayanannya masih jauh.",2026-03-24 01:40:34,playstore
5c63cc0f-53ac-4729-9a85-94b571d97890,"istri saya pesan melalui alfa gift janjinya 1 jam sampai malah sampe sekarang belum dikirim. Karena saya perlu segera akhirnya saya beli di toko lain, jadinya saya rugi beli 2 barang yang sama. Tolong perbaiki layanannya.. Saya sebagai konsumen sangat kecewa!",2026-03-23 14:39:39,playstore
02153ff6-4de0-44ba-a29d-ad8b66e89f2a,"Bagus nih aplikasinya. Memudahkan konsumen dalam belanja kebutuhan sehari-hari. Yg bagus lagi, adminnya langsung gercep ngabari konsumen jika ada kendalam pengiriman. Tidak seperti aplikasi sebelah wkwkwk",2026-03-23 14:04:24,playstore
7d6cc0f3-3a0e-498a-9d5d-49b836a3c449,"Udh 2x mesen disini alasannya ada keterlambatan pengiriman trs, saya order jam 2 siang nyampenya malem jam 10. Jgn mau belanja di Alfagift, kalo mau belanja online mending di Grabmart atau Gomart, disini ga jelas.",2026-03-23 11:07:30,playstore
76cf5ef2-d517-4819-a920-bd272a88c8f1,"Infonya beli ini gratis itu, beli 2 gratis 1. pas di beli langsung di toko tetap harus bayar produk gratis nya. padahal tahun lalu nggak begitu.",2026-03-23 10:50:52,playstore
03251171-475b-4679-967f-83376da7d6df,"salah pesan, terus mau pengembalian dana enggak bisa padahal belum datang, masi mau 3 hari datangnya",2026-03-23 10:44:42,playstore
93453f5a-0c41-4d90-bba3-556c88de8488,mantap,2026-03-23 10:16:59,playstore
a5e65b54-a54c-4572-8978-8db27e598ac9,"Beli gk pakai kantong plastik, dinota dikasih kantong plastik.. Kembalian harusnya 3800 + 200 hanya dikasih 3000.. Pantas struk belanja tidak diberikan.. dan diminta baru dikasihkan.. Lebih hati-hati lagi deh kalau belanja di sini.. Kalau disebelah TANPA STRUK BELANJA GRATIS",2026-03-23 08:52:01,playstore
4c868e5d-9793-449f-9815-960e6ff09527,"Dua kali mengalami gagal pengiriman, padal sudah dibayar. kali ini pembayaran dikirim lewat Shopeepay, dilaporan pembayaran sudah berhasil, namun diaplikasi Alfagift belum dibayar dan pesanan saya dibatalkan padahal sudah bayar, setelah dilaporkan diaplikasikan dan di email tidak ditindaklanjuti lagi. cuma dikasih info batal dan refund, dan dana saya tidak dikembalikan.",2026-03-23 07:18:05,playstore
4cfbc7e9-614b-418e-995d-b69a348401cb,"Aplikasi sulit login , ga jelas",2026-03-23 07:01:35,playstore
cf999fd6-6887-47d0-a5d9-cd5447f3fc8c,"PESAN JAM 11, SUDAH HAMPIR JAM 2 STATUSNYA MASIH DI PROSES, PADAHAL METODE PENGIRIMAN SAYA PILIH MAKSIMAL 1 JAM SETELAH BAYAR.  MENGAJUKAN PENGEMBALIAN DANA JUGA TIDAK BISA, ADA NOTIFIKASI MUNCUL TAPI TERPOTONG DAN TIDAK BISA TERBACA",2026-03-23 06:48:33,playstore
6b301846-a566-4a14-a984-a7c59512fd4f,seperti member lain terkait pengembalian dana yang dibatalkan toko seharusnya dana segera dikembalikan otomatis dalam waktu 1x24 jam. tolong sistem pengembalian dana di perbaiki,2026-03-23 06:10:24,playstore
606cbe7e-73cf-43ee-9ca0-5ffe406259e4,pengiriman di daerah lampung selatan bandar lampung sering nya lama bisa sampe sore baru sampe. di hubungin susah,2026-03-23 03:33:12,playstore
6477c25c-84a6-4286-9920-0faee43ae0ae,pelayanan buruk .. pesan di alfagift dibatalkan karena kendala operasional tetapi dana tidak dikembalikan .,2026-03-23 03:18:34,playstore
cf39f1ca-fb9d-4dfc-8143-5c3d371bd5e2,HAL YG PALING BODOH BELANJA DISINI ADALAH SAYA INGIN BELANJA TP TIDAK BISA. BODOH NAMANYA. PILIH METODE PEMBAYARAN TP GK BISA² HANYA STUCK. BODOH KALIAN UI NYA,2026-03-23 00:30:59,playstore
48b59309-1066-40e4-8f48-f270ba8a9716,"sebenernya sangat membantu, kadang pengiriman cepat gk ada kendala kadang juga pengiriman lambaaaatttttttt , atur waktu pengiriman sll yg 1jam dr pembayaran okelah telat 30menitan mh ya tapi kalo telat nya sampe nunggu 2-3 jam kan gimana ya, gk bisa di batalin dr toko nya juga gk mau ngebatalin, customer harus nungguin berjam2 di chat balesan nya ""sebentar ya"" sebentar ya""toko lagi rame"" sebentar sampe 2-3jam loh kalo lagi rame kenapa pesenan online nya harus di Terima.",2026-03-22 13:48:34,playstore
3ca155a5-a00e-4188-9fed-0bf43d5f5160,"aplikasi setress,saya topup ewalet malah di batalkan dan setelah pengajuan pengembalian dana,sampai sekarang belum di kembalikan juga.",2026-03-22 13:33:10,playstore
307f8f23-e91e-4ca7-95b7-6e89219e496a,"dibatalin pesanan sama pihak alfa nya, uang g di tf², ngomong sore dikembalikan sampe malem g dikembalikan. yang batalin siapa yg rugi waktu siapa. kl dibatalin hrsnya langsung di kembalikan, itu uang untuk beli barang yg dibutuhin saat itu jg👎",2026-03-22 13:30:43,playstore
4df1700c-9c6d-4480-80d7-4f1ce96f6068,"aplikasi dongo member gua di alfagift keblokir teruss, belanja bnyk poin banyak tiba2 keblokir",2026-03-22 12:41:57,playstore
6e3a0565-a99f-43c0-a2ef-adb5881dea13,membantu mendapatkan informasi produk dan promo barang,2026-03-22 11:54:41,playstore
35dfb8be-64f6-40d3-884f-2afcfa602aa4,kecewa beli Alfa gift dua pengiriman offline dan online biasanya byr mmg sekaligus gkada masalah pengiriman yg online GK dimintain duit lgi..Krn mmg SDH byr..eh yg ini diminta in lgi dibilng blm byr.....pdhl jls SDH byr...SDH nunjukin bukti pembayaran ditanggal yg sama pas pemesanan offline...ttp gk prcya...y SDH byr saja...MLS ribut...kapok GK lgi lgi pke aplksi ini.,2026-03-22 09:59:03,playstore
a8f1ef25-cc41-4661-915a-79716e7f6dd6,sangat mudah dan jadi praktis,2026-03-22 09:40:45,playstore
cf4d96f9-2d8e-4479-9a8d-8d03f2647ac5,"ribet ganti no hp aja berbelit belit, jaman sdh canggih",2026-03-22 09:23:32,playstore
01bff456-9487-48c0-90e9-195c9c2713c3,"aplikasi jelek roko ga bisa di beli di sini, ga kaya dulu bisa beli lewat Alfa gift sekarang ga bisa tetep harus kluar, kalo tetep harus kluar ngapain pesen alfagift",2026-03-22 05:26:08,playstore
c9db16fb-94a3-4ec1-9ffc-62ab3ce66265,"alfagift tembelang jombang ga banget,, aku beli roti dan blanjaan lain,, rotinya gak ada, aku chat via pesan gak dibales bahkan dibuka aja enggak.",2026-03-22 04:36:58,playstore
bd1a70fc-4501-4088-92a1-fec67b442476,buruk toko main ajukan pembatalan karna brg kosong & expired namun sudah berhari hari uangnya tidak di kembalikan di chat tapi tidak bertanggung jawab,2026-03-22 03:46:12,playstore
aa4b3e33-e32a-48c5-8169-d6956147896f,Daerah masih lingkungan kota Jogja kok tdk bisa tercover. Gak usah bikin aplikasi belanja online kalo belum siap,2026-03-22 01:41:59,playstore
dde57539-1665-4f72-9bb6-6bdf21d13bea,Penting tambah fitur pemilihan Alfamart supaya bisa cari barang lebih leluasa dan pengiriman lebih efisien.,2026-03-22 01:00:28,playstore
d532580f-45df-42fc-8f66-bccc3e3e9e83,refund dana lamaaaaaa sekaliii udah 6 harian nunggu refund gak di kirim kirim padahal udah langganan kecewaaa,2026-03-21 13:52:20,playstore
4fe32cb0-28ce-4aa6-b401-b7462eec16c1,patah ada saldo 50 ribu lbih gak bisa di bayar gagal terus,2026-03-21 13:46:48,playstore
640acc41-78b2-4852-86f7-abfe3d2212cb,pengantaran sangat lama saya pesan jam 7 malam baru sampe jam 9,2026-03-21 13:16:22,playstore
2229c995-861c-4c79-bbc4-e2c6cfabfcfd,"Mohon untuk ke depannya, jika ada customer yang sudah memesan sejak lama, tolong diprioritaskan terlebih dahulu, meskipun jumlah pesanannya sedikit. Saya sudah memesan sejak pukul 14.30, namun sampai pukul 20.00 pesanan belum juga dikirim. Terima kasih atas perhatiannya. Meskipun rame usahakan sedikit lah",2026-03-21 12:47:37,playstore
cdcb7893-e71a-4a08-b491-cc10d827926b,th lahir salah ketik gak bisa dirubah.. aplikasi merugikan konsumen,2026-03-21 11:56:43,playstore
fe51454e-bc35-43de-a268-273de3a16480,pengumpulan poin lama dan sedikit tidak seperti dulu. Pin (sandi) tidak pernah dirubah tapi pas penukaran poin di kasir pin-nya tidak valid. Aneh sekali harus reset pin mulu.,2026-03-21 11:30:34,playstore
7e96ec6b-4eda-40b5-96bb-0125a62f95c8,"Buat pihak Alfamart tolong di tindak sama karyawan afamart yang setiap ada pembeli yang tidak punya membernya jngn di ambil kesempatan dengan memasukkan membernya sendiri agar dia dapat poin dari pembeli yang tdk memiliki kartu membernya... juga etitude nya di perbaiki karna setiap ada pembeli menanyakan barang yang di butuhkannya tidak dilayani dengan baik,beda sama toko sebelah yang baik pelayanannya.",2026-03-21 10:55:27,playstore
d16afda2-ba35-41c6-a19f-7c58d03e2e43,"buat semuanya bagus cuman mungkin bisa ditambahin maps buat pengantaran nya gitu kek biar kita tau driver nya di mana, karna kadang pas gak di tungguin walaupun emang iya udh ada pemberitahuan tiba tiba sampe dan posisi lagi dibelakang atau gimana nah pas ditungguin bisa set jam sampe sejam dari pemberitahuan baru sampe , itu aja sih paling",2026-03-21 06:07:12,playstore
3269f0e4-9d94-44a1-bea5-cdcd1c9e9cf4,sampah banget masak mau registrasi wajib centang yang persetujuan penggunaan data pribadi untuk personalisasi iklan,2026-03-21 05:30:15,playstore
c5406932-3b17-43c6-beb3-072398055466,kecewa banget akunnya nomornya jadi tidak aktif padahal mau login lagi,2026-03-21 05:23:09,playstore
74ea9a35-895f-4dd6-a662-afaf1303cfd7,"awal"" bisa buka aplikasi sampai belanja 100ribu setelah itu error gak bisa dibuka terus pas sudah dibuka tempat pembayaran gak ada muncul sama sekali walaupun pakai wifi atau data internet tolong perbaiki karena suka belanja di aplikasi saja",2026-03-21 04:51:41,playstore
b1ced62e-7ca0-44c4-90da-e0c1c89b6a6f,"untuk penukaran stamp tidak bisa, stamp tertukar dan habis tetapi tidak dapat voucher untuk ditukar",2026-03-21 01:48:44,playstore
9b0d3fab-4e1d-400c-a378-04ca809d8757,"sebenernya membantu, apalagi untuk cek harga di toko. tapiii sering logout dan tidak bisa registrasi mandiri, harus ke outlet",2026-03-21 00:44:42,playstore
e3d0f2b7-b7d6-4e28-9ac3-b8da4c72d154,"kurir bermasalah malah reportnya pembeli tdk ada ditempat. refund juga ditolak, emang aplikasi niat maling sih. mending belanja ke indomart lebih aman bisa COD tanpa resiko dana dimaling.",2026-03-20 21:49:53,playstore
997890cc-535a-4ad0-ba26-0c5fe16aa189,"lama banget refund dananya padahal karena toko yang batalin, hemm sudah 3 hari ini refundnya gak balik2🥲",2026-03-20 16:31:38,playstore
fcb2a85a-4d7a-42dd-96cd-74d8fd542b81,makasih,2026-03-20 15:17:58,playstore
e1981164-e626-4f73-b897-49c97b60d51c,"gk ada fitur komplain. chat di aplikasi dibaca doank gk di bales.. pesen apa yg dikirim apa. udh chat bantuan juga gk ada tanggepan.. update, pesen galon smpe jam 10 malem gk dikirim2. status pengantaran mulu. gk ada pemberitahuan apapun... bintang satu aja ya..",2026-03-20 14:31:33,playstore
07146141-9029-4252-aa12-4fc57d51e9f1,"sangat slow respon sekali, status ""dalam pengiriman"" telah muncul sejak jam delapan tetapi hingga setengah 10, tidak ada pengantaran sama sekali ke rumah, saya mencoba untuk chat tetapi tidak ada balasan sama sekali. Tolong lah kalau bisa tambahkan fitur lacak by maps, jadi kita tau paket yang kita pesan sudah sampai mana progress nya. Siapa tau kurir nya malah santai santai di warkop!!",2026-03-20 14:22:54,playstore
65742d1d-fcf6-49d2-af17-d548965271a7,Sangat mengecewakan. Lokasi katanya tidak tercover pengiriman padahal dulu masih bisa. Areanya pun masih bisa terjangkau dan masih ada Alfamart yang nggak terlalu jauh dari alamat saya. Jadi nggak bisa lagi belanja online lewat Alfagift. Beralih ke Indomaret aja.,2026-03-20 14:13:14,playstore
ff41caa7-6073-49ca-8d0a-bfdf4a2c15e0,"Saya sudah memesan barang dan mengatur waktu pengantaran nya yang 1 jam setelah pembayaran. Namun, sudah Saya tunggu hampir 2 jam lebih pesanan Saya belum tiba juga. Saat Saya chat ke operator nya, malah tidak di balas. Dan ini sudah ke sekian kali nya kejadian seperti ini. Mohon segera di perbaiki!",2026-03-20 08:51:50,playstore
2f8219ba-e316-4866-87d9-c26bc98e0875,"semakin lama pelayanan nya semakin buruk, kemarin banget saya pesan, lama datang nya, terus di chat alasan produknya kosong padahal di app ada, terus saya bls karna udah saya bayar lunas, tiba² di batalin dia pesanan nya terus chat saya di baca doang, dana saya tidak di kembalikan sampai Sekarang, kecewa berat, ga bakal belanja lagi di alfa, dulu² juga belanja di Alfa di kasih roti yang besok nya udah expired, terus minuman yang udah mau expired. tapi terakhir ini yang parah.",2026-03-20 07:54:32,playstore
27f960ec-cea0-4556-9efe-b1383630e963,"refund dana nya dipersulit bisa smpe 1mnggu lebih sampe sekarang ini belum ada dana refund yg masuk ke rekening, dg alasan pihak kantor libur lah kemaren² apa libur kantor juga?? lama bener, stok ya situ yg kosong kenapa harus mmpersulit costumer sih kacau ini mah",2026-03-20 07:46:35,playstore
3c968095-8981-4cb8-95da-674c8821fd16,Edit: Alhamdulillah barang saya yang kurang sudah diganti. walaupun agak lama tapi gak apa-apa. makasih ya Alfamart. Saya baru pertama kali mencoba belanja di Alfamart. Agak kecewa sih karena ada pesanan yg gak dikirim tanpa konfirmasi. mungkin ini kesalahan staff packingnya yg kurang teliti. tapi kalau begini terus setiap belanja selalu ada yg kurang kan kita dirugikan. saya sudah email ke costumer care Alfagift terkait pesanan yang kurang tapi responnya lama banget.,2026-03-20 07:39:22,playstore
20f0357b-d59a-4aea-9d51-89618de89027,"Pengalaman yang kurang memuaskan. Harusnya jika pesanan belum dikirim dan sudah melewati waktu pengiriman yang dipilih, pengguna bisa mengajukan pengembalian dana. Tapi yang terjadi, status masih “diproses” (belum dikirim), namun sistem menolak refund dengan alasan “barang sedang dikirim”. Mohon diperbaiki agar status pesanan jelas dan kebijakan refund sesuai kondisi sebenarnya.",2026-03-20 07:37:34,playstore
8e88738c-4b27-4880-8d7b-3901f5aedc1d,"saya login di 1 hp saja , tapi kenapa verif selalu gagal dengan alasan login di berbeda device padahal saya login cmn menggunakan 1 hp saja , rate 1/10 semakin lama semakin aneh ini aplikasi",2026-03-20 06:26:24,playstore
4898a1c1-ce25-4515-b10d-f3345daa903e,Aku edit lagi ratingnya🙏 tolong tingkatkan lagi profesionalitas karyawannya,2026-03-20 05:50:04,playstore
2e890c56-a83b-430f-a3c9-d42e3ff65992,"suka beli di sini daripada yang di sebelah, ada fitur chat admin toko, ada pemberitahuan pengiriman juga. ada konfirmasi KLO gak bisa kirim sekarang masih ujan atau apa, di kasih tau sama adm tokonya.",2026-03-20 05:26:31,playstore
c465cdef-5536-4191-a461-8873e3ec07b4,"aku suka belanja di alfamart dimana mana ada cm kenapa ku kasih bintang 3 karena biar untuk perbaikan karena gk selama nya orang belanja mau beli kebutuhan ada yang mau duduk minum kopi sm cemilan nunggu atau gmn nah di alfamart ini kopi nya gk enak,, tolong di perbaiki rasa kopi dan kualitas gula nya mungkin biar gk mengendap,, kalau udh enak nnti ku review lagi jd bintang 5",2026-03-20 04:58:32,playstore
6c0d7261-4dbb-450e-b9ee-aa215a5765d0,"kenapa sih setiap beli udh di tungguin lama tbtb malah ""pembeli minta penundaan pengiriman"" padahal jelas"" kurir blm sampai, saya tunggu di depan udh lama. kalau yg dibutuhkan barang urgent bagaimana?? ga cuma sekali dua kali kaya bgini, kalo semisal emang gabisa langsung antar kan bisa di chat konfirm kalau dianter nanti.",2026-03-20 04:15:19,playstore
12731fc6-0785-42d7-bbf5-daf96abf6e23,"menurutku kurang efisien sih. udah bayar max 1 jam masih telat nyampe 4 jam lebih. mana engga bisa reffund. minimal untuk transaksi bayar max 1 jam itu bisa di reffund lah. udh urgent masih lelet, udh gitu ga bisa buat reffund lawak banget managemennya",2026-03-20 02:57:27,playstore
d76599ca-ce15-4603-a671-784c4b816ddc,habis diupdate aplikasi nya malah ngebug. tidak bisa dibuka,2026-03-20 02:27:25,playstore
5abebf2b-5fce-4e7c-a379-e7f353ec7c96,"Kalau belanja di online gak perlu ke toko seperti Tokma, Indomaret, dan Superindo. beli makanan, minuman, sabun, es krim, dan shampo beli di alfagift atau klik Indomaret.",2026-03-20 01:57:41,playstore
dee5ebaa-955c-49a9-b9a8-ed9bc965e54a,belanja mudah dan aman,2026-03-20 01:14:36,playstore
b075ad9f-405c-4c3c-9ea1-4c35711419bb,senengg baget dapat data grstis tapi dikit oengen dapet thr dari alfamart aku keluarga aku pelanggan setia alpamart,2026-03-19 23:17:41,playstore
b9f9f601-cfdd-4709-ba56-1831c13e7ab8,"entah harus kasih rating berapa, kejadian yg saya alami, barang kurang dikirim, ketahuan bbrp hari setelahnya, saya telp CS dan sedikit emosi, lalu dikirimkan barang itu dg penjelasan dari kurir bahwa barang ketinggalan, logikanya ketinggalan itu seharusnya langsung dicek di hari yg sama, bukan ada jeda waktu bbrp hari setelah ada komplain baru dikirimkan. mohon standarisasi layanan tiap store dicek dan di super lebih ketat.",2026-03-19 20:48:13,playstore
198a546f-ec23-4500-8959-ea5f1438856c,apk kurang proper. saya nukerin stamp alfa buat blind box ganci nya tapi belum diambil ke toko nya baru mau dituker udah ilang stamp nya. belum dipakai tapi ada notif udah di reedem stamp nya juga ilang 20. kenapa bisa gitu. kenapa tiba tiba ilang. padahal banyak itu 20 stamp. 20 stamp itu banyak loh masa tiba tiba ilang sendiri dan ga dapet apa apa. tolong kebijaksanaan nya ya karna kan dapet stamp juga dari duit hasil belanja. penanganan komplain juga buruk,2026-03-19 15:52:35,playstore
308aedf5-d073-45c6-952c-8757f1c1e626,perbaiki dlu map kalian bru sy kasi bntang 5....masa mau beli pesan anter alamt sy titik ny jauh bgt dr lokasi..... kalah jauh sm indomaret,2026-03-19 15:34:08,playstore
3dfed124-331f-495c-9eae-5f3149531b6b,"percuma ada fitur pengiriman maksimal 1jam setelah pembayaran, tapi dikirim nya sampai Berjam"" ga sampai"", hadeh payah bgtt",2026-03-19 14:21:15,playstore
a7c34e5d-8256-4487-b8a3-386827ea77a2,"bagus banget aplikasi nya, harganya juga gak jauh dari yang di toko, yang lebih penting free ongkir meskipun beli cuma puluhan ribu hihihi sukses terus alfagift",2026-03-19 14:10:29,playstore
55c43907-aaac-4162-807c-c360ce14ee38,kasir gak jujur,2026-03-19 13:24:47,playstore
d480b6e0-e6a6-4adb-9e07-fab84e9442f7,"cara login nya gimana? cuman ada menu daftar/masuk, keterangan nomor sudah terdaftar. terus cara menu login nya yg tanpa daftar dimana?",2026-03-19 13:12:47,playstore
f53f3662-3b6c-4e6b-9206-4307e1c13a05,"pengiriman nya lama pesan siang sampe malam belum di kirim, katanya di tunda karena konsumen tidak bisa di hubungi, padahal kita chat malah gak di balas2, gak jelas ni aplikasi nya dan orng kerja nya, live chat nya juga gak jelas mau komplain gak bisa, yasudah saya komplain di sini aja biar bisa di baca sama semua orng sekalian",2026-03-19 11:24:24,playstore
2f7a0490-0d78-4048-b5e4-20f6113b8145,"di daerah saya cabang CJ02 DS mustika jaya Bekasi pengiriman nya lamaaaaa bgt bgt bgt kecewa bgt padahal sy udh chat tp ga d respon , setiap belanja di alfagift sini lama terus pengiriman nya mending nyuruh ojekk online yg belanja dripada nunggu Abang Alfa nganterin kecewa bgt mana yg d beli susu bayi terus , kapok ga lagi2 belanja di alfagift DS Mustikajaya",2026-03-19 06:05:15,playstore
8b1da9ab-97bc-4150-99b4-b4f03b7a5e56,"beberapa kali barang kurang pas sampai, pengiriman kekurangan barang lama banget nunggu lebih dari 4 jam, dengan pemesanan awal max 1 jam. Udah diikhlaskan biar gak usah dikirim, eh giliran diikhlaskan baru mau ngirim. entah karena takut dikasih rating rendah atau gimana, bener bener gak logis, kalo gak kepepet mending langsung ke store aja gak usah lewat aplikasi banyak minusnya. atau gak pergi ke yg lain aja makin kesini makin buruk pelayanannya.",2026-03-19 05:25:22,playstore
f868e1b6-7371-48d3-8935-9b77a50c578b,ok,2026-03-19 03:23:41,playstore
63c542e6-f343-4803-8cab-44764c8e82d6,sengaja pilih pengiriman instan krn butuh cepat tapi nyatanya di lapangan dikirim lebih dari estimasi. ini gimana yaa sistem pengirimannya kok bobrok gini sih?,2026-03-19 02:56:28,playstore
6939448a-d185-4eef-84a0-b95aef2ec0db,"jelek banget,slow respon,cod harus 50k",2026-03-18 15:32:20,playstore
8bfb683b-afcc-4509-8da6-2b805d9150f3,mantap,2026-03-18 15:03:14,playstore
8d19ee85-8f52-4947-b640-c1ea3d8e80c7,mantap betul,2026-03-18 14:16:53,playstore
b6aec61f-6bac-4a14-ae2d-f6ce75925b92,Alfa Gift memang oke 5star,2026-03-18 12:04:06,playstore
d0871a45-98ce-4414-a188-7986dd7cc384,setelah sekian kali gk bisa bisa masuk k alfagif yah kl gk niat bikin apk gk usah bikin orang naik darah,2026-03-18 11:52:23,playstore
619eafef-d6e6-45ef-a6c4-6873b0079e11,lama banget deh ga recomend mending dateng langsung aja ke tokonya,2026-03-18 11:25:25,playstore
a608df9d-5fba-471b-aa4e-442482e2d4ac,sukses selalu,2026-03-18 09:45:43,playstore
d57934fd-0506-4851-9767-248174de90f8,mau daftar aja susah banget pakai verifikasi gambar segala udahlah susah digeser,2026-03-18 07:23:24,playstore
e1ccafe9-14eb-4a06-8970-a6a72845cad1,"aplikasi oke saja driver pengantar gak baik, segi pelayanan juga lelet.",2026-03-18 05:45:18,playstore
0c69290d-3ba4-4e24-9a4f-dd573c285562,"Kalo jam pengiriman gak sesuai, ada konsekuensi dong, ini alfamart dekat saya suka telat seenak jidat. Udah gitu gak bisa dihubungin. Mending beli langsung aja kalo gitu saya. Minimal kalo telat ada benefit buat customer kayal toko e-com lain",2026-03-18 05:42:43,playstore
a411330a-c0d1-42cb-8c81-e0b0b947ada0,sangat mengecewakan.pengiriman lambat tidak amanah ...bilangnya tidak ada minimal pemesanan..tapi kalo pesen sedikit ngk di kirim malah di batalkan.kalo pesen banyak baru di kirim itu pun nunggu dari pagi ssampe siang,2026-03-18 04:50:23,playstore
2eec1a3e-7585-48c4-92b4-61dba777cb38,"sangat kecewa, pesanan di kirim dari jam 16:30 terus pada jam 19:49 di batalkan begitu saja oleh pihak toko di chat gak ada respon, padahal perjalanan hanya sekitar 30 menit udah nunggu lama di batalkan begitu saja.. langsung kuhapus aplikasi ini .",2026-03-18 04:06:57,playstore
b4b40f4d-f693-4107-9f20-ac8ff37be729,kalo air isi ulang Aqua nya kosong di cancel aja pesanannya bukan sudah di bayar tapi ga di antar²,2026-03-18 03:46:54,playstore
0074a7c6-b1d1-4281-8095-5df5ef4bb5ac,"parah sumpah kurir sama cs nya,,orang"" yang kaya gitu malah di kerjakan Miris..",2026-03-18 03:09:27,playstore
6566b1a0-a013-42fe-947b-27a68a9da328,🙏,2026-03-17 22:00:00,playstore
5842b497-59fb-4094-938d-117330817ffd,aku suka belanja dialfagifht itu pelayanan nya sangat ramah serta cepat dalam mengambil keputusan ya semoga aku dapat menjadi orang yg lebih baik lagi,2026-03-17 16:59:05,playstore
9cc017e9-1865-4dbc-9559-7b11dce5c8cb,anjir buat nyakitin dana cicil😂😂👍,2026-03-17 15:10:07,playstore
8bd0a5a5-cbc9-48e8-9f74-e4275e44bcbe,"jmlh stamp tdk sesuai dg struk /tdk update. hrs kasir memberitahu voucher yg bs digunakan saat belanja di toko. member seharusnya dipermudah utk mendpt voucher, merchandise, Penukaran stamp ato promo di toko.",2026-03-17 14:59:13,playstore
76967a3c-3363-4a89-89c5-74ad77c15bf0,"pesan pake yg 1 jam sampai, niat beliin es cream buat keponakan mumpung kesini malah ngga dateng"" sampe udah pada pulang pesanan dari jam 6 sore ya, kurir gak dateng sampe jam 10 malem",2026-03-17 14:42:49,playstore
43c9d83a-33ee-4564-868a-b95d0ed87dd4,Alfacare isinya sampah buletisasi tidak profesional putar2 tidak ada solusi ya inilah konoha,2026-03-17 14:15:27,playstore
ca251357-ccd0-472a-9231-14b09e72717d,"kalau mau ngirim alfagift itu konfirmasi kek jangan tiba2 ditunda, klau udah dihubungi ga jawab baru ditunda. ga jelas",2026-03-17 13:41:58,playstore
c76ed353-702c-4eff-98d1-c614571f195a,mengapa sekarang tidak bisa langsung searching produk ya kak? banyak produk yang tidak masuk online.,2026-03-17 13:28:32,playstore
0a9f4314-6611-4dc4-b494-240f89fd3391,topup dana payah biasa bisa topup 4jt sekarang malah cuma 2jt di isi cuma 500rb 4x,2026-03-17 10:50:30,playstore
6b9f625e-13fa-400f-ab76-c425f8e25919,"ini gmn,sy daftar kok email nya gk bisa,dengan alasan email sudah di gunakan, ya udh pasti di gunakan lah,bodoh atau gmn.",2026-03-17 09:52:54,playstore
0d9d01a3-d016-406d-853d-1e3bcec2c5d6,"ribet banget proses pengembalian dananya ga kaya toko online lainnya harus isi rekening prosesnya juga berhari2 ga kelar2, padahal pembatalan dari toko. sumpah muales banget beli di alfa lagi.",2026-03-17 08:39:34,playstore
12c203b3-31a6-4c4a-99e7-3f4956fff7c1,ketentuan promo tidak jelas. sebelum sy melakukan checkout sy selalu membaca selalu ketentuan berlaku. tapi alhasil reward poin 15000. tidak diberikan. ini jelas penipuan berkedok reward besar. dengan harga sudah dinaikan. Ticket 3489146. gak ikhlas gw bayar nugget 400gr 55rban. sewajarnya nugget 30-40rban.,2026-03-17 08:16:47,playstore
3cd03f47-a710-4a35-96bf-1f8cadc995ec,"Biasanya sangat membantu, ada 1 alfamart dekat rumah yang pelayanannya sopan, komunikatif. sekarang pengiriman dari alfamart pondok mutiara. sudah 2x check out pilih yg pengiriman max 1 jam stlh pmbayaran. tidak ada info tb2 dinotifikasi apps ket-nya : ""pengiriman ditunda pembeli tidak dpt dhubungi"" pdhl blm ada yg hubungi. balasan dichat aplikasi juga tidak SOP. kurang sopan. beda sama yg toko sblmnya d daerah lemahputro. agak kecewa krn sudah tdk ada pilihan pengiriman dr toko tsb d aplikasi",2026-03-17 08:09:36,playstore
b7877a5f-44b7-4e17-bed2-be552e5994a6,"alfagift disini pengiriman nya lama banget, saya pesen dari jam 9 - jam 1 belum dikirim padahal saya pilih opsi pengiriman yg maksimal 1 jam setelah pembayaran, dan gak bisa dibatalin karena diketerangannya sudah dalam pengiriman tapi dari jam 9 - JM 1 blm sampe, giliran saya chat katanya lagi proses motornya lagi rusak dan responnya lama, harusnya semisal ada kendala konfirmasi dulu sama customer jgn asal klik dalam pengantaran tapi ternyata blm dianter (alfagift-kalirejo/Lampung tengah)",2026-03-17 06:27:18,playstore
84ac6bc9-e79e-492b-a430-371a74bf7b84,oke,2026-03-17 04:52:49,playstore
dbddf3ec-953d-4dc6-9701-e0943175cdc2,Bagus tapi aplikasinya sering stuck loading lama saat mau masuk aplikasi tolong di perbaiki,2026-03-17 04:10:27,playstore
b6925289-0759-4791-87ad-1f5223ee87e5,"perbaiki lagi aplikasi, tidak ada notifikasi yang masuk, pesanan notifikasi tidak masuk, mengecewakan, kasihan kurir yg nganter nunggu, dan user yg disalahkan karena tidak fast response",2026-03-17 02:51:23,playstore
68cb6df3-532f-444b-b07d-7f1452ca21a0,donlot apus donlot apus!!! kenapa harus ada maksimal kode otp 3x mana susah bgt masuknya gak bisa bisa kecewa udahlah apus lagi aja.. email yg di gunakan udah di pake mau masuk lagi masukin email malah keluar waktunya keburu abis karna maks kode otp 3x padahal gagalan terus,2026-03-16 20:28:04,playstore
cf61dedb-e302-4b64-8ca2-4c24d6e4cd41,Order dari stengah 8 malam tapi tiba2 jam 11 malam ada keterangan pembeli meminta penundaan pengiriman. Padahal sampe jam segitu saya masih nunggu,2026-03-16 16:57:55,playstore
816fb7f8-6230-42fb-9c5b-e69d09e3ddc2,lamaaaaaa bgt gk ada konfirmasi juga minimal bales chat,2026-03-16 14:25:18,playstore
7e4c3838-4f68-4aaf-aad2-d2ab961ee96a,"Kalau lu fikir ini solusi maka lu salah besar. Kurir kirim barang bukti penerimaan pake foto random. Kurir malas mencari alamat klo gak ketemu maka pengiriman lu ditunda seolah pembeli yang request. Pesanan lu bisa dibatalkan secara sepihak kemudian lu disalahin karena gak ketemu alamat. Pengembalian dana ribet dan berhari-hari. CS gak berguna, buat laporan doang gak ada followup. Sampe gw tulis ini ada 2 pesanan gw yg nasibnya gak jelas. KAPOK",2026-03-16 12:08:21,playstore
d6aac4a8-ea87-4344-8186-4cb9f30156fe,"ga bisa ganti no HP, cS online pun tidak ada",2026-03-16 11:42:58,playstore
dccf7457-07b3-4864-bed8-915327f87aad,"lama banget dikirimnya mau sejam lebih, hadeh.",2026-03-16 09:21:49,playstore
ddbdd071-39e1-44de-b4ee-1a2c39abb60b,tolong perbaiki sistem nya masa cantumkan nomor CS sama email CS GK ada yang bisa terhubung bener2 bikin kecewa aplikasi GK jelas,2026-03-16 08:00:02,playstore
068381e7-3b2f-45b0-8793-5d20f94bf6ff,pelayanan driver pengantaran lama banget dan tidak sopan,2026-03-16 06:32:23,playstore
b754a543-1c3a-41aa-8628-838b92e311f5,suka ketutup sendiri,2026-03-16 06:32:05,playstore
35158308-6510-485d-a29d-6f51edcfec25,"kecewa banget sama alfagift, demi apapun kali ini merugikan bangtet apalagi sama yang ngurusin pesanannya",2026-03-16 05:08:09,playstore
19e6bef5-0715-4930-ad0c-55fb74d83429,"dulu alfagift jadi andalan untuk belanja, sekarang mah pengiriman lama dan cd-nya GK fast respon... ada stok barang kosong biasanya wa untuk barang yg ada dikirim dan sisanya akan di refund langsung oleh toko. sekarang mah ada yg kosong main cancel aja dan refound dana harus melalui cs email yg lama bgt.. ini aja dana belom balik"" padahal udh 3 hari di cancel toko... cs email GK respon dan cs toko lebih parah cuma di read aja.. kecewa udh, jadi kapok pake alfagift",2026-03-16 03:42:46,playstore
da8de227-dc51-442a-a135-b7570860338a,"makin kesini pelayanya makin kurang, suka sekli tunda² barang dengan alasan pembeli meminta menunda, padahal tdk ada yg minta, malahan kita butuh cepat.. sdh brapa kali di kecewakan pernah pun pesanya pagi sampenya baru malam org sdh mau tdur. Padahal kita sudah bayar lunas loh.",2026-03-16 02:30:06,playstore
ce4ac370-b385-4d3c-97cc-6ebbbb8c1f1f,aku suka dengan alfagif belanja lebih mudah buat aku yg malas keluar,2026-03-16 01:53:58,playstore
cc1f1b64-567f-4d74-b036-705bddef6155,tidak dapat diakses mint. padahal krusial untuk cek harga sebelum beli barang,2026-03-15 20:48:05,playstore
9ce8a899-01b5-4d24-a532-4d6d37e8bddb,"percuma download, pegawainya jga ga sering tanyain ""punya member apa gk""",2026-03-15 17:30:54,playstore
66568e2c-c327-495f-8cdf-95c9a1417e54,lama bgt datangnya cokkk,2026-03-15 17:27:13,playstore
4031735a-28c4-479b-9f61-93496fadd931,kenapa di daerah saya tidak bisa layanannya padahal biasa nya bisa hmmm terpaksa deh beralih ke apk lain,2026-03-15 16:42:04,playstore
d25b0dcb-fa70-4956-8fdc-2a829539165a,"Baru mo daftar kode OTP ga masuk², udh coba ganti nomer ga ada SMS kode OTP yg masuk. Pendaftaran udh berhasiil tapiii ga bisa beli rokok krn produk tidak dicantumkan, buat apa isi tgl lahir klo sistem ga bs ngebaca bahwa pengguna di atas 21th. Ikut undian periode desember 2025 hadiah nintendo switch tp smpe skrng ga jelas pengumuman pemenangnya siapa, di medsos alfa ga tercantum sama sekali. Baru ikut sekali udah kapok.",2026-03-15 14:29:34,playstore
4584bfdf-01a1-46b9-a88e-f8efb618a8e3,"pengirimannya lama,tidak sesuai estimasi harusnya nyampe sudah dari jam 6-8 malam tapi sudah lewat jam 8,belum nyampe juga",2026-03-15 13:10:00,playstore
0fb73863-696a-46b1-a38b-4fc43b4c9d97,di chat gak di bales padahal online terossss,2026-03-15 12:10:43,playstore
c1dc39a8-076a-48df-8f0c-4e3956405034,sangat berguna dan bermanfaat,2026-03-15 11:58:52,playstore
fccc6eec-e649-4805-81ba-bc8733300a98,iya saja,2026-03-15 11:43:46,playstore
1ced739a-17a1-4f54-8ad1-f5816bbb659a,"Kecewa banget sih sama alfagift, awalnya doang pengiriman cepet makin kesini makin lama pool. buat apa diadain pilihan sejam dari pembayaran di kirim kalau sampe 5 jam belum dikirim2. kalau orang milih yg sejam gitu berarti emang lagi butuh cepet",2026-03-15 10:59:31,playstore
7d99f17a-c370-405e-ad32-eefe143024be,pesanan lama sekali 3 jam lebih,2026-03-15 10:35:17,playstore
f379f554-cdb6-4cf6-97a2-55876bf31680,"Mending pakai Astro sih,pakai alfagift 5 hari Galon saya tidak dikirim, keburu mati kehausan nungguin nya, Cs tokonya juga tidak respon apa apa, Coba lapor ke Alfacare, ga ngasih solusi apa apa, tiba tiba ada email udah solved, lah solved darimana nya, Aneh banget, ajukan pengembalian dana juga sudah tidak bisa padahal statusnya masih dalam pengiriman, apa sih aneh Banget",2026-03-15 09:13:38,playstore
ed1226b6-d888-44f4-96cb-c218c60793f2,kenapa selalu alfamart/alfamidi yg lokasinya jauh yang selalu nerima orderan... jadi keseringan lama datangnya orderannya,2026-03-15 07:35:56,playstore
6cdd9a0d-3805-4e15-af7b-76eb0794c12f,"Saya kasih bintang 5 bukan karna bagus tapi karna jelek dan sistemnya belum siap, tolong buat pengembang atau developer atau siapapun pembuat sistem alfagift tolong diperhatikan lagi, saya memesan lebih dari satu jam hampir mau dua jam barang baru sampai, saya tanya kenapa lama karna sistem overload di tokonya, tolong kalo kayak gini banyak customer yang nyalahin karyawan kalian padahal mereka udah kerja bener, cuman sistem kalian yang belum efektif dan efisien tolong di tinjau lagi kasian orang",2026-03-15 07:17:20,playstore
ffb60993-716c-4a39-8c12-017ebd3d1022,"apk bab1 , kalo emng gak sanggup antar pesanan dari aplikasi, mending jangan ada deh, masa pesanan sampe nya udah 3 jam lebih, cuma pesan roko dan makanana ringan, TAMBAH KURIRNYA DONG",2026-03-15 06:59:29,playstore
da9d2885-ac95-4c70-98d7-e1af352d949b,Nice,2026-03-15 06:57:14,playstore
580eec66-0c0e-4878-aec0-e59e56eebff9,"cs tidak becus,nomor saya hak saya tapi mereka tidak bisa mengubah data pengguna lama ke pengguna baru,tidak ada alasan pasti mengapa pengguna sebelumnya tidak bisa diganti data saya sebagai pengguna resmi nomor ini saat ini,tolong diperbaiki sistem alfa yg tidak becus ini,sangat buruk",2026-03-15 06:26:28,playstore
303051cd-c64e-48ac-a9cd-2e2fafc07796,"kakk saran dari saya, kalo lagi pengiriman, adain maps nya dong kaya di apk e commerce lain, biar tau uda sampe mana mana nya",2026-03-15 05:45:23,playstore
74c23d76-8b91-4c80-89f6-9a3da642956d,kembalikan aja ke sistem lama yang pakai petugas toko... pake DS gak efektif,2026-03-15 05:11:00,playstore
955fa5b3-b734-4f4d-93ce-e72905a2d8b5,ga bisa daftar manual,2026-03-15 05:03:29,playstore
28c5b42d-b197-42b7-bd83-2833cb90e645,"pengirimannya lelet bgt, harus ditelpon ke CS baru diantar. pdhl sudah lewat dr estimasi pengiriman. udh 2x kaya gini ckckckc",2026-03-15 04:58:23,playstore
547ad17e-a004-449d-a6b0-d58ac8375079,"ga mengecewakann samsek kurirnya amanah,trs petugas chatnya juga sabar bgt ngadepin komplain nan i like it!!",2026-03-15 04:37:23,playstore
99761164-2bad-4f04-a045-b99bc939f602,"buset, beli teh botol 200ml 1 dus, mesen tgl 9 Maret pengiriman maksimal 3 hari di 12 Maret, sudah 12 Maret ga dikirim, yaudah akhirnya ngajuin pengembalian uang, diisi form nya, nomor rekeningnya, email-nya, dapet email juga permohonan pengembalian dana, nungguin 3 hari setelah pengajuan pengembalian uang kok lama banget duit ngga balik², dan suprise barang sampe tanggal 15, buset 6 har dr pemesanan 🤣, lah apa gunanya fitur pengajuan pengembalian uang, kocak 🤣",2026-03-15 03:46:46,playstore
5f3d97f6-1d7a-4354-80b7-c9eb1b0f0a83,"Memuaskan dan pelayan terbaik, dan akun saya kembali aktif kembali , terimakasih banyak 😀🙏",2026-03-15 03:35:01,playstore
e8052153-43c3-4567-b905-5c4ef0d2dca8,Pelayanan buruk dan tidak tepat waktu,2026-03-15 03:18:27,playstore
88531dbd-591e-4ede-a2b6-c60d047066c8,"ini aplikasi menguji kesabaran, sangat sangat di sayangkan yaa apalagi yang udah loyal belanja di Alfa trs ga dimanfaatkan dengan baik sama pihak alfagift. kalo ngirim bener bener luama bgttttttt, nguji kesabaran. sebenarnya engga Skali 2x tapi kejadian semalem tuh bener bener bikin emosi. pengiriman jam 18:00-20:00 tapi gada info keterlambatan, di chat juga ga di bales ehh di anter jam stgh 11 malem bayangin aja yaa udh emosi. pas Dateng emang sih bilang maaf tapi katanya yg ngerjain anak baru",2026-03-15 02:01:04,playstore
c7bdf216-b217-42a5-aad3-595341e9cc70,"nyesel banget pesen di aplikasi ini awal pesen jam 8 pagi kemarin aku bilang bisa di batalin ga katanya oke bisa di batalin dari sininya, eh tau tau nya tetep aja di proses tapi dari jam 8 pagi kemarin nyampe sekarang ga dateng dateng di chat ga di respon sumpah nyesel banget aku unduh apk ini😌",2026-03-14 23:44:00,playstore
ff68bdff-0fb7-47a0-94ae-75cad6e860a7,"terlalu bertele tele ,pengiriman lambat ,sesuka hati pihak toko menunda pengiriman ,masa dari jam 4 sore di kirim nya sampe jam 10 malam",2026-03-14 22:08:24,playstore
efec716f-4864-46e6-b500-4dec2f2fd43b,"pertama kali coba pesen lewat apk, tapi barang belanjaan malah ditaruh depan pagar kurir tanpa permisi apalah.. main taruh2 trs ditinggal gitu aja... bisu ta? attitude nya kurang bgt. untung aja ga dimakan tikus",2026-03-14 16:01:22,playstore
d04bae9d-e0b6-4cc6-9f93-0a7eaec8b6cb,"ini kenapa ya? udh milih opsi sejam setelah payman tapi malah ga dateng? mesen dri jam 8 malem, skrnh udh hampir jam 11 ttp ga dateng juga. berkali2 saya reminder ke admin via chat, tapi diread doang dan gaada balesan, padahal status admin online. Saran aaya kalau ngga sanggup buat delivery, issokey bgt buat ngehapus aplikasi ini. Kecewa bgt, mending belanja di Astro🙏",2026-03-14 15:48:18,playstore
65e93049-f004-428c-b7e5-06b93efb580f,"sebenarnya suka karena banyak promo, tapi kok pengirimannya makin lama, makin membagongkan ya. pesan dari siang, dikirimnya udah mau tengah malam. jam 11 malam baru sampai depan rumah. ya saya tolak lah.. enak aja, pesan dari siang tapi keseringan dikirimnya sampai tengah malam. orang enak tidur, disuruh Terima barang. pokoknya kalau kirimnya sampai malam, saya tolak, biar kirim ulang esok hari. alfa gift kalah pelayanannya sama klik indomaret, indomaret kirimnya sesuai estimasi yang dipilih.",2026-03-14 12:34:41,playstore
da2804e3-a506-4828-989e-35b25a05b74e,saya mau login ulang malah gbisa ktany terdeteksi pernah login dihp berbeda mana ada jelas jelas hp android sama tpi malah gabisa login,2026-03-14 09:50:53,playstore
eb6fdcb0-7248-41c0-b673-54c3fb9244a2,"jangan pernah mau pembayaran non cod, dikirimnya jauh bgt dari estimasi, ngga bisa di cancel kalo udah di proses, kalo bayar cod mah bomat mau di anter apa engga, ngga ada uang nyangkut yang penting",2026-03-14 09:00:42,playstore
486ab066-0417-46dd-b406-181c901e932e,"coba ini udh jaman gampang pake qris. susah pake pembayaran lain, cpet ada qris",2026-03-14 07:48:08,playstore
95ca25bd-bf88-4e7d-bea2-30e505d720f5,ini gimana si pelayanan nya ??? saya sudah nunggu lebih dari 2 jam loh ga diantar? kalau emang belum jelas dan gabisa bilang dripada nunggu 2 jam seperti ini,2026-03-14 06:23:16,playstore
4fcac446-54f2-479f-b038-29fab05f9b2f,Tolong tambahkan filter pencarian menurut harga: dari yang termurah ke yang termahal dan sebaliknya...,2026-03-14 05:41:07,playstore
9fad530a-98d8-452b-838d-411720b39adc,"produknya kurang lengkap, kayaknya ngga semua Alfamart terdaftar di sini",2026-03-14 05:01:27,playstore
3dfe6245-30df-4a8f-acec-293c393e27fa,"makin kesini makin tidak kompeten. tiap orderan pasti ada saja yang lupa dikirim. sudah 3 x lho ya orderan sampai tapi salah barang,barang lupa di masukan, barang ketinggalan di toko. di chat lama tidak respon pula",2026-03-14 01:59:38,playstore
661da2e2-b0fd-4940-b4ef-e4e8e4b2f041,"Kepada yth manager toko alfamart Saya tadi belanja di alfamart tersebut dan ada kembali an. Namun beberapa kali pasti aaya ditawarin donasi, mau nanya apakah tidak disediakan uang kembalian pecahan 100, 200 ataupun 500 rupiah? Kalau dikumpulin pasti bisa buat beli garam. Tolong ditindaklanjuti ya, soalnya kalau kondisinya dibalik konsumen kurang 100 rupiah aja pastinya tidak membeli barang tersebut. Terimakasih",2026-03-14 00:09:28,playstore
5c24183d-9654-4f17-a037-b626dcb67227,"hallo tim pengembang aplikasi, apakah dapat menambahkan fitur perkiraan waktu sampai? Krna saya pesan sktr jam 10 malam & saldo saya habis jadi cod, besok baru dj antar, dan hnya ada notifi kurir sdng mengntr tidak ada waktu perkiraan datang jadi saya melakukan aktvts pagi sprti biasa karena saya kira jam 7 baru datang kurirnya ternyta jam setengah 7 sudah dtng posisi saya sdng di kamar mandi jadi pesnan di batalkan. saya tdk apa tpi pngguna lain klo urgent gmna? tolng tambhkan fitur prkirn wakt",2026-03-14 00:08:27,playstore
3a62e573-3fb6-4ff1-9406-052436cdfe07,Aplikasi bagus bangt.,2026-03-13 23:29:18,playstore
849509d8-9496-4df2-a845-9fbbde9ca609,geratis ongkir + kurir nya satset. mantapp,2026-03-13 22:02:29,playstore
a68a9d4d-abba-410b-9ba4-cc8c4fb9d50c,"jangan pesen di alfagift deh lama datengnya, 1 jam sampai buktinya sampai 2 jam tidak sampai"". Mending kalian download Indomaret saja lebih cepat dan tepat waktu",2026-03-13 14:52:15,playstore
10a6d892-0f27-4aaf-9d9a-b2ced2b597bf,"baru kali ini dibikin kecewa sama alfagift. biasa 1 jam sampe ini sudah lebih dr 8 jam orderan belom sampe rumah, posisi alamat dan toko tidak terlalu jauh , di chat respon nya kurang memuaskan.",2026-03-13 14:34:08,playstore
5ce84d14-6093-460c-9c8e-cf1b2dedd06a,sumpah kesel kali udah dari kemarin setiap mau bayar gak keluar menu bayar malah muter2 terus pdahl jaringan bagus,2026-03-13 13:46:13,playstore
2f01f44f-94c5-4024-8616-e0a1a09f76ef,"mending gk ush pake aplikasi klu pas blnja d alfagift barang d cancel krna gk ada 2 barang,trus pas nnya chat by wa ke kasirnya,barang yg lain bisa d co ulang gk mlh d suruh blnja lngasung",2026-03-13 13:26:49,playstore
25622b52-bdb2-4cfa-9aaf-30632b038bc9,BURUK SEKALI!! TERUTAMA TENTANG STOK. MASA APLIKASI ADA TAPI DI TOKONYA TIDAK ADA!! SUDAH GTUH REFUND DANANYA TERLALU LAMA!!! BERTELE2 TIDAK SEPERTI APLIKASI LAINNYA. TERLALU BURUK,2026-03-13 12:30:10,playstore
c54f9f40-f7b6-4e28-812e-24aa007a95d4,enak si blnja pake alfagift. minus'a kalo dichat tuh jrg bisa. buat apa ada fitur chat kalo gabbisa dichat??? pdhl sinyal bagus. ga bisa mantau udh ada dimana,2026-03-13 12:07:25,playstore
55c1c1e3-8ffa-44bd-852c-38c2e0025d4f,"pesan barang kapan dtang kapan, mndingan nggak usah pakai alfagiff",2026-03-13 10:50:40,playstore
30e487a1-cdf3-4dd4-aa30-575dd0d374f8,apk sering error,2026-03-13 08:30:01,playstore
adb654b3-031f-4d61-86ab-d9bff74bdf18,oke,2026-03-13 08:27:37,playstore
0862042a-b63f-424a-a2ff-c7312c4de4f4,"Untuk bagian pengiriman sangat cepat sesuai permintaan cust, jarang ada kendala dan hampir tidak pernah ada kendala selama ini dan kurir ramah sekali. Untuk aplikasinya juga bagus, ada menu chat kurirnya, juga ada lacak pesanan, ada receipt pesanan. Menurutku semua ok. aku lebih suka alfagift daripada aplikasi merchant lainnya. sejauh ini sudah terbukti bagus.",2026-03-13 06:29:21,playstore
5602b29a-28de-49e1-a0d0-eaf0d8f3bf92,pesen di alfa gift dari dari jam 9 sampe jam 1 engga diantar2 padahal estimasi maksimal pengiriman jam 12. di chat juga tidak di respon,2026-03-13 05:45:36,playstore
9cf61309-843d-4588-a0f5-18bb2e2287e4,"Aplikasi sampah! Saya pesan dan sudah bayar TAPI TIDAK DIANTAR sampai saya jumpain tokonya. Kemudian saya beli cod dengan pilihan pakai uang 100 ribu, saat cod disuruh cari uang pas. Ternyata di aplikasi gak ada fitur untuk lapor atau sampaikan keluhan!",2026-03-13 05:28:45,playstore
06af055d-bc36-46ad-9e98-b96001b2ce53,"Sementara bintang 5 dulu karena selama ini no problem belanja di alfagift daripada toko sebelah. Alfagift pengiriman cepat, banyak promo, dan sering kasih voucher potongan.",2026-03-13 04:54:47,playstore
7bf8ad1a-4fa1-4cb5-b1af-dd02c44cb878,"belanja diapk ini harga normal, tapi mohon dibaca opsi yg diminta pelanggan, ex estimasi jam kirim.. jgn malah pilih jam sore dikirim jam siang.. ribet jadinya... dan delivery opsi gabung dan pisah, gausalah ada opsi itu kl saya pilih gabung malah dikirim pisah dgn alasan barang dari gudang beda sama toko..lah gausa ada opsi kalo gitu jelas jelas saya pilih ko..kalian kordinasi aja sama gudang krm kapan biar sama hari. kan saya pilih opsi gabung. heleh",2026-03-13 04:21:10,playstore
b7d7e7cf-313b-4230-a2aa-9f65831af1f7,"difitur ada sistem chat tapi ngga ceklis 1 ketika ada barang yg tidak dikirim pihak alfa kita tidak bisa komplain karena pesanan otomatis diselesaikan, menghubungi cs dan email pun tidak ada respon. aplikasi yg buruk karena merasa tertipu barang yg sudah dibayar tapi tidak dikirim !! harganya juga lumayan loh yah buat saya !! buruk bgt pelayanannya",2026-03-13 03:46:43,playstore
b679f5b7-7ff5-4da5-b5a9-c767dbcd3aba,sulit untuk login,2026-03-13 03:40:02,playstore
54310469-c89b-469f-b35d-cbeffb0d122b,gak bisa masuk kodenya,2026-03-13 01:49:43,playstore
5f4f0810-9c69-407d-bd23-153cc0cad1ca,masak disini customer service ga bisa menangani hal sepele seperti aku belanja ga ada di keranjang mau checkout tiba tiba stok kosong,2026-03-12 23:48:21,playstore
55b8e563-4697-47e7-ad6f-7bb03deb75d0,kecewa banget Sama pengiriman nya 😭😭😭😭😭😭😭😭,2026-03-12 14:26:29,playstore
e3dd3d91-db17-4b46-b893-e1841b43896f,"saya kecewa terhadap alfa sekarang, saya belanja produk yg bernilai 38.900 dari bandrol harga yg tertera di rak, setelah saya melakukan transaksi dan pergi dari store itu dilihat dari struk belanja harga berubah menjadi 47.900 bagaimana pihak anda menjelaskan tentang ini? dan ini bukan pertama kalo saya belanja di alfa trus harga nya suka berubah jauh dri bandrol harga yg di publish kan.",2026-03-12 13:54:41,playstore
b44a5580-5871-4928-9765-d85e829509cd,Jelek,2026-03-12 13:50:44,playstore
fd58abb4-80c1-4fea-9b6f-19828dd548b8,"min untuk pengembalian dana semisal kita udah dikonfirmasi toko, trus ternyata kita salah beli produk, nota udah keluar tapi barang belum diambil dan masi dalam 1x24 jam apakah tetap bisa mengajukan refund",2026-03-12 13:06:25,playstore
91c20bef-8ede-47a7-a5fa-3fce7e2070b3,"harga terjangkau, dekat rumah, pramuniaga ramah",2026-03-12 12:01:13,playstore
bd0bdd26-e9a2-491b-80e9-22ec3381f024,"sangat memuaskan membantu belanja mudah sampe rumah tepat waktu lagi,tolong pertahanin ya👍",2026-03-12 11:27:01,playstore
20544034-45c5-4bd6-89d5-9d4ee895e1e0,aplikasi bagus,2026-03-12 08:25:50,playstore
c7b57ef4-77f5-45c1-8b95-79b9d585a778,lemot,2026-03-12 07:12:23,playstore
76e8367a-689c-40b5-bec4-2aa7e1c4e404,mau masuk aja kaya mau daftar pinjol,2026-03-12 07:05:42,playstore
46a30932-86bb-471a-9c47-573ef473a3b3,terbaik,2026-03-12 05:56:30,playstore
f948fbba-748f-4d6a-a902-467b7c9f5b10,kenapa sering tiba tiba logout sendiri sangat disayangkan padahal sering digunakan buat belanja,2026-03-12 04:23:43,playstore
e99b228a-e62c-4094-96a3-8a0d01b4dae9,katanya bisa dimasukkan max 2 vocherr. tp sy seting coba pembelian pocky dan vocher diskon gak bisa. hanya bisa 1x saja bisa dipakai. mengesalkan,2026-03-12 01:16:18,playstore
5f62ed01-9efc-490d-8cb0-8cd4569b7cac,"tim kerja tidak bagus duit pengembalian batal beli barang saja belum di kembalikan sampai sekarang sudah 2 minggu , memang tak mau di kembali duit saya 50 ribu itu dari karena proses lama berbelit belit hanya selalu dapat lagi di proses harus sabar, tapi batas kesabaran manusia itu ada batasnya lah.",2026-03-11 23:30:22,playstore
887d77c1-b774-4a0e-8302-1b776dcd0d5f,buruk banget udh pesen dari sore gak datang-datang buruk banget,2026-03-11 22:12:57,playstore
8fa4238a-1ae3-49d0-8ee5-e802ebd8b4f0,benerin lah tuh kurir kalo pengiriman lama banget ditungguin ampe malem loh mau istrhat malah ga dateng2 parah bgt alfagift,2026-03-11 15:24:20,playstore
c9882f93-11a0-4c98-b552-471d98f60569,"pesanan tidak dikirim"" dichat tidak ada respon",2026-03-11 15:21:15,playstore
c0a91467-4311-4263-9ff3-2a03a5ddb0a0,"aplikasi belanja paling bikin emosi pelanggan,, katanya instan 1 jam sampai,, pesan sore2, jam 22:30 belum ada konfirmasi apapun... KAPOK..!!!",2026-03-11 15:05:21,playstore
6b75d5d4-c442-4163-b0ab-aca69a2a6252,sumpah lelet banget kurirnya pesen kopi Bean spot dari magrib nyampe jam segini belum sampe,2026-03-11 14:22:28,playstore
6830f325-3382-4bec-be1a-8e56d28ac21f,alhamdulillah saya puas dngn pelayanan mas mase jg ramah mksh belanja jd mudah..,2026-03-11 14:01:08,playstore
d6202aae-13f2-46c0-9561-88290022778f,"mau aktivasi, tapi gabisa buat password, tiap di klik muncul ""aktivitas mencurigakan"", tidak ad opsi lain",2026-03-11 12:45:02,playstore
09ef5d60-94c3-417f-a197-ed31a644ea0e,"kecewa banget. menu chatnya disconect terus ga bisa balas chat toko. ditelfon juga ga bisa.. padahal sudah isi pulsa pribadi buat hubungi toko, tetep ga bisa nyambung.. jadi bingung mau tracking belanjaan sampe mana. ngirim komplain di email juga ga fast respon",2026-03-11 12:42:26,playstore
7c9684c0-5d69-482b-bba0-0b00dd7b04b3,proses pesanan saya lama banget dr jam 13.40 sampai sekarang belum,2026-03-11 10:00:17,playstore
b52caf5e-0bfc-43c3-812b-08ff6d07094d,respon dan pelayanannya baik,2026-03-11 09:26:21,playstore
0cf70c91-e046-4d9f-8ec2-0654f8c253d9,kaga jelas kaga bisa daftar,2026-03-11 09:13:04,playstore
b60e99f3-a950-41b5-84fd-784887b614d2,baru mo daftar sudah kirim password y ga bisa2 terus bilangnya sesi berakhir cape deh...,2026-03-11 07:32:59,playstore
4252c9f5-e9cb-4b37-bed9-d8861720c975,beli sari roti rasa keju tapi dikasih yg besoknya lgsg exp 😬,2026-03-11 06:34:21,playstore
57576716-4bf5-4010-9745-198b15da58df,"Pengiriman lama bgt, pesen galon jam 11 pagi, di anter jam 10 malam, padahal jaraknya dekat😀",2026-03-11 05:18:42,playstore
178b9724-8724-4f93-ad83-44d7cf9f6677,"aplikasi ga jelas, gda pemberitahuan kurir lagi nganter ke cus lain, sama ga bisa ganti toko pengirim, ga ada batalkan pesanan, mana pelayanannya ga ngasih kabar mending kalo sebentar, lah ini 4 jam, kaga ada respon atau apa kocak kocak, ga lagi lagi dah belanja online di aplikasi ini Jelek bgt sistemnya",2026-03-11 03:41:26,playstore
773a406b-e5ad-4e00-87d5-61c91a0b60ad,"Waktu pengiriman aneh. Saya bikin waktu pengiriman antara jam 4 - 6 tapi kurir malah datang jam 15:50-an. Iya emang udah gak beda jauh tapi kan saya bikin jam segitu karena saya bisa standby nya tepat jam segitu. Karena kurir gak bisa hubungi saya akhirnya dia nunda pengiriman DAN MALAH BALIK KIRIM JAM 8 lebih. Mending kalau yg saya pesan sesuatu yg gak saya butuhkan segera, tapi ini saya pesan air minum. Saya butuh air untuk minum, ekspetasi bakal dikirim lagi setidaknya jam 6 - 7 tapi nggak:)",2026-03-10 22:43:20,playstore
340370a7-129a-4b65-ae77-4eb69dcecb23,"bisa hilangin section section login itu ga???? sumpah apk lu beneran ok benget apalagi secara pengirimannya juga cepeet, gua merasa terbantu disini, TAPI SECTION LOGIN ADA WAKTUNYA INI GANGGU BANGEEEEEEEEEEEEET TIAP BULAN GUA KUDU LOGIN ULANG MULUUUU!!!!!!! CAPEEEEE!!!!! mana setiap mau login pwnya salah mulu kocaaaaak, PADAHAL ITU UDAH BENER PWNYA BERUJUNG BUAT PW BARUUU DAN ITUUU RIBEEETT NGERTI GASIIIIH!!!!!!! bisa ga login nya sekali seumur idup gausah ada section section ini lagi",2026-03-10 21:34:01,playstore
15ce123d-c9f3-4b62-b3d6-4614e89abc5a,"ga ngerti lagi, kalau memang ga bisa dikirim di jam yang sudha ditentukan, mohon konfirmasi, bahkan ini sudah ganti hari blum juga dikirim",2026-03-10 21:27:13,playstore
75497306-ff15-4e48-b56e-828894b8aebe,"pesanan ada yang kurang, klik ajukan pengembalian gabisa, di chat jg toko nya malah gada respon",2026-03-10 20:38:34,playstore
8b256715-52c5-49c4-9046-07708cfa0697,"pesanan saya gak lengkap sangat kecewa, pesan beras dan lain lain tapi beras yang segede gaban ga ada mana udah bayar lagi",2026-03-10 14:10:55,playstore
dd2721ef-ad7d-4547-a7d4-1285e94aea8d,"pengirimannya lama, fitur pengiriman maksimal 1 jamnya gak jalan, pesanannya terlambat gak sesuai sama waktu pengirimannya. sarannya nih lebih diperbaiki kinerja SDMnya supaya gak molor, kerja di perusahan besar kok gak bisa ngatur waktu sih",2026-03-10 13:12:50,playstore
98207d4b-9a84-4c1e-b3b8-9b2284724b11,"Sangat lemmoott, buka sangat lamaaa",2026-03-10 13:04:16,playstore
7adda0a7-0909-43d8-91a6-7a27007da3bd,"nomor saya tiba tiba tidak terdaftar lagi, katanya sudah tidak aktif atas permintaan saya, tapi saya baru login kemarin dan tidak melakukan apapun, tiba tiba keluar sendiri dan seperti itu. itu gimana ya kejelasannya",2026-03-10 10:56:01,playstore
78f9f4a3-8caa-412e-b9ae-853e71cb665e,buset pngiriman lama bbgt gmna ni min d batalin gk bsa masa beli dri stngah 12 smpe mau jam 6 blm d kirim jg pdhal pngiriman sejam stlh pmbyaran gmna ni admin,2026-03-10 10:38:28,playstore
66949b79-4e15-4da1-815b-27f599a860a2,masa pengiriman hampir 24 jam... parah... sy awalnya nyaman pakai alfaguft. sejak dipindah pengiriman dr robusta /pondok kopi ke Kalimalang waktu pengiriman tengah malam terus.. kembalikan pengiriman ke pondok kopi /robusta lagi..,2026-03-10 09:48:40,playstore
fb90c4ae-34a2-481a-a075-98af9b629642,akun di nonaktifkan terus kenapa yaa,2026-03-10 09:39:13,playstore
c4d880c0-def7-462d-98b7-9ccf9575535d,Menu pembelian Token listri dan bayar tidak ada,2026-03-10 09:06:33,playstore
d5594877-f4ed-48f8-8a3a-6f787443c24b,memudahkan Saya untuk berbelanja,2026-03-10 07:51:54,playstore
0b23eb0a-5f2b-4864-9fba-983fb34cf5ed,pesenan gak sampe² parahhh gasuka gamau beli lagi,2026-03-10 07:37:00,playstore
222285db-f67d-4ab0-9ccc-eda08c9989b4,"kok tiba"" aplikasinya gak bisa terbuka, cuma layar merah terus itu keluar sendiri",2026-03-10 05:35:22,playstore
425503d7-71d4-4d99-b9af-555e7c1d9477,"pengantaran selalu lambat. lalu dikonfirmasi akan diantar pada besok hari, tapi sampai berhari-hari tidak diantarkan bahkan tidak balas chat",2026-03-10 03:46:08,playstore
83181193-7d7a-4e7a-b0e9-f0f49371602f,parah banget alfagift pengembalian dana nya SUPER LAMA ! padahal jelas di cancel krna ga ada pengiriman akibat banjir tpi pengembalian dana nya udah 4 hari masih belum dibalikin !!,2026-03-10 02:11:03,playstore
96330460-27b6-4579-af46-4a3213868f07,"aplikasi ini sangat bagus menurutku berguna sekali memudahkan saya berbelanja dengan cepat tanpa harus ke tempat toko (swalayan).. belanja dirumah jadi mudah tinggal klik barang sampe ke rumah dg aman dan cepat.. pokoknya amanah .. pelayanan bagus, emang paling the best Alfamart terimakasih sudah ada alfagift.. dr awal sampe sekarang jd andalan buat berbelanja.. sukses selalu Alfamart 🙏🙏🙏",2026-03-10 01:53:58,playstore
8d75ee31-671d-4a91-b4b3-06f6372209ab,sklrg aplikasi jauh lbh baik. tp barang yg dikirim tolong di cek. 2x kena zonk. sosis dan susu milku.,2026-03-10 00:14:02,playstore
286c980c-3029-4345-a341-edd89b20d5a2,belakangan sangat lambat pengirimannya... saya pesan 7 jam baru diantar pesan 10.27 diterima 17.30 (DS Galaxy) yang tadinya mau dipakai utk nyuci akhirnya batal nyuci. Klik Indomaret lebih cepet tepat waktu,2026-03-10 00:04:02,playstore
6a8067d0-cf1a-41dc-937c-fa15372f9445,sangat membantu bagi yg mageran maaf min mau tanya akun yg udah keblokir bisa blik lgi,2026-03-09 21:37:12,playstore
47450762-1cbe-4cf9-8de8-61d8cd256770,jadi member alfamart malah jadi gak jelas..kalau belanja pakai member gak dapat nota dari toko..di aplikasi di cari juga gak ada notanya..gimana ini?,2026-03-09 21:17:35,playstore
c1abd336-861c-4085-97ce-2abe9dd63227,"pengirimannya jadi lama banget, terus sering banget logout sendiri harus login ulang",2026-03-09 21:11:39,playstore
02c56464-6491-46c9-856f-478d2bc8a5ce,"mesen jam 5 ga mampu dikirim dihari yang sama, kota bekasi bukan pelosok, su asu",2026-03-09 16:42:56,playstore
3da8fed5-c036-48ff-bf21-63b2b84e3e8e,"Tidak bisa pilih-pilih produk, baru buka aplikasi langsung keluar lagi, padahal sebelumnya nya tidak seperti itu",2026-03-09 15:50:04,playstore
3968da68-f955-4d0b-8a23-83847bcd0afe,pengiriman lama sekali!! mengecewakan sekali. sudah ditunggu tapi tidak kunjung datang pesanannya!!!,2026-03-09 13:36:45,playstore
5dec6f46-ff17-4f79-b9c1-657297d69baf,"SERBA SALAH!!!! NOTIFIKASI DIHIDUPKAN, APLIKASINYA NYEPAM KIRIM IKLAN TERUS!!!!! GANGGU BANGET!!!!!! NOTIFIKASI DIMATIKAN, ADA CHAT DARI KURIR GA KETAHUAN!!!!!!! PARAAAAH!!!!!!!!",2026-03-09 13:30:10,playstore
ceb242b0-b25e-4c49-82e5-81e7c3cecf63,"ka bisa ngga daftar member lagi dengan nomer yg sama, soalnya sya kepencet riseat:(",2026-03-09 12:44:06,playstore
52cfcb93-38bf-422f-836b-c9c40723f10e,log in sangat ribet . .,2026-03-09 12:08:02,playstore
8ec65418-c1ee-490f-a044-fb3192bba2b5,Saya pilih 1 jam setelah pembayaran loh pengiriman nya malah datang malam kasih tau tu Alfamart DS Cibubur,2026-03-09 10:41:59,playstore
727d518f-84b6-4d7d-8e84-a62cf7bd88a2,"pelayanan nya buruk, kurir nya lama, cht ga pernah di bales. minimal kalo telat kabarin biar org ga nunggu lama banget",2026-03-09 09:22:22,playstore
8d11bc74-9065-4f5b-8551-5335e93cd963,"ALFAGIFT SUMBERJAYA 1 TAMBUN SELATAN BEKASI. Saya ada order dr jam 11siang. sampai jam 4sore blum ada titik hilal nya tuh barang kapan mau dianter. gila ya, ngapain nyantumin 1 jam sampai kalau gak sesuai???",2026-03-09 08:59:06,playstore
5fc768d8-9d21-41e2-a234-5d464ab45eb6,"alfagift ini tambah lama tambah jelek... respon & pengirimannya!! dulu respon cepat pengiriman ceapt bgt.. skrg kita cht apa pun ga ada yg du respon padahl online, pengirimannya lama bgtttttt pdhl pilih opsi pngiriman jm 10-12 siang.. sampe jam 01.24 pun blm di kirim. di cht di apk g bls. tiba"" bls udh di titik padahl sya udh bilng g ush di antr sya udh kesel. msih ttp di anter kocak!! pas sya cek ulasan"" nya trnyta banyak yg ngalamin.. kirain sya doang rata"" hampir semua ulasan sama semua..",2026-03-09 08:35:37,playstore
83d0d2e8-484d-4733-9e6a-3c2080387456,"kurirnya gk pernah antar sampai rumah, udah tau belanjaan banyak mana gk mau bantuin padahal pake motor juga bisa masuk sampai depan rumah aneh",2026-03-09 08:09:15,playstore
bf0fc013-0097-4708-8d78-c303f8ab933f,"aplikasi nya jelekkk,pengiriman lama bangett staff sangat slow respon tidak rekomendasi",2026-03-09 07:55:47,playstore
7b40e5a0-30fe-455c-a82b-18934f706488,bintang 1 pun gua rasa msh terlalu kebagusan karna pengantaran super duper lama. notelp toko nya di chat wa slow respon banget kayak rame aja tokonya. padahal cuma pesen coffee bean nya doang secup aja. di apk nganter dari jam 11:25 sampai 13:45 gak ada kabar sama sekali. najiss nyesel banget. cukup gak lagi lagi...,2026-03-09 06:46:53,playstore
2330cb5a-62af-4edd-be3d-3716351a8e4d,pesanan sering di cancel tiba-tiba udh gitu pengembalian dana nya lama ampe seminggu baru di kembalikan,2026-03-09 04:38:03,playstore
41c1b6a6-bbb3-45da-8807-224dc75fe359,"gimana dah gak bisa ubah nomer handphone, wkwkw aneh",2026-03-09 03:17:55,playstore
99b3e516-415c-44ce-94e1-e51bc5a39234,"sy pengguna apl.ini sejak 2020 selama ini selalu amanah. tp tepat pd tgl 1/3/26 kmrn, orderan sy ada yg kurang. chat di kotak masuk, Jwbnnya cm ""Maaf kak"",sdh chat CS jg&dipandu untuk isi artikel,Refund Dana akn msk k A-Poin 7x24 jam scra otomatis maks.7x24 jam. Dan ini sdh 9x24 jam, tp ttp tidak ada tambahan A-Poin",2026-03-08 23:24:35,playstore
dd690787-c13d-44ab-bb3d-ef8b4230dbea,"allhamdulillah belanja di Alfamart sangat memuaskan, kita bisa transaksi digital dan kita puas berbelanja semoga semakin maju Alfamart....",2026-03-08 20:17:05,playstore
79fc4fb6-ab54-436e-98a4-68c5360f1043,"buruk sekali, versi terbaru malah dibuka cuma stuck di logo alfagift",2026-03-08 17:04:24,playstore
fc6f2f89-8e43-4b83-8e86-465d34784b55,saya membatalkan pesanan karena pesanan saya tak kunjung dikirim dan slalu dapat lokasi alfa yang jauh pdahal ditempat saya banyak sekali alfa. Tapi sudah hampir 3 harian ini dana belum juga kembali. Ini gimana ya Alfagift? kok lama banget prosesnya. Jujur kecewa dan mulai males pakai alfagift. Merugikan waktu.,2026-03-08 16:13:12,playstore
578cc711-dc79-4366-a9bb-c5a70f271a80,"parah, pengiriman yang dari alfa DS Galaxy CI81 komunikasi nya kurang..",2026-03-08 15:42:17,playstore
af20418b-d715-4668-ae6e-740f0aeed8be,"lama lama muak dengan sistem pengiriman yang milih ""pengiriman 1 jam setelah pembayaran"" malah buktinya dari jam 7 malam dikirim jam 10 malam. apa apaan bobrok amat di kabari lewat pesan ga dibales bales lagi.",2026-03-08 14:49:27,playstore
66931133-aa27-4330-abf6-9aaa6527231b,"kalian tau kenapa Alfamart berkembang terus dan terbilang stabil? Alfamart secara ga langsung sedekah, saya sbgai cust merasa sedekahnya bnyak banget. kmu kebelet pipis atau eek di perjalanan? WC mreka terbuka 24 jam , gratis. kmu mo blanja? parkir mreka gratis, ga beli apa apa juga ttap gratis, kmu kehujanan? kmu bisa nongki di Alfamart nunggu hujan reda, duduk di kursi meja yg selalu tersedia dpan Alfamart, gratis, mau sampe subuh juga TAK ADA YG USIR, harga barang? beda tipis dgn supermarket",2026-03-08 14:20:22,playstore
d79f4784-8244-4aed-82bb-b56d047d3320,"Jangan mau beli di sini kalau tidak mau berisiko menunggu tiga jam lebih 😂. Dari dulu masalahnya selalu begini, tidak ada sama sekali perbaikan.",2026-03-08 14:11:12,playstore
26047a3d-c056-4e41-9265-fe4104d68c85,"maaf alfagift makin sini makin buruk, delivery lama sampe berjam jam. Begitupun dengan pick up lama, aku kecewa karna alfagift makin lamban 😌",2026-03-08 14:08:34,playstore
b39bb4b5-e69c-43c9-87eb-0e240029a183,"aplikasi e-market terbaik sih sejauh ini apalagi d banding sebelah, poinnya 11 12ribu keren pokoknya alfagift big thanks and big appreciates for u",2026-03-08 13:07:05,playstore
dbe66725-1c3e-4920-aa1d-c549eaa96924,proses pengantaran sangat lambat dan tidak sesuai jam yang dijanjikan,2026-03-08 12:47:26,playstore
7136e0d9-ec2b-46ae-af37-2e2bbe5bc441,"Awalnya enak 1 jam dikirim. Skrg pilihan maksimal 1 jam pengiriman,gak pernah tepat. Seolah2 yang bikin jadwal kurir.bukan pembeli. Kalo emang begitu buat apa ada fitur maksimal pengiriman. Parah sih ga sekali dua kali. Tapi keseringan suka2 kurirnya waktu ngirim. Kadang suka Di manipulasi barang udah sampe padahal dikirim aja belum. Bikin bingung pembeli juga",2026-03-08 12:42:04,playstore
277e2c95-d7cd-4170-bd78-7fe12df1cadf,"sumpah parah blm di kirim "" barangnya tapi keterangan nya udh diterima, padahal blm nyampe sama sekali. Pesan hari minggu dri jam 1 siang sampe mau maghrib pdhal lagi butuh bgt barangnya. belanja di alfamart montor pandeglang Kecamatan Pagelaran pandeglang. tolong dong di evaluasi lagi karyawan nya. ntar kalau gini saya pindah ke si biru aja belanjanya",2026-03-08 11:10:06,playstore
cb64469a-3bc9-4bb2-b5de-55d92902d8c3,saya belum tau nilai plusnya.??,2026-03-08 11:09:54,playstore
d75ffe2a-bd1a-424a-a8ed-8c410b629c96,"banyak fasilitas discount bagi member, pembelian dengan voucher",2026-03-08 10:49:26,playstore
98ba1a11-fac3-48dc-b43b-8f554dd5cb42,layanan kasir 2 malah di kosong ...malah antri kayak antri dipertamina....payah,2026-03-08 09:56:45,playstore
ab52af87-8153-4d7a-93e2-be2f8ab97994,gimana ini alfagiift saya mesen air galon aqua isi ulang di apk nya barang sudah saya Terima padahal aslinya belum sama sekali dan bukti penerima yang di fotokan motor yang nganter nya saja dari tanggal 7 saya spam di baca saja tidak di balas,2026-03-08 09:51:45,playstore
d4af186e-6d0a-4088-931f-041e74729ba3,pengirimannn sangattt lamaaaa..... parahhhh tolong pusat cek cara kerja cabang DX cibubur. pelayanann parahhh,2026-03-08 09:18:31,playstore
2a65ea80-7d0b-4572-9b34-d57c116aed88,"gua hapus ini apk, karena kaget sama notif nya ""hanya alfa gift""",2026-03-08 07:18:50,playstore
fcbbd4b8-4fc0-4fbd-bf56-5e8cfec70c05,"sekarang setiap kali pesan makin kurang memuaskan, pengirimannya kedepannya makin lama walaupun dekat aja",2026-03-08 06:49:41,playstore
bfdc9060-06cd-45bb-9616-efcb22624272,bagus cpet si pngirimn nys,2026-03-08 06:32:16,playstore
21c82d40-dfe4-419e-a5e5-07bcec60cf60,"kalo emang gak bisa ontime ngirim nya gak usah ada opsi pengiriman ""satu jam setelah pembayaran"".... ini pesanan saya hampir 3 jam gak nyampe nyampe",2026-03-08 05:23:39,playstore
61425e73-bb17-46d2-9952-a0e2ac4ba571,"ini padahal titik udh sesuai, jadi aku mesenin brg buat orang kealamat dia, tapi gabisa dikirim mungkin krn aktifin lokasi jdi kedetect dilokasi aku ,hmmm",2026-03-08 05:21:31,playstore
2c267928-6db7-41c2-91c5-2124b223c806,"jelek banget bikin akun susah👎,gak kaya indomaret klik👍",2026-03-08 05:16:27,playstore
84448d9a-3226-4fa4-b0ff-25a83dfec2e6,jelek,2026-03-08 04:34:34,playstore
573b4d8a-10f6-401e-a99b-040974b5edee,"Hapus aja udah layanan antarnya kalau gak bisa antar cepat, malah jadi ngehambat , kl butuh waktu lama orang lebih baik beli langsung aja, ini kan dibutuhin buat urgent biar gk perlu keluar rumah payah makin kesini",2026-03-08 03:39:06,playstore
56316e9c-3023-4112-a016-f28be1b0f062,"tolong yaa hargai custemer udh 3hr gak di kirim kirim pesanan saya, giliran pengajuan pembatalan di tolak tapi gamau ngirim pesanan. saya udah bayar ya gak ngutang tolong buat alfamart sebesi bandr lampung tanggung jawabbbb",2026-03-08 02:18:46,playstore
1050d9d7-4610-4db4-b028-f057e6edc21a,pesananan gagal karena sistem mengalami gangguan tapi gak mau ngembaliin uangnya,2026-03-08 00:17:32,playstore
4a18941d-b55b-499e-a21e-73a79ac3575c,"hallo alfagift, pengiriman kalian tuh enggak banget deh. masa udh 1x24 gak dikirim2. mau batalin gak bisa jd terpaksa cuma nunggu, di chat gak di bales di aplikasinya. klopun memang overload, kalian gak usah terima order atau bisa cancel ordernya dong. klo pun gak siap krn overload mending gak usah kasih layanan pesan antar deh, semoga bisa jadi masukan buat kalian, klo tetap kyk gini terus mungkin banget alfamart gak akan jadi pilihan pertama customer dlm hal kecepatan layanan antar.",2026-03-07 22:06:40,playstore
3ffc1e2b-8c2c-4110-bf35-11094b43379c,"Di website jual rokok, pas download sm buka akun, kok ga jual? kalo memang begitu, hapus di Websitenya bos",2026-03-07 21:49:07,playstore
53f1dd18-1be0-4882-9d8f-44b35905b134,susah benar pendaftaran nya,2026-03-07 21:32:26,playstore
47cd4254-4f88-4b53-92f5-889a3df9f4ff,GK BISA MASUK APLIKASI,2026-03-07 16:31:04,playstore
6e6c8e27-5e57-44e8-9cba-1952d78a2700,"tolong diperbaiki bagian chat nya. setiap kali chat ke toko selalu ceklis 1. padahal chat toko terlihat online. Sampai dinfokan barang dalam proses pengiriman di chat. chat saya ttp ceklis 1 ,ga smp ke chat toko. semoga segera di perbaiki. rutin maintenance. terima kasih",2026-03-07 15:42:01,playstore
0b632a5a-d94d-46ec-8e2c-7d51a698eefe,kelamaan pengirimannya kalo memang ga bisa langsung dikirim jangan ada tulisan INSTAN HARUSNYA BISA LANGSUNG DIKIRIM KALO INSTAN INI SUDAH NUNGGU BERJAM JAM TIDAK BISA DI HUBUNGI TIDAK ADA KEPASTIAN,2026-03-07 15:07:12,playstore
74b6f35b-0ce4-4685-a5b0-0e4fb1ef235b,"pesanan online lama bener buset , gw dari pagi udh milih jam 18:00-20:00 , Ampe sekarang jam 22:00 belom sampe loh , apa pindah ke sebelah aja kali ya gak di Alfa LG",2026-03-07 15:01:17,playstore
725e01c4-5b65-457a-97d4-2d2239cb2dc5,"alfagift lampung selatan gajelas, lama, saya mesen jam setengah 4 pagi sampai jam 10 malem ga di anter anter, di chat ga di bales, terus kemarin barang ga ada, uang saya baru di kembalikan lebih dari seminggu setelah pemesanan, dan itupun harus saya chat dulu, emang bad banget untuk alfagift lampung selatan, semoga cepet di tindak.",2026-03-07 14:59:59,playstore
a9f37493-0447-4a1c-a60b-1d0e2f1ce0be,"udah bagus sebenernya, cuman tolong dong rada niat pas di chat kalo lagi pesen kebutuhan pokok, terus tolong nih kasih lacak pas proses pengantaran lebih jelas dan pembeli bisa mantau, udah di tunggu gak dateng dateng, gilirang di tinggal dateng soalnya gak tau udah sampai mana kurir alfanya. semoga update kedepannya sudah lebih baik lagi, biar pembeli lebih gampang memantau barang belanjaanya🙏",2026-03-07 13:30:55,playstore
ab677329-0484-4fb2-8ee4-3821b05ee528,"sebenarnya gak mau kasi bintang 1, tapi tiap pesan selalu telat gak masuk akal, padahalpengiriman maks 1 jam dari pembayaran. kadang alasannya bencana alam (kocak, bencana alam dimana coba), kadang pembeli gak bisa di hubungi padahal chat nya selalu saya balas cepat. kadang di kirim jam 12 malam, orang lagi pada istirahat baru deh sibuk gedor2 sama calling. ini buat Alfamart DS Cemara asri Medan. kalo emang gak bisa kirim dalam 1 jam Mending pilihan pengiriman nya di hapus aja.",2026-03-07 12:43:56,playstore
8645d1d3-55ca-4a6e-9032-d0ca5828b088,pengembalian dana apabila mau cancel 3-7 hari. sedangkan tombol pembatalan transaksi di applikasi tidak ada.,2026-03-07 11:37:21,playstore
be1f9504-bc58-4a3e-914e-92431cd8e100,"ini kenapa cs nya tidak cepat tanggap, tidak menanggapi pesan saya padahal online. saya ada kendala di pengiriman barang yang seharusnya sudah dikirim dari jam 4 kenapa ditunda pengirimannya dan keterangannya ditunda karena pembeli melakukan penundaan padahal aku tidak melakukan penundaan apa yang salah dengan aplikasi ini",2026-03-07 10:10:56,playstore
1939db88-d080-4468-a931-7672a85b937c,"seriusan ini saya first time mesan galon disini via app , lamanya minta ampun , transaksi jam 11 siang , ok saya ikuti jadwal pengiriman jam 2-4 siang estimasi , dan sampe jam 5 blon dtg jg ampun2 deh , kapok ini saya",2026-03-07 09:25:48,playstore
8220f4f5-ad98-42da-808f-eff3230d8f60,"dua kali order, di aplikasi nya maksimal 1 jam pengiriman. nyatanya dua jam lebih",2026-03-07 08:10:32,playstore
b3b49ae0-34ce-4bd1-99da-36ec0645506c,kelamaan dan tidak ada info sebelumnya .,2026-03-07 07:57:08,playstore
29898977-7d10-4788-a0a8-85fc3cd42f14,"buat apa ada fitur pengiriman maks 1 jam sudah diterima kalau masih lama jugaa kita klik pengiriman 1 jam sesudah pembayaran, 2 jam belum nyampe juga , katanya ini juga yg nunggu 3 jam barangnya masih ditoko ,mending hapus deh fiturnya soalnya engga berguna juga",2026-03-07 07:47:56,playstore
8d0940ef-fc89-4e9e-baf2-add4e6ace8f7,sesuai kebutuhan,2026-03-07 05:33:23,playstore
fd86d585-b8c0-412f-9579-5cd647451742,"ngebantu sih, voucher jg banyak.. cmn buat pengiriman gilaa sihhh lamaaaa bgt g sekali 2 kali... bli estimasi tiba jam 8-10 ini jam tengah 1 aja blm dateng .. semoga bisa lebih baik..",2026-03-07 05:30:30,playstore
e34618fe-59d7-468f-b406-6ca430e87dde,"kok alfagift sy hari ini gak bs kebuka ya , padahal udh di update tp smpe skrg belum bs jg di buka apk ny",2026-03-07 03:24:14,playstore
b9d2adde-02a6-4c8a-8040-97b431caf576,"pesanan O-260303-AGYXMXW dr tanggal 3 maret s/d hr ini belum dikirim, setiap hari chatt ga dibalas, chatt CS gada respon, terakhir telp ke 1500959 katanya akan difollow up & dihubungi kembali tp sampe skrg gada yg hubungi atau kirim. Kl sistem msh belum siap jgn sentralisasi pengiriman, balikkin aja ky dulu ke alfamart terdekat, ini kejadian bukan sekali tp dah 3 bulan terakhir, pengiriman selalu tertunda 3-4 hari. pesan online ecommerce aja jauh lbh cepat",2026-03-07 02:11:53,playstore
dd59bbd3-fa84-44bb-a0b9-d3836d06a1d1,"Saya pesan alfagift ,produk sudah diterima namun ketika datang produk beberapa ada yang kurang , 40% budget tidak bisa refund dan aku chat cs pesanan udah dikonfirmasi minta maaf karena ketinggalan , pas saya konfirmasi kembali keesokan hari nya kirain bakal di antar ternyata malah di cuekin dan pesanan selesai 😡",2026-03-06 21:13:25,playstore
fe111fe3-21b2-4ffd-96a2-9e2994636d6c,Pesanan tidak dikirim. Padahal sudah bayar lunas.,2026-03-06 19:05:35,playstore
a7fa0421-257f-4c7f-9824-fffe64da0188,"parah banget sekarang alfagift ini, padahal dulu bagus, sekarang lamaaaa pengiriman nya, pesen sore, pukul setengah dua belas malam baru dikirim? bagaimana kalau gak ada orang di rumah? tolong perbaiki sistemnya ya, saya suka belanja di alfagift, tapi kalau kayak gini males belanja lagi jadi nya",2026-03-06 16:13:56,playstore
70f925a2-b3c4-4aee-bca3-4307a95684b3,proses refund nya lama bngt customer service nya jg gajelas,2026-03-06 16:00:50,playstore
9b4330a7-4dff-499d-ad36-a6d82cd65093,pengirimanya cepettt 😍🥰🥰 kurirnya ramah🤗 banyak promonya🤭 pertahankan truss yaa kualitasnyaa👍👍,2026-03-06 15:56:20,playstore
9704ad79-37c1-4e95-9ffd-66866b063f43,makin k sini makin lama pengiriman . pengiriman 1 jem bs berjem2 .. notif ud dlm perjlnan tunggu smpe brp jem msi ga sampe2 ...msa tiap x hrus di chat dl ud smpe mn selang 1 jem br di jwb ud di dpn ... tolong di perbaiki lg ya dulu ga gt loh makin k sini makin lama bueetttt,2026-03-06 14:57:12,playstore
62ee3225-da09-494f-bddb-8edec6c47258,4 x di toko yang sama pelayanannya buruk . aku kira Ganti kasir tidak akan sama taunya sama ajah . di bilang ada promo malah bilang ga ada padahal di aplikasinya ada dan stok juga masih ada,2026-03-06 14:52:00,playstore
ccf1ade4-3e98-44cc-8b28-e07bf0f17764,bagusa,2026-03-06 14:47:03,playstore
49d2e978-1e8c-4629-b8c1-35e5167ff7d6,belanja di Alfamart sangat menyenangkan,2026-03-06 14:19:40,playstore
98b0d044-1186-40ae-9f95-d0d4b4e3c13a,"Gabisa batalkan pesanan, uda gitu kalau mau mengadu juga gatau ke siapa. Nomor yang di telfon ngabisin pulsa aja hadeh. Pihak alfa yang salah harus maklum, tapi kalau customer yang salah gatau mau ngadunya kemana.",2026-03-06 13:22:23,playstore
1dcbe8f8-941d-45b9-8e00-15e20fd7002c,anjayyy parahhhh sih aku pesan dengan estimasi waktu 1 jam setelah pembayaran..aku pesan dari jam 16.13 sampe jam 19.33 barang masih belum di antar,2026-03-06 12:34:04,playstore
90a27474-2cf7-4c1c-8b23-96664c0ce782,"semakin kesini semakin aneh pelayanan nya,gk jelas,mana pengajuan balikin dana nya di tolak trus",2026-03-06 12:01:26,playstore
489fd2ae-e376-42e3-911c-d9916d4e2803,"slow response, katanya maksimal 1 jam diantar, mana ada. di chat slow response, sad!",2026-03-06 11:58:23,playstore
38ca8af6-b775-448b-9faf-ff8cbf54e6dc,Toko gajelas. Barang rusak dikirim.,2026-03-06 11:51:22,playstore
e6675a92-df53-4a4f-9b9b-2350fdd6b09c,"sangat membantu bisa delivery, banyak promo, bnyk voucher diskon. langganan 👍👍",2026-03-06 11:50:20,playstore
adede565-4616-4fee-bf13-bff5f6acce9f,Mantappppp bosku lanjutkan bosku..... 👍👍👍👍👍,2026-03-06 11:31:45,playstore
2d676347-5e2d-4361-a463-45e2730a014c,"sering dicancel,lama pengiriman,proses refund juga lama",2026-03-06 10:44:55,playstore
29e86ea2-7daf-4ae5-af2e-34617b2db6a0,Alfagift enak digunakan untuk belanja bulanan dan harian namun makin kesini pelayananya makin mengecewakan. Malahan sering ditolak/ dicancel oleh kurir alfagift dengan alasan kejauhan padahal areanya juga tidak terlalu jauh. Malah oleh kurirnya disuruh mengubah titik lokasi rumah ke wilayah lain yang tidak sesuai kenyataan supaya tidak nyangkut lagi ke alfamart tsb. Jadi kecewa dan males untuk berlangganan lagi.,2026-03-06 08:21:35,playstore
db086f14-7ca6-4435-847a-0b8202815848,"saya turunin bintangnya, aplikasinya di update bukan makin bener malah makin lemot.",2026-03-06 08:04:24,playstore
c258cceb-e2d8-42ba-bfa8-6a1f232fa7cd,"TOLONG APK NYA DI BENAHI, MASA GADA VITUR CALL DARI DRIVER KE CUSTOMER? MISS COM!! JADI NYA KURIR UDH BOLAK BALIK GA DAPET ALAMAT PADAHAL TITIK NYA UDAH PAS DAN SANGAT DETAIL!!",2026-03-06 03:22:09,playstore
bbf29848-ec53-4bc1-bf66-7945652228fe,"gak responsif sama sekali, di chat gapernah dapet respon🙏",2026-03-06 03:20:52,playstore
3605eb30-7c37-4536-b251-eadddf895409,maaf tidak bisa login,2026-03-06 03:10:07,playstore
1e26a973-d5f2-421d-a1eb-999edf589649,"alfagift udah bagus sich, cuman klu bisa ada pilihan toko terdekat buat delivery kaya dulu, ini malah dapet toko yang jauh karna otomatis sistem. gak bisa pilih toko",2026-03-06 03:05:20,playstore
d0491871-ffef-4e0f-87ed-d9418c1673d9,"saya tidak bisa melakukan pembayaran menggunakan aladin bank,bagaimana solusinya agar bisa menggunakan pembayaran aladin kembali",2026-03-05 22:46:14,playstore
0a4c6f32-288d-4e05-a915-f194f5d40275,"pesanan ada kendala, jadi dicancel tapi dana tidak dikembalikan",2026-03-05 22:31:58,playstore
ab74ad62-7158-48ed-91e2-9ddf39066e6a,GK ADA OPSI PEMBATALAN DI ALFAGIFT,2026-03-05 22:27:45,playstore
13b8e581-b289-40f8-ad36-79e75cac7d6d,"belanja online banyak promonya, pembayaran juga mudah..tapi kadang beli barang jumlahnya kurang..mohon saat pengemasan barang di setiap toko lebih teliti lagi.",2026-03-05 22:16:06,playstore
73564a24-45d5-4dd5-8e90-f7b16d4b3eec,"SEMAKIN ANEH, pengiriman sampai di hari yang sama? SEMAKIN MERAGUKAN! kalau memang tidak bisa dikirim di hari yang sama ya confirm ke customer! ini customer udah ngechat berkali2, ceklis 1, gak ada info sama sekali.",2026-03-05 21:14:27,playstore
3f4ef3e7-d99e-42ea-81e2-bc01c4b771a1,aduh alfagift knapa saya tidak bisa pesan ya. dengan keterangan semua produk tidak tersedia. kalo gk niat jualan ya sudah tutup aja. nanti di gantikan sama koperasi desa aja. heran. jualan GK bisa di beli. beli borongan di permasalahin. perusahaan aneh. konyol dan tolol,2026-03-05 20:07:32,playstore
e32d3587-f1a2-4edf-9fb6-36cd302f2517,pelayanannya g jls! pesen JM 9pagi smpe besoknya g dikirim jg. dr DC galaxi aneh org disuruh nunggu lm bgt pdhl estimasi 2jm,2026-03-05 20:02:34,playstore
4a68bfbf-e828-4184-93e8-e3945d6eee17,kacau sih pesen dari jam 21.06 baru di respon jam 22.38 . ujung ujungnya di kirim besok kalau memang gak mau kirim pesenan blanjanya dikit .kasih minimal belanja .jngn kaya gini nunggu udah lama kgk di respon respon malah di kirim besok padhal 24 jam,2026-03-05 15:43:03,playstore
97999e6f-d7b1-4e09-8f37-b01b5f64c468,"Saya belum menerima pesanan sampai saat ini, pesan dari siang hari sampai jam 23.00 belum juga sampai, padahal jarak sangat dekat",2026-03-05 15:39:51,playstore
93f8efcb-8499-4a8b-b753-ab6a7650986a,"Pengiriman sangat lama, operator juga tidak responsif. Status pengiriman tertunda dengan alasan ""Pembeli tidak dapat dihubungi"" padahal saya selalu stay dan balas chat nya sangat cepat. Kecewa dengan pelayanan yang buruk!!",2026-03-05 15:32:05,playstore
a3106506-3f4e-4336-b200-dffb86ab4f6c,"Slow respon, minimal kalau gabisa antar instan kabari konsumen dong. Ada fitur chat malah ga di gunain. ga cuman sekali loh, berkali-kali kaya gini. di hubungin ga bisa, gaada respon. smeoga kedepannya bisa lbh baik.",2026-03-05 15:10:02,playstore
1dceb779-7259-4d69-b31d-333b86cebfd2,"prosesnya lelet sekali, pengiriman juga lama sekali, respon chat pun lama >,<",2026-03-05 13:18:15,playstore
50c5f2de-8d1b-4ccc-b101-d7c8b219a1ca,karyawan lu ga banget. komunikasi nya 0 kayak bocah smp. kerja suka suka gitu gue liat liat. kaga ada yang minta penundaan pengiriman dia sendiri yang setting begituan???what d hell,2026-03-05 12:39:25,playstore
f60b0476-8ced-45f6-8395-26f424973546,"boleh di upgrade ngga sih, apk nya lemot banget",2026-03-05 12:37:46,playstore
e61ac445-f386-4d66-a045-76a917fdcbba,"minta tolong dong untuk scanner barang pada scan produk itu diperbaiki agar ada patokan nya jangan cuman polos full layar kamera, karena sulit men-scan barang-barang dengan barcode kecil atau dengan pencahayaan minim",2026-03-05 12:17:44,playstore
dbcd1ece-3dd8-47fe-9d8b-33a0bf684167,"Aplikasi nya sih oke ya ada point dan info promo, cuma pengiriman gak tepat waktu sama sekali. molor sampai 3 jam setelah pelunasan dan tidak bisa cancel",2026-03-05 12:01:57,playstore
dd366a5a-f76b-4afb-afef-1a566b1b9092,"slow respon banget, aplikasi jelek, pengiriman lama, karyawan ngaret, buat apa ada aplikasi pengiriman dan opsi pengiriman instant kalo ngirim nya aja lama, mentang mentang gratis ongkir. disuruh DM di instagram yang jawab nya Ai najis",2026-03-05 11:43:28,playstore
e8e80969-d538-4e8c-92f7-19d38e5282eb,aplikasi bobrok . pesen dari pagi satu jam setelah pembayaran dikirim . kurir udah jalan . sampe malam ga sampe sampe . masih mending di clik Indomaret cepet pelayanannya . alfagift bobrok,2026-03-05 10:09:26,playstore
7758bb84-c9f8-48fa-b3ae-b2b5e1a32301,"minta tolong yah di liat pegawainya. kalau ndag bisa mengantar jauh jauh jam bilang, KHUSUS NYA ALFA MART WALANTAKAN LANGOWAN MANADO. sudah suruh saya cepat cepat kondisi hamil saya jalan, diantar jauh lagi. eh pas sampai alasan lama. gilaaaa... niat jualan nggak sih. saya tanya juga responnya lama sekali.",2026-03-05 10:07:46,playstore
f9de1230-6a26-4754-b8dc-d3cc940af678,sangat baik,2026-03-05 09:53:33,playstore
5dda357b-ba36-4ce0-b81c-8c2a01f149d1,Pake Indomaret aja. Disini Pesen pengiriman instan sudah 2 jam lebih gak sampe-sampe. Pengiriman telat tidak ada kompensasi pula. RITEL BESAR MANAGEMEN SYULIT,2026-03-05 09:11:02,playstore
131f18ab-309b-4621-8350-3bbe2506e593,kenapa aktifnya di ulang² aplikasi nya smpe gak bisa aktif lagi,2026-03-05 07:39:24,playstore
516b1005-3146-493e-8195-9e3f47bbef04,"awal sih cepet ya pengirimannya, bener-bener setelah 1 jam pembayaran sampai. Sekarang malah lama banget 1 jam setelah pembayaran nyampe nya bisa malem. waduh bahaya kalo yg di order agak urgent ya. Jelek banget deh pelayannya sekarang...",2026-03-05 07:12:29,playstore
5748a34e-7716-47d8-b897-e6bd90d01c1d,tahun2 ke belakang bagus banget cb koin sama discountnya tiap abis blanja balik cb 10k truss bgtu.. tahun ini bejibun dah tuh banyak vc ampe 56 vc eh isinya gak guna semua kagak kepake apaan vc discount kosmetik banyak nya,2026-03-05 06:40:01,playstore
5c6b15c6-a04d-4765-bf8b-d1c250ecdd47,"Baru download kok ngelag terus , gak bisa di buka""",2026-03-05 06:30:58,playstore
d6f2b23b-4487-46d5-b562-f2300a9ce542,"apaan, pesen 1 barang 2 jam lebih belum dtg, lokasi kurang dari 1km padahal, aneh. di tlp ga di angkat, di chat cuman baca doang",2026-03-05 06:09:49,playstore
f7a624b3-4ac0-4dd5-b4ce-3e1045f244f7,saya pesan barang datangnya lama terus mau batalin pesanan tombol batalnya tuh nggak ada. kendala sih karena COD kata aplikasinya tapi kenapa lama banget datang barangnya,2026-03-05 05:47:29,playstore
08bde9c0-77cc-4c75-9f89-a9dda63c7a41,"baru kali ini barang kosong diinfoin pas waktu pengambilan, alhasil kecewa pulang gk bawa apa2....",2026-03-05 05:41:03,playstore
6d85660c-291e-4ca2-b40b-b374132c117e,"Tidak Profesional bgt alasan pertama ""Pesanan Tidak Tercover"" lalu ""Struk Hilang"" Saya nunggu loh Susu anak sayaaa, katanya sudah dalam pengiriman, tiba2 besoknya chat lg minta Cancel Sepihak! Jahat bgt loh kalian! kalo gakbisa tuh dari awal Infoin!!!!",2026-03-05 05:23:15,playstore
13d14b0b-12f2-4a63-bb2f-77466d1b4f69,"Kata gue mah kalo misalnya bisa beli di kompetitor mending beli di kompetitor, gak direkomendasikan belanja disini. makin kesini pengiriman makin lelet",2026-03-05 05:20:45,playstore
6054888c-6460-41ba-804a-a9e5e13827d7,"kurirnya gak ngotak masa barang yg harga 19000 di ganti sama barang yg harga 4000 trus barang nya suka di ganti alasannya sih barang habis eh, pas di cek barangnya masih di jual trus barangnya suka kurang",2026-03-05 05:08:08,playstore
a2e97090-42df-4fb3-ac2f-aa790577dbad,tiap mau checkout gangguan terus jadi gabisa pake sama sekali,2026-03-05 04:01:06,playstore
74586a83-bed0-46b2-9115-3f0c40ff775a,bagus poinnya nambah trus kalo dipake transaksi,2026-03-05 02:07:46,playstore
410e5cf9-adf2-47ce-b167-208848c438a6,bagus,2026-03-04 20:26:20,playstore
acfa7710-bb18-4ef0-a9c7-47193f686afb,"Pengiriman lama sekali, melewati batas waktu pengiriman, kalau tidak siap, jangan buka layanan pengiriman!",2026-03-04 20:08:19,playstore
b047a138-afb5-41f0-a1ed-476a97fc36e2,"udit ku balikin dah 2 hari pengajuan ga ada respon sama sekali,nyesel beli kuota di alfagif udah di bayaran tapi pesanan nya gagal,al hasil uang ku ketahan seratus ribu lebih,tolong di perbaiki customer service nya lambat banget penaganan nya sampai 2 hari gaada di balikin juga,neyes senyesl nyesel nya,BUAT KALIAN JANGAN BELI KUOTA DI ALFAGIF takt ketahan duit kalian perosoes pengembalian nya lama bangaet kaya gaaga tidakan😡😡",2026-03-04 19:31:11,playstore
f381af2b-f0aa-4eca-b506-5ba873279cef,"JANGAN DI DOWNLOAD APLIKASI INI TIDAK REKOMENDASI MEMANG MURAH TIDAK ADA ONGKIR PENGIRIMAN TAPI SANGAT LAMA DI ANTER NYA Ber JAM JAM, SLOW RESPON CHAT TIDAK DI BALAS, LOKASIH PA39-DS DEMANG LEBAR DAUN PALEMBANG",2026-03-04 14:59:22,playstore
a9980037-6074-4120-829f-91f06f76b408,Good Apls,2026-03-04 14:50:16,playstore
3c521f31-3a1b-47d8-be29-5aaf1a58b712,oke,2026-03-04 13:31:35,playstore
62817333-fbbb-4670-82ea-11dc11e13538,"first time ordering, success^^",2026-03-04 11:04:52,playstore
5bb4c1ab-2dbb-454c-9a0a-fa8ebc191d0b,aplikasi bagus. cuman ada kendala login karena udah ganti nomer hp namun email masih sama. bagaimana cara login dengan nomer hp berbeda namun dengan email yang sama,2026-03-04 10:07:44,playstore
be9fe89b-29c6-423a-984a-e7eb3517536a,"makin kesini makin mengecewakan, awal2nya enak pakai aplikasih ini,, makin kesini makin nggak jelas, pesan di aplikasih katanya paling telat dalam 1 jam barang di kirim, ini sudah berjam-jam barang nggak di kirim-kirim.",2026-03-04 08:47:56,playstore
7ec69e80-d436-4379-a9b2-6d8fbf8e6b9f,"kasir yang berada di alfamart busalngga, kabupaten Rote Ndao kecamatan Rote Barat Laut pelayanannya sangat tidak memuaskan. apakah sudah diajarakan sesuai SOP atau tidak tapi kasir yang berdaa di alfamart busalangga tidak teliti sehingga banyak pembeli menjadi korban. mulai dari harga barang yang dinaikan 2x lipat, dan ketika pada saat scan barang mereka tidak memasukan barang yang telah kami beli kedalam kantong belanjaan punya kami padahal sudah bayar sesuai dengan harga total belanjaan.",2026-03-04 08:45:07,playstore
0351ee1c-263e-4d0b-82de-4f32015cf1da,"pengiriman lama banget, pilih instan 1 jam tapi ini udah 3 jam ga dateng juga. katanya bisa komplain ke dm instagram alfagift, sama aja malah dijawab bot. kocak bener",2026-03-04 08:43:43,playstore
aaba2ef5-a68e-44a1-9db3-179d5615d0fb,pengiriman lama,2026-03-04 07:39:45,playstore
2e0346a4-c358-4f1a-ad4a-49505d3ca5e9,"Alfamart misal ga bisa ngasih pelayanan maksimal mending gausah ada alfagift deh ,nyusahin orang bnyak mending fokus di outlet atau toko aja misal blm bisa kirim sini situ",2026-03-04 05:51:11,playstore
3be88876-8005-4713-ad29-92113a538252,"ini kenapa saya orderannya mental jauh banget ke cabang kalimalang? saya di Malaka sari aturan klo di comment jelek soal pengantaran kurirnya yang di pindah jangan customernya yang di pindah orderannya ""aneh""",2026-03-04 05:06:56,playstore
f87f758c-3817-43b4-812e-dcb4cf6ec45a,belanjaan kurang gak mau ganti,2026-03-04 03:38:28,playstore
f547c3a5-8fc9-4765-a790-c4e20fb80df7,"makin kesini makin ga jelas order nya, ga bisa pesan untuk satu jam pengiriman selalu penuh, bisanya untuk besok hari atau beberapa jam berikut nya paling cepat 4 jam berikutnya, kalo begitu kita mana tau ada dirumah atau engga karena waktu tunggu terlalu lama jadi kurang efisien",2026-03-04 03:21:17,playstore
547656f3-3def-46a7-8d2d-927872137795,"customer ga bisa milih alfa nya sendiri. Sistem deliverynya juga aneh banget. Mereka bikin limit delivery tiap jam nya, tapi tetep aja masih delay sampe 2-3 jam itu gimana??? maksud saya kalo kalian udah bikin limit waktu pengantaran otomatis kalian tau dong kapasitas kemampuan pengantaran kalian sampe mana, ko bisa masih delay dalam delivery ny? pertanyaannya ko bisa kaya gtu? kalian punya cara pemesanan buat delivery selain melalui aplikasi? atau ada customer vvip yang wajib didahuluin?",2026-03-03 16:39:34,playstore
77bddb63-b6bd-451a-9519-b8c5b8bd4c4a,"Haloo,.. kenapa di area luar pulau Jawa point saya tidak bisa di gunakan di Alfamidi ? sebenernya Alfagift dan Midi kring apa harus gunakan akun yg berbeda?",2026-03-03 15:53:12,playstore
b0f45bfd-a882-4397-80ba-7e3fdb1fbcc2,Pengiriman nya sangat lama sekali. Saya sudah menunggu 2 jam lebih,2026-03-03 15:24:39,playstore
fd000694-127b-4391-a9b2-d2599c9ed6ad,pengiriman lama,2026-03-03 14:22:50,playstore
7640098b-7de6-453d-92c5-56260710ee19,pengiriman super duper lama,2026-03-03 13:48:17,playstore
75107e13-fafa-46c7-96a4-4e0528541464,"pesanan ku ga dikirim' padahl udah bayar dan udah lebih dari 1 jam. dan aku pesan masih pada jam operasional aplikasi dan tokonya, sumpah ga lagi lagi beli di alfagift mending di grabmart sekalian aja bayar ongkirnya gapapa.",2026-03-03 13:13:19,playstore
cbf68d0d-97aa-434b-ac9a-e9db8612896b,"layanan slowrespon, barang datang diletakkan dibawah, tdk memberi info/menelp cs, akhirnya popmie digigit tikus, katanya mau diganti, tapi tdk kunjung datang, kecewa bangettttt, padahal awal pakai alfagift petugas yg mau kirim kermh cs wa dan telp cs terlebih dahulu, jadi barang aman sampai di cs, mana slowresssponnnnnn pake bangetttt, jadi mikir2 klo mau belanja lagi pakai, hadeuhhhhh, kecewaaaa pake bangettttttt..",2026-03-03 12:54:35,playstore
36a5f988-7abe-4d23-bee7-b70c72e0dc00,Gajelas statusnya terkirim tapi sampe sejam lebih ditunggu barang ga datang datang. gajelas,2026-03-03 12:06:23,playstore
9050e4b9-db43-4e14-8393-4bfb15613ac2,Over all is good...saran urgent ya. tambahin pembayaran metode qris. oke !! cepetan.,2026-03-03 11:26:55,playstore
7bfead22-9eff-4c47-948b-41a3758d5cae,berguna,2026-03-03 10:49:31,playstore
3ced7d8f-b3f7-4fbc-be92-cb5741b93616,Ga jelas alfa sumberjaya.. pesen dr alfagift udh d tnggu2in malah g dikirim2 ujung2nya d batalin.sistem gak jelas,2026-03-03 10:34:33,playstore
2bdef779-0209-4672-adb4-0c6d5965a3cc,uang saya tidak kembali,2026-03-03 09:47:28,playstore
dafe2b70-9061-44b3-98fb-d5c8238bcea7,"apakah ada cara untuk memilih toko yang mengantar pesanan kita. soalnya di dekat tempat tinggal saya banyak toko Alfamart, tapi setiap saya pesan alfagift toko yang mengantar selalu jauh. jarak tempuh kurang lebih 5km dari tempat saya tinggal.",2026-03-03 09:46:13,playstore
709c41f3-cea5-40a1-8083-bc21414dc917,eko alfagift,2026-03-03 09:40:18,playstore
5d27e98f-62f9-4cbd-9ab9-beb7c328b420,parah kirim barang ga lengkap kjrirnya langsung kabur toko ga tanggung jawab,2026-03-03 09:12:20,playstore
949d7b41-bd45-43de-bda1-8815e67b6bd4,"awal² penggunaan enak karena semua terkonfirmasi cepat. jujur sekarang kecewa, pengiriman 1 jam setelah pembayaran tapi 1x24 jam ga dikirim. di chat juga ga direspon, hubungi cs juga ga ada respon, mau cancel pun juga ga bisa. nggak lagi pake aplikasi, sekali aja kecewa mendingan uninstall.",2026-03-03 08:46:44,playstore
d1801ee4-8f0d-48bc-ae81-854900b3884d,aplikasi bangkeee. ngbugg gambar gk BS d lihat,2026-03-03 07:57:15,playstore
b09922b0-9133-44f1-8988-e3ce81081eb6,konapa gak bisa beli rokok ???,2026-03-03 07:47:05,playstore
e90a46d2-1f43-47e9-b5cd-5f7a8c201d33,"Pengiriman gak jelas. dihubungi lewat aplikasi kalau mau kirim. habis itu berubah status jadi ""akan segera dikirim ulang"" ditanyai kirim kapan gak dijawab. diminta kalau berubah jadwal kirim sore aja soalnya mau pergi gak dijawab juga. waktu baru pergi tiba2 di hubungi udah sampai, saya minta untuk tunggu cuma 10 menit gak ditunggu alasannya gaboleh nunggu lebih dari 5 menit. ini beli galon, lalu saya disuruh ngembaliin galon kosong ke toko. memang kesalahan di saya ya?",2026-03-03 07:41:09,playstore
46b52919-d327-4a47-a8c2-d27099af2d81,"mohon peningkatan kualitas layanan dan tranparasansi penanangan refund, pesanan belum diterima tapi sudah notice diterima, foto bukti pengiriman tidak ada",2026-03-03 07:02:54,playstore
021fa429-e0b4-4fe9-8d2c-ea4db0b5fc74,ok,2026-03-03 07:00:39,playstore
afcade34-d8fd-4a51-a00c-54790e15aa2d,"Cacat, pengiriman lambat",2026-03-03 06:27:00,playstore
8db7a463-02e0-4958-950d-d523d820fc07,"tolong adakan fitur telpooon ya min di chatnya, susah skali hubungin kurirnya gak respon², entah itu salah alamat, salah barang, barang kurang yg diantar, gak bisa dihubungi lewat chat. sangat membuang buang waktu",2026-03-03 05:18:52,playstore
2c799ed5-6c46-44e3-89b3-c11445677089,busuk,2026-03-03 04:04:28,playstore
f757d411-c538-4188-9f25-d735ed62bb10,suka error,2026-03-03 04:01:59,playstore
69c342c4-3a5f-437b-8f5e-ce07d3e36c1e,"Pelayanan baik, Komunikasi baik, produk baik, rekomendasi ⭐⭐⭐⭐⭐ - dana refund karena kesalahan sistem sudah di terima - ⭐⭐⭐⭐⭐",2026-03-02 17:09:43,playstore
7f894f36-ce8c-49b8-9b89-deb15bb32dea,"Pelayanan yang saya terima kurang memuaskan. Pembelian saya dibatalkan secara otomatis dengan alasan jarak terlalu jauh. Namun, dana belum dikembalikan karena pada sistem tercatat metode pengembalian dana secara tunai.",2026-03-02 16:19:38,playstore
dc7eda8e-2718-44b8-b3e2-1dfa0602c596,tingkatkn lagi..🙏,2026-03-02 15:55:36,playstore
47e44bff-a3b3-4ec0-8c3b-06e38ed297ef,sistem aplikasi yang baik,2026-03-02 14:22:10,playstore
781efd70-b675-4dc9-ba54-a08cca559168,"bagus, belanja jadi mudah gak repot² pergi bisa nunggu di rumah, sehat² ya buat yang kerja khususnya buat daerah sumedang",2026-03-02 13:45:32,playstore
3fa07635-4ce6-477a-8f49-6a067ca4a578,pelayanan baik,2026-03-02 13:34:51,playstore
abb9e302-d080-452b-834f-85382bd417e5,"untuk saat ini saya sebagai pengguna alfagift merasa cukup puas dari sistem pelayanan, sistem pembayaran dan produk nya juga..",2026-03-02 12:59:31,playstore
62c2a97a-bad7-4208-8037-eee88116f30f,"ALFAGIFT GA BANGET SKRG!! pengiriman nya lama kali luarbiasaa dl ga begini pdhl, uda pilih opsi diantar maksimal 1 jam pembayaran pun dtg nya nyaris 3 jam!! tolong lah diperbaikiiiii!!",2026-03-02 12:52:12,playstore
9238c6cc-08f3-48e4-96f1-668cc6a9d485,ok,2026-03-02 12:15:35,playstore
c5eaeb2b-6246-4ca3-9014-0aa929112676,"Tolong dong alfagift barangnya di update di aplikasi, pesanan udah dibayar, pas konfirm dari admin Alfamartnya bilang ada barang yang gak ada, lalu pesanan ditolak, mau refund dana kok pakai diajukan... kapan dikembaliin dana orang? belanjaan bukan 10rb tapi 500rban. (Tebet)",2026-03-02 12:14:07,playstore
f7df8482-0ec7-4739-8aa5-b6ac1107ffcb,pengiriman 1 jam setelah pembayaran.NO pengiriman 3 jam setelah pembayaran.YES,2026-03-02 12:10:23,playstore
0d7664b6-c6cc-4e72-ac15-703110f6f3ef,"hapus aj aplikasinya, karyawan tidak mau antar barang yg sudah di beli lewat aplikasi, dengan alasan jarak terlalu jauh, klo memang terlalu jauh kenapa dari aplikasi menerima pesanan? mana pengajuan dana refund di tolak. hapus aj aplikasiny",2026-03-02 11:55:24,playstore
7be24d7c-f97c-4824-a2c3-bac2d0b071ab,itu customer service ada petugasnya ga sih ? kok yang jawab chat AI. udah gitu ga nyambung kalau ditanya.,2026-03-02 11:51:01,playstore
7cbde7ac-229a-4df7-8693-1f88769bac5b,"beli barang tidak sesuai yang dikirim, komplain tidak direspon. tidak ada solusinya saya kecewa.",2026-03-02 11:15:48,playstore
439be526-ff98-4e04-86cd-f75d4143ec11,"aplikasi seperti malas2 an kurir nya tidak di kirim2, pas saya cek di depan motor kurir nya lagi terparkir",2026-03-02 10:48:11,playstore
f1091a97-8566-4c8d-a8a5-256f8c096dc8,oke,2026-03-02 10:11:42,playstore
232cd363-48f8-49eb-be6c-dbaefbb55e65,"bikin kesel ni delivery ordernya pesen jam 14.20 pesanan masuk 15.26 proses pengantar dan sampai 16.53 pesanan belum sampai juga entah kenapa alasannya motor pengiriman rusak, banyak orderan dan lain nya gimana ini.... lokasi Alfamart Godean KM7",2026-03-02 09:57:05,playstore
cd213304-36af-48cb-9a75-6c73563a9b24,"banyak promo dan selalu gratis ongkir, harganya lebih murah dari sebelah",2026-03-02 08:26:24,playstore
d7df514b-1034-4d72-8266-3e9f8e8c28f1,"ga jelas, baru smalem daftar pas siang d buka ""nomor sudah tidak aktif atas permintaan diri sendiri"" aneh...",2026-03-02 07:52:47,playstore
e1fc2c39-d014-47f2-a46c-5eae6411f6a2,"terkadang barang yang ada di alfamart terdekat, di alfagift tulisannya tidak tersedia di area anda",2026-03-02 07:10:20,playstore
64215e2c-7f24-45ee-82bd-deca681a18ec,sangat bagus,2026-03-02 07:05:52,playstore
2c40b995-a6cb-4d96-83cf-34ecb418530d,kurir nya gila si . taro barang diluar pagar . minta dikirim jam 6-8mlm dikirim jam 1 siang. jelas ga ada org. malah taro diluar pagar .gila banget,2026-03-02 06:32:47,playstore
75f16340-eadc-4199-937f-5c39957d20ce,saya udh bikin akun di aplikasi tapi tauk tauk gak bisa masih bagaimana ini,2026-03-02 05:38:31,playstore
9110945c-2541-4d89-8dd5-ea81c898e030,"N431-CIRADEN parah banget pelayanan nya, minta 1 jam dikrim nya lbh dr 3 jam, minta d cancel gk d respon malah ad chat sudah d depan gerbang, disuruh masuk ke tujuan d asrama putri gk mau, sekarang minta bukti penerima nya siapa atw foto penerima lama banget gk d respon padahal sudah lewat WA, SDM tingkatkan n SOP nya bisa gk sih dijalankn?",2026-03-02 05:38:03,playstore
3bbc2df3-47f3-4577-87bb-950494670530,ok,2026-03-02 03:55:27,playstore
91d233fa-8c31-479d-9115-3349b9e4c2fc,"kenapa lokasi nggak bisa diubah,cari lokasi Kalimantan Timur tidak ada Alfa mart, padahal banyak Alfamart di Kalimantan, tolong diperbaiki",2026-03-02 03:15:33,playstore
47fb3e6e-ffb9-492d-89bf-eb88c170cb36,"JANGAN BUANG BUANG KALIAN BELANJA DISINI, APALAGI KALAU TAWARAN DI LIVE ALFAGIFT,PENIPU ITU, GA BAKALAN MASUK A POINT YG DITAWARKAN,, PENIPUAN BERKEDOK CASHBACK A POINT",2026-03-02 01:55:14,playstore
4c5f73d1-e59b-4794-b1d8-10d5e8881fdd,"yang batalin toko tapi uang belum kembali prosesnya lama ribet padahal refund dari tanggal 24 februari 2026 tapi uangnya belum kembali sampai hari ini tanggal 2 maret 2026, kecewa",2026-03-02 01:11:12,playstore
2c600798-bc9f-4cb7-bc8d-c7dbd3f50970,pengiriman lambat banget.. 5 jam baru dikirim.. klo ga siap ga usah buka online.. fokus aja offline.. ga akan make lagi,2026-03-01 16:14:49,playstore
55f63bba-b493-4e7f-ba98-9b9a8104fe3a,"gw pesen ultramilk sama oreo yang dateng ultramilk nya doang, 30k juma dapet ultramilk 1 biji",2026-03-01 15:55:51,playstore
2b5a9677-ca8e-4353-a61f-1fd00c5798d3,"pesanan gudang sejak tanggal 25 feb sampe sekrang 1 maret belum dikirim dari gudang ke toko . estimasi paling lambat padahal kemari di 28 feb . tak pernah sekecewa ini , karna belanjaannya ada yg buat taroh di masjid buat buka puasa .",2026-03-01 15:26:23,playstore
4fb1a9f9-bbd6-4e94-871f-f2b1602787b7,"tolong buat admin ,saya minta bantuan knp ya Aplikasinya tidak bisa di buka alias mental?",2026-03-01 15:11:12,playstore
a4c545a3-824c-4f56-aa14-ec08e7cf001e,"lambat, pelayanan kurang udh mls bgt sial jelek pokoknya pelayanan nya nyesel beli di sini",2026-03-01 15:04:48,playstore
409dce01-58d0-4c29-abd4-04acfae68def,"pengantar lama bgt, admin tidak fast respon",2026-03-01 14:49:36,playstore
7f8aa743-636b-462f-9551-036fdce8d4f0,lelet buajingan,2026-03-01 13:36:48,playstore
3de68509-49ad-4ef3-9c1f-bf2be4d33bfa,oke oke aja lah biar senang,2026-03-01 12:46:00,playstore
a830c426-283a-4b97-8117-a167b3f3e00c,saya pesan alfa gift dapatnya di alfamart medoho semarang pengiriman di salah satu tennant queen city mall. di aplikasi status sudah terkirim namun sampai saat ini saya tidak menerima barangnya. dan tidak ada bukti foto siapa yang menerima saya sudah coba chat namun tidak ada respon sampai sekarang. tolong tanggung Jawabnya gimana ini?,2026-03-01 12:05:00,playstore
0db8d2ac-61f9-4dfb-a72c-b639df068711,kecewa bner sekrng pelayanan dari alfagift. pegawainnya pun tidak ramah. dichat tidak respon.,2026-03-01 10:39:34,playstore
6cd20ca5-b9f3-401b-8d4f-537bb4efe721,nganter pesenannya lama banget padahal pakai opsi 1 jam setelah pembayaran. ini udah mau 2 jam belum nyampe nyampe. pilihan produk juga terbatas banget,2026-03-01 10:38:46,playstore
43d972f9-1267-4b9b-b44f-1dc8853d3b21,aplikasinya bagus banget karena sebelumnya saya sudah pakai,2026-03-01 09:05:55,playstore
8eae2dde-54a7-45ab-9fb6-d7640ad57d0c,pengiriman lama respon lamban saya kesal,2026-03-01 08:56:07,playstore
1728d5e1-bed5-43d4-938c-a4724bb84a90,makasi,2026-03-01 08:51:42,playstore
593642a2-a94d-4ef2-a86d-e5779f9f5d88,ini ga jelas bagnget sumpah pengirimannya lama banget udah kayak ngirim antar benua aja lamanya minta ampun. ga jelas g jelas,2026-03-01 08:46:41,playstore
c5ce6a5c-5cf1-4085-84e0-d6fb5b2d5657,pengiriman sering ga sesuai estimasi,2026-03-01 08:36:24,playstore
c0d7f05b-ebcb-4dd2-b8ab-25b08d93384b,delivery delay parah,2026-03-01 08:26:57,playstore
e7f05f93-1434-4ae7-a72c-04f51fe7bde8,mantab,2026-03-01 08:14:49,playstore
4fdb959f-4e89-40ca-aab7-a574d1d03d52,uang saya 90rb lebih tidak di kembalikan!,2026-03-01 04:06:36,playstore
0a44cf2d-4be3-45fd-b36c-d18d2bca1980,jarak 5km dikampung kirimnya lama. pegawainya pada main game,2026-03-01 03:38:40,playstore
071453fc-4551-4f13-9b38-9c8792b745e9,"pesen produk udh 3 hari ga dikirim, diketerangan udh dikirim tapi pas liat foto bukti cuman foto item ga jelas, di chat minta keterangan ga pernah dapet balasan. bukan masalah harga produknya yang ga seberapa, tapi masalah amanah sama kepercayaan dari konsumen!",2026-03-01 03:21:58,playstore
a411d976-b7cb-4c44-8a1b-a4df66030322,kurir gak ramah,2026-03-01 01:28:18,playstore
21432536-bb70-4217-b6bf-687281c067f5,kurang gesit pengembalian dana saya tidak di ACC padahal saya nunggu 2x24 kata nya akan di TF tapi tidak ada smpai hari ke 3 nya,2026-03-01 00:03:09,playstore
94057315-888e-4570-a898-432caddfd264,"mesen jam 20.50 belom dikirim kirim, padahal SOP nya sebelum jam 21.00 bakal dikirim di hari itu juga. tolong di tindak lanjuti Alfamart Cilandak KKO 5",2026-02-28 22:09:02,playstore
0c54761b-a8d7-41f4-9fed-211d4dffe645,termantapp,2026-02-28 18:36:05,playstore
7b529ab3-6566-4436-9199-55d5d0227332,Kenapa dr kemaren keranjang saya tidak bisa dibuka? padahal sebelumnya aman aman saja minta tolong segera dibenahi jika memang apk nya lg flm masalah,2026-02-28 16:34:52,playstore
b6728915-a84e-4ef9-82a7-88d196b42e34,penunda'an sepihak,2026-02-28 14:48:12,playstore
13a72c40-79b4-423d-bbc7-26773fc52237,"awal"" pake alfagift tidak kecewa karena sesuai dengan lokasi dekat dari rumah. makin kelmaan langganan mlah kecewa . dpt yg tidak sesuai lokasi mlah makin jauh pdhal sudah di hidupkan lokasinya dan pengirimannya lama. tidak pernah update stok barang jg klau habis. tolong di perbaiki sistemnya dan org"" nya . kek gni kn customer jd kecewa tidak mau beli lagi.dan pengembalian dana sepihak oleh toko. dan tidak di proses"" dan di terima .",2026-02-28 14:47:05,playstore
f276e087-29f6-4ec8-be3e-8705a541dad6,"ga maksimal, pelayanan ga oke, selalu di cancel",2026-02-28 14:41:51,playstore
e75a98cb-3e64-4986-9ec3-b3456259c0f5,ok,2026-02-28 14:37:50,playstore
2c87dd27-ebfc-47ef-9694-423ae3168f1a,slow respon bnget sama cuma bisa pake dana pembayaran nya padahal deket toko nya tapi lama banget proses nya,2026-02-28 14:36:55,playstore
a9192c62-6683-466d-a78c-327d0210b52a,"Alfamart R860 - DS Abdesir Makassar, parahh sih.. pesan dari jam 5 sore, sampai lewat jam 10 malam gak datang2, tiba2 pengiriman di tunda, aku pesannya ke hotel loh, mau kirim pas aku udah cek out?",2026-02-28 14:12:45,playstore
cdfcebf4-8cf2-4858-8aff-f97b9dcf6cb1,"saran az,tolong perbaiki keranjang nya,kita simpan barang dikeranjang gak semua akan dicekout ,jadi ribet nya harrus hapus dulu kalau mau cek out,gak kebayang sampe puluhan barang harus kita hapus saat ceout,",2026-02-28 14:06:06,playstore
4b55e4d9-87a7-4186-97b1-b35d3c42075b,bagus,2026-02-28 14:04:44,playstore
1d3ed1f8-9f06-42de-89f8-9b87f4af15c3,"suka heran dimana mna alfa klo tarik uang dri ewwalet susah.bnyak alasan,jaringan off lah,belum ada uangnya lah,sampek kasih saldo penarikan paling minimal.kalo kira2 kerja sama dengan ewwalet gak menguntungkan.gak usah kerja sama.",2026-02-28 13:46:40,playstore
84b875ea-e868-40a7-9e73-930700aac781,mungkin busa di tambahi untuk map lokasi pengirimannya biar kita bisa memantau dari lokasinya juga terima kasih,2026-02-28 13:31:55,playstore
d2944e1d-e7f2-4e79-8e78-3656708f923a,ka Apakah Harga Promo di Toko beda dengan Harga di Aplikasi Alfa gift?,2026-02-28 13:11:22,playstore
30a6e6c9-106d-40d8-a306-c49b8bfa7777,padahal banyak bgt alfa deket rumah tapi kenapa ya setiap pesen dialfagift dipilihnya yg jauh². waktu pengiriman jadi tidak sesuai. sll ngaretttttttt.,2026-02-28 12:18:58,playstore
13d357f5-a451-4bc5-be15-4674dbe89fb4,"daftar aja susah, hapus ajalah, kalah jauh sana aplikasi sebelah, hapus ajalah, aku jg uda punya aplikasi sebelah kox",2026-02-28 12:09:46,playstore
e6f6587f-bd14-4298-a702-4fb752278c9b,kurang bagus saat belanja di aplikasi pengiriman lama banget pesen siang bisa malem baru sampe .. semoga bisa lebih baik lagi,2026-02-28 12:08:11,playstore
11fe4cd3-a8a6-4a4c-80c0-d9d5264aca63,Mimin ini kenapa Aku g bisa ngehubungin ke gopay padahal Aaaaaaaaaaaaakkkk tinggal masukin pin aj 😭 TPI g bisa aku udah ngoba 10 kali tapi selalu g bisa aku udah up aplikasi juga TPI g bisa,2026-02-28 08:39:22,playstore
f49ec5d0-8ddf-496f-91e1-64b18cf1c546,"sering pengiriman tertunda ,chat tidak dijawab 🤯",2026-02-28 07:14:17,playstore
9df45f1d-7eb7-46fd-b238-141b95213177,"Untuk Alfamart Sasak Bakar amat sangat lambat! saya pilih 1 jam setelah pembayaran tapi sampe lebih dari 4 jam, sering salah pruduk lagi.",2026-02-28 06:31:57,playstore
48199e67-3068-4ab9-8afa-dbcb9ae89020,"padahal baru daftar lewat onlien tp pas keluar aplikasi nya dan mau masuk lagi ko ga bisa padahal pake nomor ini , ribet banget, mau reset ga bisa aneh sumpah",2026-02-28 06:27:39,playstore
79b7ceb3-3704-409f-a8cf-750f9b29eaf9,"Setiap sy mw memasukkan belanjaan ke keranjang Alfagift, tdk berhasil. bgmna solusinya.",2026-02-28 06:24:49,playstore
30e01ab4-875c-4eef-bb0b-8c863801000b,Aplikasi gak guna... Sangat tidak recommended,2026-02-28 04:29:17,playstore
f90b30af-465b-4c5c-8748-21e6cfa394fa,"sistem refund lama dan agak ribet beda kaya sebelah lebih mudah, klo di cancel toko langsung saldo masuk otomatis klo di alfa tibet dan lama",2026-02-28 04:13:23,playstore
e9e83579-52dc-4422-aa9b-61ffdffaf66a,"pengiriman lama untuk setiap belanja lewat alfagift , alasannya selalu sama orderan banyak",2026-02-28 04:01:10,playstore
6acc9a2c-f816-4337-a185-6a73ce57da25,banyak diskon pelayanan ramah barang yg dijual banyak jenisnya lengkap,2026-02-28 03:43:29,playstore
37b74545-77ea-46d6-bac2-4278935e6ed3,"Pelayanannya kog malah tambah buruk? Masa bisa diantar di besok hari nya?! Org kan belanja mau cepat ya.. Klo begitu akan di esok hari terus antarnya.. Udh gitu sebelumnya jg sering gak tepat waktu antarnya... Huhuhu... udh gitu yg daerah saya malah pengiriman dari toko yg tambah jauh.. lama2 males alfagift nih aneh2 aja bikin perubahan, bukan makin bagus malah kecewain konsumen.. ganti deh itu yg ngasih kebijakan..",2026-02-28 03:25:57,playstore
7cd175ef-6e1f-419e-89b2-e4214d80fa07,"mudah cara penggunaan,tapi tolong di perbarui untuk bisa ganti nomor telpon yg sudah tidak aktif, di email tidak ada tanggapan,point sudah bnyak tidak bisa di apa apa kan, merasa rugi🙏",2026-02-28 00:24:37,playstore
e30f68cc-6139-405e-acec-9c62f95b422e,"Saya pengalaman beberapa kali belanja di Alfamart,kasir tidak memberikan struk dan tidak memberikan potongan harga promo yg sesuai jelas2 semua barang yg saya beli harga promosi tetapi sampai di kasir ternyata harga normal semua ,pas saya tanya struk kasirnya gelagapan takut lalu mengembalikan uang selisih belanja saya",2026-02-27 21:33:14,playstore
c3f70e06-c4e2-4262-b5f1-4380e204e3e0,ok,2026-02-27 19:11:02,playstore
91d037ab-3b3b-438a-a659-141dfde4cddd,"tadi siang waktu saya pesen alfagift jelas banget diketerangannya bakalan dianter besok tu barangnya. ehhhh, barusan tiba2 kurirnya manggil2 dong, mana bilang ""met pagi"" berkali2. ini kebijakan Alfamart maksain karyawannya banget kah? atau gimana sih? org udah istirahat, bikin jantungannya aja karna dikira udah pagi beneran",2026-02-27 14:55:58,playstore
e15478ba-6d5e-4b5c-8f7c-8c4b4046062b,ok,2026-02-27 14:03:06,playstore
85083587-e9e4-4e5d-a8be-2c083ce84229,"slowrepons banget yahhh. mau komplain lewat cs chat malah kaga jelas balesan itu itu doang ga membantu. udh coba contact gmail, lama banget nunggu balesan nya udh kaya nunggu 19 juta lapangan pekerjaan😹",2026-02-27 13:54:16,playstore
1612515d-aa9f-4f96-b8a1-12ecc6b1ce9d,Seneng banget ada sistem delivery. ngebantu anak kost ini Ya Allah. Makasiiih,2026-02-27 12:59:33,playstore
7510c646-5d57-4a0d-bc2c-9e77367c7a08,pengiriman nya lama bngt,2026-02-27 12:40:52,playstore
c8363810-fbb3-495a-b749-ff24b6189d25,lemot kurirnya,2026-02-27 12:20:23,playstore
a6978c40-ac17-42a1-820b-f290f8d29901,sangat dimudahkan dg Alfagift,2026-02-27 12:15:41,playstore
a3681816-087a-4038-a168-89bae358779f,"kak,,bisa gak alfagitf kalo lupa password verivikasi kode otp nya ke email,,Karna nomor saya sudah tidak aktif mau verivikasi,, biasanya lewat email,,ini yg terbaru pilihan hanya lewat wa dan SMS.",2026-02-27 11:37:52,playstore
74ab2d77-f0de-48d8-8eb6-8111392f98b7,sudah mulai membaik dan stabil,2026-02-27 11:13:12,playstore
4844eb03-db0b-4a4c-9c0f-475e7ad59a3f,"jangan beli paket disini!, sy beli paket gagal tapi saldo kepotong dan sulit buat kembalian saldo.",2026-02-27 11:09:13,playstore
9324029f-d97e-4677-b48b-4b0c23d2470a,Mantap,2026-02-27 10:52:27,playstore
bf0c23bd-0d28-40ec-998d-9bcbfadd755e,Batam merapi subur lama x diordee hari ini 2 hari kemudian dtg pdhal air galon,2026-02-27 10:21:08,playstore
39489ece-c8d6-4409-b222-b88010276f7e,payaahhhhhhhh lama banget pengiriman nya mau yg sejam pun lama,2026-02-27 10:07:22,playstore
a788b0d1-da29-49fb-b727-e7b01d1ecfca,"Beberapa hari ini aplikasi bermasalah di pilihan pembayaran, CO mau bayar gagal akhirnya ngulang lagi, terus CO lagi gagal lagi. tolong segera diperbaiki.",2026-02-27 09:45:17,playstore
b66133a3-8eff-408a-9b92-49f3e3ebda20,"saya tidak bisa login apk alfagift , tolong bantuannya",2026-02-27 09:16:19,playstore
7ff941aa-87dd-4610-8e24-3115e13dad1d,"Harus banyak perbaikanengenai pengirman , sudah banyak complaint dan saya juga salah satu nya pengiriman lebih dari 2 jam belum datang padahal berpikir lebih mudah belanja di aplikasi",2026-02-27 08:48:30,playstore
4d57dd44-75c7-44dc-8a85-f7ec7c9b4030,sangat membantu alfagift...pelayanannya ramah dan cepat,2026-02-27 05:48:23,playstore
01caeb09-709a-4816-80bb-f773682dd500,"sudah bertahun-tahun pake toko ini puas,,, x rasa ny",2026-02-27 04:59:19,playstore
3e348957-a665-4e2d-8b40-53c282e8beb9,pengiriman lama karna selalu nyantol di ds yang jauh kurang update ga kaya apk sblah kmn pun qta pindah rute atau lokasi selalu update ngikutin toko yg terdekat JD pengiriman BS cepat,2026-02-27 04:15:35,playstore
023efd20-ddcb-459a-9584-d7c22481949d,mantap,2026-02-27 02:55:22,playstore
e3603afb-f156-411f-8642-98cc3ef9a61d,Senang Sekali,2026-02-26 23:39:23,playstore
36d20a67-34f3-49aa-b3ca-22117be93a7a,"kak cara batalkan pesanan gimana yaa? semisal belum di proses dan belum di antar, di aplikasi ngak ada petunjuk nya 🫠",2026-02-26 23:09:39,playstore
e1bafc5f-dfb7-4400-a52c-973925381d65,enggak bisa pakai spaylater/gopaylater jadi males ah,2026-02-26 22:04:35,playstore
5474c55c-3dfd-4898-ae55-8ebc69b6222e,ok,2026-02-26 17:32:10,playstore
975d9049-1a4d-4dc7-93d7-8f691405d8c9,"Langganan biar ga kalap 🤣 klo k toko langsung nanti bocil riwueh sgla d ambil ,, hehe pdhal d sini juga ttep ksukaannya d beliin .. tq alfagift 🫶",2026-02-26 17:13:09,playstore
1d4db968-6a4c-431a-b154-649abd708aa9,Sangat senang belanja di Alfagift. Pengirimannya cepat dan banyak diskon menarik. Tidak perlu keluar rumah untuk belanja kebutuhan harian🥰 tapi boong,2026-02-26 17:07:28,playstore
cd142fac-7ca5-47a9-aa8e-d9ea0627cb9e,"sangat membantu tinggal klik lgsg datang, banyak promonya tentunya harga jadi lebih murah, pertahankan Alfagift ✨",2026-02-26 17:04:04,playstore
2f5e46cb-6a03-49d9-bdc1-d9566e81a075,"nomor tidak bisa di gunakan nomor ini pernah terdaftar, tapi sudah tidak aktif atas permintaanmu. ini knpa ko bisa gini sya ga bisa masuk alfagif",2026-02-26 13:59:33,playstore
89472483-3ba6-4e5e-abff-3d1e891e009e,Madiun Serayu Store tidak pernah respon sama sekali.,2026-02-26 12:48:36,playstore
f459bf7f-b57f-4230-86d8-5ba1b74409f8,pengiriman lama adminya kebanyakan alasan,2026-02-26 12:10:09,playstore
9bb68e13-fccd-40db-b153-b73807d974fa,"tiba-tiba statusnya barang udah diterima padahal belum, mana ga ada konfirmasi apapun lagi. kadang telat juga ngirimnya. dibilang makasih cuman dijawab hem doang sambil mlengos, ga sopan. bisanya sama yang lain sopan-sopan aja. adain penilaian buat yang nganternya dong",2026-02-26 10:39:53,playstore
f638f9c9-505c-4a3b-96d2-116900e56ceb,aplikasi nya sangat membantu jadi kalo butuh apa apa ga harus ke alfamart langsung,2026-02-26 08:53:45,playstore
d102077c-8015-4dd9-9aa9-9dbfa2591b7f,sudah bagus sebetul nya.. cuma sayang ga bisa pesen rokok,2026-02-26 06:31:45,playstore
8409c0cd-c478-4cf0-81d1-fb82946e0154,pengiriman lama di chat ga responsif padahal dulu pling 15mnt doabg sampe,2026-02-26 06:03:10,playstore
98ce16b3-ad07-4597-87ec-34bcd03ad73f,Aku Suka Aplikasi Alfagift - Belanja Groceries by Alfagift!,2026-02-26 05:14:22,playstore
ce591a07-175e-473a-9b49-53f6c257eab8,ok,2026-02-26 03:36:58,playstore
4389b96b-8504-4abd-b889-14d5a6c29d68,pengiriman sering ngaret melebihi estimasi maksimal jam kirim . di chat juga ga responsif !!!!!!!!!,2026-02-26 03:29:33,playstore
86457e70-361f-456d-9829-1ac5eb359891,"aplikasi jelek banget lemot dikit"" muter, padahal jaringan bagus buka apk lain juga lancar",2026-02-26 03:28:49,playstore
15abefb8-8d52-40f3-b4da-841ecde88f39,Belanja dengan aman dan nyaman dengan pelayanan orima,2026-02-26 02:45:00,playstore
a2f726e5-c0c4-451b-b35d-48367620a3b1,karyawan menghina dan mengeluh dimedsos karna mengirim pesanan pelanggan. pengiriman ngaret hingga 6 jam.,2026-02-26 01:57:25,playstore
10704a33-76d6-45e4-a80a-318818be2810,apk bagus,2026-02-25 22:41:06,playstore
7a4dde7d-dbcb-4d7d-a342-cae8d86d374b,"aplikasi terasa berat saat dibuka, menunggu lama untuk menampilkan isi halaman. hanya buang² waktu untuk menggunakannya aplikasi ini. buatlah aplikasi yang ringan dan mudah dipakai. hargai waktu orang maka aplikasi ini akan berharga....",2026-02-25 22:20:09,playstore
3265a003-324a-4b7f-bf98-5a24d3364648,hapus aja aplikasi nya ini dari program Alfamart klo stok ga pernah di update .. masa hampir 2 Minggu stok le mineral galon kosong terus !!,2026-02-25 21:34:55,playstore
daa07e97-4b4a-43b1-a8ca-baf517397133,terbaik,2026-02-25 17:54:09,playstore
5e8fba89-311a-4982-bb31-ac33308eff03,beli saldo dana pakai paylater gagal. saldo sudah kelong. . tapi belum di kembalikan. makin gajelas ini aplikasi,2026-02-25 17:25:02,playstore
ed8b41f2-5aed-493c-bc3c-54b148009462,bagus,2026-02-25 16:41:19,playstore
ffa812a7-39f4-45c4-9f7a-d916b632d864,masa sini tuker poin barang ga datang hilang dong poin sia sia,2026-02-25 16:39:15,playstore
a4cafe19-f48e-456f-85c9-4f1231be1152,sukaa bangettt dan aplikasi ini membantu sekali apalagi dengan saya anak gen z yang cinta promooo bisa cek dulu di aplikasi,2026-02-25 16:36:46,playstore
97191f63-49d1-4770-8eae-cb2206b5c5f5,"sebenernya enak aja tanpa minimal belanja bisa diantar gratis, banyak promo juga tapi pengirimannya kadang bener² lama bgt, pesan jam 9 pagi diantar jam set 11 malam ganggu orang lg istirahat aja. Kalo lebih dari jam 9 malam lebih baik diantar besok saja.",2026-02-25 15:33:53,playstore
a6a37c1e-805f-45d3-9fb3-540890694c2a,adakan payment qris,2026-02-25 15:06:48,playstore
2c21dd40-0493-4f1f-8b46-b50869fe55bf,"tolong diperbaiki. di perangkat saya tidak bisa maauk ke beranda, stuck di syarat dan ketentuan yg terus loading.",2026-02-25 14:54:27,playstore
b6815936-6710-4c14-aee1-dc4746f59038,"estimasi waktu tidak sesuai , saya menunggu pesanan saya 2 jam padahal tertera di sistem itu dikirim 1 jam setelah pembayaran",2026-02-25 14:06:51,playstore
cc50f54b-e14d-43dd-82f4-3ec66dc3d114,"pengiriman d toko lambat ,dan banyak alasan",2026-02-25 13:29:04,playstore
854c674f-ebe1-431b-8f6b-f5ac34c6c646,"pesan maximal pengantaran 1 jam setelah co , 3jam baru sampai, kode toko 0777 jogja",2026-02-25 13:27:54,playstore
bc4ab4b4-1a5b-4cf5-a90b-6ede3ab25278,terbaik sih,2026-02-25 13:24:02,playstore
3fb5e3fe-2350-4c05-bc5a-ba262192a6a6,"aplikasinya aduhh rada-rada mana udh kgk bisa ganti toko (klo semisalnya di toko cabang A stok abis, minimal bgt bisa pindah ke cabang lain), ditambah gabisa ganti metode pembayaran, kadang klo lg awalnya bayar dr e-wallet kgk bisa mau pindah ke cash aja malah ga bisa di ganti metodenya mau ga mau nunggu sampe 60 menit, hadehhh, kdang klo lg urgent bgt jdnya bikin kesel😭😭, di kembangin lg deh alfa, pdhal aplikasi nya bagus gampang di pahamin",2026-02-25 13:23:15,playstore
eb5cea93-895c-4b3c-ad19-d5fd4e1105ac,"LAMBAT!! Saya pesan pengantaran maks 1 jam, dan sampai 2 jam lebih belum diantar dengan alasan banyak pesanan lain juga. Sedangkan saat saya ingin pengembalian dana, tidak bisa dilakukan karena pesanan sudah dalam PROSES PENGIRIMAN. LICIK kalian. Jika memang 1 toko tidak bisa handle semuanya, munculkan opsi ""pilih toko"" bagi pelanggan!!",2026-02-25 12:55:39,playstore
9e8bde94-7660-48a7-93e1-1bab45fd465a,belanja d sni barang yg d krim Krang gk sesuk pesanan,2026-02-25 10:20:45,playstore
2d449154-dc8e-4e5d-822d-6c81e05fd456,"hati hati kalo bayar di kasir misal tawarin member alfa ga usah dikasih aja. mending pake struk. karena kadang hasil belanja kita yang katanya masuk ke alfagift member tapi ga masuk. lalu harga saat tertera di tag holder barang sama saat dikasir beda. terutama yang harga jual sedang promo"" .",2026-02-25 10:15:00,playstore
ade7ec56-3a88-4a80-978d-118372970a47,"Aplikasi keluar dan terblokir dg alasan permintaan sendiri , pdhl nggk ada yg minta di nonaktifkan, waktu hubungin CS alasannya Data tidak sesuai dan harus ngasih Foto KTP , anehnya knp harus foto KTP kan nggak ada fitur Finansial nya , nggk ada paylater nggak ada saldo juga , cuma mau di buka blokir tapi harus NLP Cs dll , tapi ttp nggak hasil tetap hrus ada KTP , akhirnya nggak mau pake lagi karena takut . kalau ada barang kurang yg di kirim Chat Cs nya pun lama balasnya . bikin kecewa aja",2026-02-25 10:05:41,playstore
b8c8b976-99e8-4d89-a8a8-ca0260d20991,Sekarang jadi lemot banget app nya,2026-02-25 09:44:06,playstore
ea11211b-d290-4621-a74f-2842f1621e06,"g worth it, tak kira bakal cepet, ternyata lamaaaaa pengirimannya",2026-02-25 08:43:12,playstore
06cf0810-1ffe-42b2-9715-670e4c4625e7,Pengalaman saya setelah menggunakan alfagift selama 6 bulan itu saya merasa kurang puas atas pelayanannya yang lama pada saat melakukan pemesanan kopi (pdhl jaraknya bisa di katakan dekat) walaupun ada bnyak promo² menariknya seperti flashsale.,2026-02-25 08:38:11,playstore
f10ccf67-3ebd-4429-9ee8-b9ba3e638215,mantap sdh bisa splater,2026-02-25 08:26:53,playstore
a2dba91a-10e1-4f6c-9870-e9e63bcfda5c,pengiriman estimasi satu jam tapi di Krim nya Berjam jam makin hari makin parah ni apk ngga sesuai respon nya juga ngga ada muak ih,2026-02-25 08:13:41,playstore
07bba5ea-6c36-4c74-924d-eec6aee2364c,pengembalian dana nya lama! pdhl saldo sudah terpotong. harus nya klo transaksi gagal itu saldo jgan ikut kepotong!,2026-02-25 08:03:38,playstore
f29169e0-58e5-447c-82ad-b2f86de78068,bisa ga kalo udah lama dibuka gausah dikeluarin sendiri? mana kadang dpt free malah ga dikasih sama pihak yg ngambil lagi,2026-02-25 08:01:06,playstore
b7e7c019-edd8-4ba3-b59e-6336d0dc0b3f,"Selalu lamaaaaa banget pengirimannya saya pesen jam berapa datang jam berapa, saat barang mau digunakan urgent tapi malah lelet pengirimannya, chat juga lama di respon...bayangin aja saya pesen jam 11 datang jam 3 sore UDAH GILAK KAN? BENER BENER GA REKOMEN NIH APLIKASI...MENDINGAN BELI ONLINE LAIN JANGAN DISINI, IKLANNYA ANTER SAT SET DENGAN ALFAGIFT HALAAAHH PRETTT LELET LAMA CHAT GA DI RESPON...PERBAIKIN DEH ATAU KEBURU BANYAK GA MAKE KRNA LAMA‼️‼️‼️‼️",2026-02-25 05:36:44,playstore
cae3b3ee-bf9c-4e28-aa6a-209551d5d452,harus bayar 50 kalo keatas,2026-02-25 04:59:00,playstore
3d6347ea-7198-4697-abfc-4bfe6ba572bf,"aplikasi paling butut, lemot dan sering crash. isi keranjang mendadak hilang",2026-02-25 04:09:52,playstore
eed9618b-bd99-4c25-b052-e41449229b8e,sudah 1 tahun lebih belanja di Alfamart setiap pembelian selalu pakai member tapi A point tidak bertambah,2026-02-25 03:19:37,playstore
c9c611ee-044f-4e37-82d8-651257de6638,Pelayanan Lemot Banget respon lama padahal cuma beda titik ga di anterin malah di batalin.. beda sama kurir shopee & olshop lainnya.. alfakurir mengecewakan .. bahaya buat yang Urgent Gak bisa di andelin,2026-02-25 02:06:01,playstore
9926676f-2947-41c6-9564-9e0900c7d9e3,Banyak transaksi yg seharusnya dapat Star tapi malah dapat nya stamp. Gak adil. Saran saya terus berbenah.,2026-02-24 22:50:34,playstore
86718d5e-9657-476c-9309-6478f872bc6c,"aplikasi ini bikin mudah banget untuk belanja kebutuhan sehari² tanpa harus keluar dan tanpa bayar ongkir, tapii keluhan aku cma 1 kalo misal aku udah masukin semua barang yang mau di co include produk tebus murah dan masuk ke laman metode pembayaran tuh gabisa balik lagi, sedangkan aku kadang kelupaan masukin voucher (alfagift voucher). kirain pas kembali bakal tetep ada semua produknya di keranjang ini malah hilang semua dan produk tertentu jadi habis stock padahal baru beberapa menit doang",2026-02-24 21:45:10,playstore
ac9bf872-d522-4a76-a34f-c931908217e9,"mantap pokonya belanja di alfagift, ga perlu keluar rumah ada yg anterin gratis ongkir lagi. semoga sukses selalu ya aamiin",2026-02-24 19:11:06,playstore
b1768f15-7ad5-42f2-aa73-137d9e312757,mau checkout malah promo berubah.. promo scam🤣,2026-02-24 16:57:51,playstore
b4861a60-de27-42e6-a320-6724ab596bbe,"TIDAK JUJUR DAN TIDAK BERTANGGUNG JAWAB, karena saya pesan banyak barang kurang sudah dihubungi katanya besok dianter sampe sekarang tidak juga dianter padahal sudah di chat melalui aplikasi. Jika dia tidak percaya kalo pesanan kami kurang bisa dia cek lewat cctv dan dia juga pas ngantar ada bilang mama lemon kurang satu nanti saya anter besok, gak juga di antar kalo yang lain dia gak percaya setidaknya mama lemon saja yang diantar.",2026-02-24 06:56:33,playstore
6fb12ef3-d806-4d1a-a4e1-38cf0fa7f196,Applikasi...Joss lanjutkan sampe ada fitur pembayaran + top up,2026-02-24 06:29:23,playstore
259e61e1-646f-49a0-aa10-6ef6e987bd5a,saya belanja sama Alfamart sudah 15 tahun,2026-02-24 05:57:58,playstore
60bed386-38cf-442a-82b0-e0559f8590a5,belanja sangat memuaskan,2026-02-24 05:30:28,playstore
6797532c-34e5-4a60-b3bd-83437eeab2cb,pengiriman sering tertunda pdhl saya pilih pengiriman max 1 jam setelah pembayaran. Kerika di komplin malah ngegas di karyawan itu wkwk,2026-02-24 05:18:29,playstore
f68fe7dc-863d-439d-8e7b-4f994db86e85,mantaaap,2026-02-24 05:14:46,playstore
ecada3b1-d711-4f02-b6cd-59e6c796785e,"baik, informatif, mempermudah customer jika ingin belanja, hanya saja untuk no hp tidak bisa di-update mungkin bisa dikembangkan krn alasan kehilangan no hp (hangus/hp hilang/dll) masih terjadi",2026-02-24 05:12:36,playstore
bc5d8db5-8de0-42c4-9076-66f831d168a6,"karyawan nya ramah, terus murah juga produk nya . makasih.",2026-02-24 05:10:22,playstore
6c72b410-6fc1-4967-ae6c-36ed5a3bedc6,"kemarin pas tanggal 14 februari gw pesen 5 produk disini dan yg dateng cuma 3 produk, dan itu udah dibayar duluan. bukan COD, gw udh ngechat alfanya udh ngespam chat juga tp slow respon, malah cuma ditanya itu ""ats nama siapa kk pesanan tgl brp"" udh gw bales tp ga ada balesan lagi dari alfa itu, nominalnya emang dikit sih total 108.800, tp gw kecewa aja, knp bisa setledor itu dan malah ga ada tindakan berlanjut",2026-02-24 00:53:00,playstore
3fe62e16-8833-4b95-82ca-cc4508b57eab,"sumpah jahat bgt ya :( aku lgi sakit udh balas cepet ngambil buru"" kebawah buat ambil obatnya sampe keliyengan, ditunggu lama nahan kedinginan malah dibalikin ke tokonya pdhl ga dibalas semenit doang, pdhl mesen di sini Krn ga kuat keluar Krn saking sakitnya malah diginiin, sakit sendiri di kos pdhl ga kasian apa ya :(((",2026-02-23 14:39:38,playstore
49bdabd8-2271-438c-b881-aa1e249d3128,Sering logout mana sering lupa sandi untung masih bisa login pake email soalnya nomernya udah gada tapi sekarang udh ga bisa login pake email lagi tolong dong adain lgi opsi riset pasword pake email,2026-02-23 13:53:33,playstore
1977d452-3209-4d2c-af5a-b99481811357,"mending pakek ini daripada yg biru, murce, cepet, ujan² jg dibelain kirim, minus toko offlinenya aja, sering gak dapet nota, sering ketemu kasir judes, sering beda harga, enak beli lewat alfagift langsung",2026-02-23 13:22:44,playstore
1d867f54-7c17-4c0d-be87-52e713ce87d1,Padahal sering trx..tp poin gak masuk²,2026-02-23 12:09:08,playstore
18b34765-b171-40ce-942b-04ccd5039bb8,Pengiriman lama padahal deket,2026-02-23 11:32:56,playstore
8e418ac7-4a32-4cbd-b863-def0a5ff53df,"prosedur refund ribet. 3x pesanan dibatalkan toko karna produk expired. utk refund tidak ada opsi mengisi nomor rekening kita, diminta ngisi no rek tapi tidak bisa mengisi karna tdk ada menu utk mengisi no rek, alhasil uang hangus tdk kembali",2026-02-23 11:32:32,playstore
369326d0-3643-442c-99f1-b3a9afed4ef9,bagus,2026-02-23 10:51:44,playstore
47c5dd2d-47a5-4b8b-bf60-de8e1e5290fc,Di daerah saya delivery nya tidak responsif. Stok barang tidak lengkap juga tidak update. Seperti gas misalnya. Admin toko tidak responsif seperti aplikasi toko sebelah Indoapril. Mungkin karena tidak terpusat dan tidak punya ekspedisi sendiri seperti Indoapril. Delivery lama sekali. Meleset jauh dari estimasi padahal jarak toko nggak nyampai 1 km.,2026-02-23 10:31:00,playstore
ce603ab3-3c66-491f-998c-d574978e31fa,"saya sering belanja di alfagift kenapa pesanan saya dibatalkan padahal saya sudah bayar,dan uang saya belum dikembalikan juga",2026-02-23 08:53:20,playstore
e98ff037-4d44-4b97-99db-9b7354cabd2b,"Pengiriman nya terlalu lama, baik ditingkatkan pengiriman nya biar customer tidak terlalu lama menunggu",2026-02-23 07:40:43,playstore
a17a6151-2080-4ea9-bdfe-40b34474d842,proses pengembalikan dana nya lambat.saya top up karna butuh dana cepat.tolong sistem pengembalikan dana nya di proses secepat nya,2026-02-23 07:14:23,playstore
026c35cc-142b-481e-a5a4-a30572af84ee,"ruko dot com ga usah ada sapa, ga becus kerjanya. SLA 1 jam, sudah beberapa kali lewat dari SLA. kalau tidak bisa komitmen, ga usah kerja, di luar sana masih banyak yang bisa gantiin posisi kalian.",2026-02-23 07:12:21,playstore
78f8b872-7b58-4e27-80f5-ca004a436c44,sesi anda telah berakhir,2026-02-23 06:15:49,playstore
daf5849c-bb05-478f-92a0-e34618ad008b,"terlalu banyak notifikasi promosi dalam 1 jam bisa sampai 3x, itu ganggu.",2026-02-23 06:14:15,playstore
26a51cae-1358-4de9-b74e-6fc31f761fa4,"pengiriman super lambat super lama, pesan dari jam 7 pagi seharian gak di antar antar tapi status nya sudah diterima, parah ya pegawai alfamart sumpah gak niat kerja gimana, kinerja makin hari semakin buruk dalam pengiriman",2026-02-23 05:23:30,playstore
7cfd8459-7bdf-4cd7-b324-e8c8bb1e6630,kenapa nominal top up e-wallet berubah-ubah jadi harus bolak balik top up untuk nominal besar,2026-02-23 05:15:31,playstore
66914a8e-132d-4da5-9582-ac882fe00144,"Parah sih sudah bertahun² setia dgn Alfa gift sampai ganti kartu,sampai pakai app. sudah barapa kali juga ini dikecewakan perihal stok dan pengiriman.chat pun diabaikan,dan paling parahnya lagi enggak belanja 2-3hari aja. yg dari crazy rich jadi BESTie cuiiiii. apa kau rasa!!??? belanja banyak voucher tidak dapat digunakan. le mineral stock selalu kosong. padahal gak mungkin kami gak kasih tanda terimakasih buat mereka. tp bagusnya belanja 20k itu dilayan. enggak enaknya ya itu.sering kosong.",2026-02-23 04:39:35,playstore
c8067e3c-aab5-4fca-b868-c824439e1544,pengiriman selalu terlambat,2026-02-23 04:31:56,playstore
7d5ab64f-127f-4fc3-b69f-5034f9d88b83,"lama banget pengiriman nya! sekiranya membuka layanan pengiriman, harusnya dimaksimalkan juga armadanya!!",2026-02-23 03:49:27,playstore
0066efa8-d138-432d-9317-6d82989ed835,pengiriman lama,2026-02-23 03:48:42,playstore
7636393e-719c-4bd4-98d0-40d525ff6295,CS terburuk saya mau refund dana di persulit,2026-02-23 03:45:17,playstore
e67bdb90-fe4f-4880-aed5-c0973f2848e1,bagus,2026-02-23 03:30:26,playstore
634c1703-f0cd-44a7-9ced-f1e02d7f9243,"setelah dapat update, aplikasinya ga bisa dibuka dan ga bisa masuk ke menunya, selalu keluar dan balik ke home HPnya",2026-02-23 01:52:38,playstore
551e96eb-3d8e-4fbc-acc4-17d43593fa49,di-update malah jadi lemot banget apknya,2026-02-23 01:43:57,playstore
2d76c911-eb50-4578-8a8d-b539cfccedda,kenapa hari ini dengan alfagift😔mau belanja malah gangguan,2026-02-23 01:40:38,playstore
d971e4b5-5c1b-4222-b642-fe097553444d,knp aplikasi ku tak bisa terbuka?,2026-02-23 01:35:21,playstore
04662070-929e-4b89-8ec2-feb30772b0a5,kenapa saya tidak bisa buka alfagif kak..apa lgi gangguan..Bru mau cekout eh keluar2 sendiri dri aplikasi nya. mau masuk lgi GK bisa akhire saya hapus saya download lagi tetep GK bisa masuk kenapa ya..nnti saya perbaruin bintangnya kalau sudah pulih trimakasih 🙏🏻,2026-02-23 01:32:17,playstore
82328144-6752-4205-a78b-49853ac61cb8,"di hp Oppo tipe A5s nge bug tolong di perbaiki, tiba tiba ga bisa di buka.",2026-02-23 01:31:45,playstore
644113df-02e2-47b8-9a2b-a557405ce1a5,"ngelag kali aplikasi nya, padahal ku coba buka apk lain kek youtube tiktok dan lain lain lancar aja tapi aplikasi alfagift ini malah ngelag, sekarang malah kadang nge lag kadang gak bisa dibuka aplikasi alfagift nya padahal aplikasi lain lancar aja nya",2026-02-23 01:03:32,playstore
121b9ae4-f06d-4848-94ba-54170b582486,tidak bisa masuk aplikasi,2026-02-23 01:03:28,playstore
8571ba32-46aa-4dcc-98fb-a9455ff13165,"pengiriman lama padahal sudah pesan pengiriman cepat, saya kira akan lebih cepat nyatanya lebih dari 2 jam pesanan juga tidak bisa dibatalkan sebelum membeli juga tertera ""pesanan akan sampai sebelum jam 9"" nyatanya pesanan sampai jam 10 lebih, saya pesan dari jam setengah 8 lho",2026-02-23 00:53:38,playstore
e29bae52-e7e5-4f81-b6be-2be2f501a65f,"aplikasi tidak bisa dibuka, kualitas juga gak bisa menyaingi retail klik sebelah. saran saya sih upgrade lgi dri segi fitur & fungsi biar user makin nyaman",2026-02-23 00:51:33,playstore
a21b3225-b4db-498c-ab85-04a13cea2a05,"parah banget mesen barang sampe satu hari ga sampe"" niat jualan ga sih minimal klo emang gamau di anter cancel kek ini gak",2026-02-23 00:41:47,playstore
0130cc46-ef9e-45eb-8951-faf2c33500fb,Belanja puas harga pas,2026-02-23 00:39:19,playstore
dc9f1de2-5122-483e-b697-5c2c1a3bcd86,sering crash akhir2 ini. tolong segera di update ya.. aplikasi ini sangat bermanfaat,2026-02-23 00:35:08,playstore
8a0080c6-000a-4513-98dd-cfd8c5f309f0,"udah pesan barang tidak sampai, aplikasi tidak bisa dibuka",2026-02-23 00:30:45,playstore
3d6df015-e091-4c83-bec9-b9467e97426c,mudah berbelanja d agagift,2026-02-22 23:42:24,playstore
30d59b38-0a92-4e84-a168-619113180c72,"Aneh sekali penukaran point harusnya pakai barcode tp tanpa pakai barcode pun point saya bisa ditukara sama orang lain dan member saya bisa dipake sampe 2 orang yg orang nya saya ga tau siapa dan lain kota pula,yg membingungkan katanya kalau tukar poiny harus di barcode pakai hp saya nah ini tanpa hp saya point saya habis kepotong dipakai orang lain.",2026-02-22 23:22:30,playstore
0c8a425d-a9f1-48f3-920c-c760398f8fbf,g pernah di kasih struk.. bilangnya struk masuk aplikasi.. pas minta struk fisik gak di kasih.. alesannya harus pakai hp.. sedangkan hp GK ada aplikasinya.. males instal app gak begitu berguna,2026-02-22 23:20:28,playstore
08659a7d-4232-4601-895c-aef3e8e7dff3,kenapa sering logout sendiri sih? mana no hp ga bisa di ubah. ada solusi ga sih.,2026-02-22 23:04:25,playstore
79eb7791-b7df-4705-872f-5ea8b89ef0c4,aplikasi rusak ni GK bisa di buka,2026-02-22 21:49:55,playstore
bd1f2b0b-1657-48fd-9833-5cc1f855f39a,"Aplikasi jangan update tampilan terus malah membingungkan,,, update klo lebih simple dan enak digunakan lebih baik ini malah menyusahkan",2026-02-22 18:07:15,playstore
804efa30-427a-4704-aee9-de96946373a1,"pengiriman lama, chat gak dibalas pengiriman tertunda tidak ada kejelasan",2026-02-22 14:42:37,playstore
a6f4cdc1-748a-427d-b46b-0eca1ce90b20,perbaiki pelayanan kurir nya. udh 3 jam lebih gak di anterin sampe sekarang. alasan terkendala pesanan..,2026-02-22 14:29:24,playstore
f8d76f15-a6ab-40d9-b6a9-ae3ab0483cab,admin tidak ramah,2026-02-22 14:27:58,playstore
c1c1a6b5-8388-4dbf-9a93-e099bfd4dda3,pengirimannya lama bgt,2026-02-22 14:26:16,playstore
baa7ac6e-b26f-43aa-b0f2-578e0bf20488,Pengiriman nya lama bangettt,2026-02-22 13:51:17,playstore
628af9ac-42c8-4e76-848b-2b343a3b0382,"sangat kecewa, belanja di batalkan sistem tapi uang tdk di kembalikan lebih dari 3 hari.... alfamart gubug Grobogan sangat jelek pelayanan nya tdk ada tanggung jawab nya",2026-02-22 13:36:37,playstore
e65d0e7a-6d2b-4ba9-a7c7-1bd08605ce63,Yang bener aja harga pulsa di Alfagift pulsa 100.000 harga Rp 105.200? harganya udah ngalahin harga konter ini... :/,2026-02-22 13:22:48,playstore
6ab217d0-fc46-48d3-96ea-df490bfefdac,"pengiriman lelet, retur dana lamaa prosesnyee",2026-02-22 11:56:42,playstore
fbdd708d-efe4-416e-8aa9-2dce1dce0ed8,udah mesen dari jam 12 siang sampai malam pun ga ada datang kacau karyawannya pemalas semua,2026-02-22 11:56:26,playstore
1e5ab1ec-eba3-40ff-9357-e90a98a09236,tempat belanja recommended,2026-02-22 11:55:43,playstore
c67e8819-b480-41b5-98c6-880e61081859,kenapa pilihan top Up DANA dihilangkan.?,2026-02-22 11:24:16,playstore
d082cd8b-312c-4f1e-bbef-3f85a5c8d7d9,"belanja nyaman, di Alfamart aja.",2026-02-22 11:11:32,playstore
3382dd4c-c5cc-4965-bf8c-543101671ffe,mantap,2026-02-22 10:55:31,playstore
2952723b-f96b-41f4-9030-51880c7659ca,layanan sangat baik,2026-02-22 10:24:50,playstore
2a10621a-02cd-4532-8378-1ccb7cc0cc30,udah pilih pengiriman 1 jam setelah pembayaran.. malah berjam2 gk sampe2.. niat pake ni aplikasi biar simple malah bikin susah.. mengecewakan,2026-02-22 10:00:54,playstore
727a17d7-c335-4357-b959-16beef75781e,"lama bgt pengantarannya, pdhl sy milih 1 jam stlh pembayaran, tpi bisa smape 2-4 jam lebih sy nunggu",2026-02-22 07:07:11,playstore
3dcda175-2fcb-4115-96ba-ea5fddfbb6f3,"luaaaaamaa pengirimannya, alasannya toko lagi rame.. mending klo ga punya team delivery mending ga usah buat layanan delivery",2026-02-22 07:04:22,playstore
a9e752e4-0436-49a4-94fa-0ad3e2b6a4b1,"pesanan saya udah 3 hari belum dikirim padahal pesanan saya pengiriman instan, sudah di chat tapi gak ada balasan",2026-02-22 06:18:32,playstore
2bc6c216-cd33-478e-b1e8-600c39776eed,pengiriman lama. udah milih maksimal 1 jam setelah pembayaran padahal. misal load lagi penuh harusnya dari awal pilihan maksimal 1 jam itu dihilangkan. jangan udah order dan bayar baru ada notif pengiriman terlambat.,2026-02-22 06:09:29,playstore
9ae4710a-b4d6-4359-9aa1-08210cf6e5ac,pesanan tidak bisa dibatalkan kalau kesalahan ada di pihak pengantar.. dan kurir yang bertugas juga terlalu lambat.. gak guna aplikasi ini. lebih baik jemput sendiri,2026-02-22 05:35:41,playstore
0b8f2413-cdec-49a8-839b-be30ad0513de,Bintang 4,2026-02-22 05:30:59,playstore
bf0d2724-9d41-4791-9c6e-0434e160906e,kak ini aku baru download aplikasinya alfagift tp sya punya membernya sdah 2 Thun lbih knp setiap blanja poin sy TDK nambah tetep poin yg dlu sekarang2 blnja GK pernah masuk poinnya itu gmn ya ?? ini baru aj aku transaksi di almart tp di riwayat transaksi GK masuk,2026-02-22 05:20:54,playstore
cae0e987-a4c5-4a14-b114-6d6e933f2dd6,Mau daftar koq syarat banyak ya. Kirain cukup nama dan nomer hape aja. Jadi mundur lagi.,2026-02-22 04:36:27,playstore
b69aadaa-9bf7-4b31-8976-d2919db7d0a8,"sungkem dulu deh sama aplikasi ini, ngasi promo nya ga ngotak. popok bayi yg biasa saya beli 46ribuan, disini cuma 25.900. 🙏🙏🙏",2026-02-22 01:34:22,playstore
4f55d6fa-062b-4e73-9821-dd4859d546b6,"apalikasi ga guna mau redem ga bisa,malah bikin malu ga bisa dbpakai",2026-02-22 01:00:41,playstore
3a00c85d-50e0-491e-a7c2-ecdfcb03cf6b,"tambah alamat nya ribet, mencantumkan alamat selalu tidak tercover",2026-02-22 00:59:11,playstore
557870c5-c560-44ea-84c2-7acf55d170d0,"apk sama kurir ga singkron,di e receipt tertulis dikirim max 21 feb 2021 jam 20:00 di kurir nya bisanya besok,tau gitu gausah beli di sini hedeh,mending di apk sebelah,klo butuh bukti juga ada",2026-02-21 16:45:01,playstore
4a785439-9fa9-48e8-aa11-d01710be268f,"beli barang 2 jam belum dikirim, padahal sudah lunas, menghubungi CS malah gak nyambung obrolannya",2026-02-21 14:03:05,playstore
960755e0-f47d-4506-8072-5ec2e7cf4e08,"Driver kirimnya lama banget di aplikasi Hanya satu jam tapi sampainya 3.50 jam, yakali jarak deket di anternya selama itu",2026-02-21 13:53:39,playstore
ab5c36c1-df26-4475-9a1e-1c2846a72421,"jelek banget aplikasinya, customer service nya AI, ga bisa diajak bicara",2026-02-21 12:36:47,playstore
2c39ec26-0d6c-4856-9333-908cdcb09030,"Alfagif skrg lemot, untuk apa estimasi waktu jika dikirim selalu melebihi jadwal, gak jelas sekali, bobrok pelayanannya, kecewa",2026-02-21 12:16:03,playstore
47d803ff-fa89-4551-9744-f0aa3a479d8e,"selama pakai aplikasi ini ok sih buat belanja, cuma baru kemarin cobain alfagift belanja yg online nya malah g d antar sama sekali , minta refund pun ga bisa",2026-02-21 11:37:45,playstore
ba786771-0e48-43a9-bae7-6eac85db1e08,aplikasi terlalu berat.,2026-02-21 10:42:35,playstore
f4958604-ab1a-4468-86a6-7302a9d4545e,udah 2 kali dapat pengiriman lama.. padahal lg butuh..ada pengiriman hingga 4 jam dan juga hampir 2 jam.,2026-02-21 10:33:54,playstore
34e47d78-0f09-452d-addc-d98e6a34d403,"kenapa yaa sekarang alfagift lokasi tokonya jauh2 dan proses pengirimannya jadi melambat, dichat box juga selalu online tapi dichat cuma centang 1, padahal dulu ambil lokasi toko alfa terdekat dan selalu cepat dalam pengiriman. Tolong kembalikan pelayanan alfagift yang dulu",2026-02-21 09:55:04,playstore
2f29669b-8864-45bb-8eee-97e71c1702d0,kenapa pelayanan nya lambat banget yaaa tolong klo ada yg order respon nya yg bagus,2026-02-21 08:23:08,playstore
563e6191-5550-4e7f-b2b7-fc0b3f25c011,"payah pengantaran lama sekali yg di daerah Harapan Jaya. dihapus saja aplikasi nya. maaf sdh sering kali TDK sesuai waktu yg diminta. dalihnya load pengiriman banyak, padahal kalau disamperin, gak banyak2 amat ya. payah Alfagift mengecewakan.",2026-02-21 06:44:29,playstore
0a2df056-f8e7-4e55-9ba9-7e7198e4a5a5,pengiriman tepat waktu,2026-02-21 06:25:30,playstore
9e419be1-2458-4380-85e2-a998fe1e15d1,"lemot tidak recomend, nyari toko aja ga sesuai titik nya , kadang ga muncul !!",2026-02-21 05:47:11,playstore
c72b9bcd-9f17-462f-9675-e2c07c0329f0,"aplikasi berat dan lelet,buka aja 10 menit ga kebuka buka..",2026-02-21 05:30:15,playstore
f39fdec4-c326-4c61-8245-76515fab8bd0,"Adminnya online tp tidak di bls chatnya, pengiriman lama ditanya kpn tp cuma dibaca saja",2026-02-21 05:02:31,playstore
3c1b27b3-6ef6-4804-9ca6-e004d58c8af2,"Tambahkan pembayaran via BRI dong, masak banknya Mandiri dan BCA doang.",2026-02-21 04:15:53,playstore
85dde105-aa32-43f8-84ad-b5ccea7c7400,Lumayan,2026-02-21 02:26:18,playstore
c603ad00-7d3a-411f-80c8-dab56af16279,TIDAK USAH BUAT NOTE KLO TIDAK DILAKUKAN SEUSAI INSTRUKSI..,2026-02-21 02:19:19,playstore
ecab0811-04b6-431e-bfce-eb569556f845,"belanjaan tidak masuk di tas belanjaan tapi di hitung \ bayar ,ini tidak sekali 2 kali",2026-02-21 01:04:28,playstore
5d58fdc6-b27b-4a52-aa43-be6a836f5dc6,tambahkan opsi pembayaran qris dong,2026-02-21 00:40:35,playstore
7b350b79-5fe6-40cf-9912-e3c40356a5b2,Suka gak kebagian kaota sdkit bgt dan kalo pas dpt vocher barang gratis vochernya suka hilang padahal blom di pke dan gk balik sebel bgt padahal coba cek stok toko gk da,2026-02-20 15:13:14,playstore
ea7a7bd7-057d-4d36-bf49-8b211fb0bcd3,makin ksni makin lama pengiriman. coba bisa milih lokasi alfamart .,2026-02-20 15:02:40,playstore
117cb7a5-c308-480b-954d-c627cc4cb8f8,yang tadinya pesanan sedang di kirimkan ehh status nya langsung berubah suruh mengunggu,2026-02-20 14:07:15,playstore
c4e10aaf-2052-47a4-b2ae-5c65d763fd10,"selalu gercep, barang komplit datang nya dan ramah2 mas yg antar",2026-02-20 13:23:20,playstore
c97f6b99-0f73-4425-af5f-d3d0cbc3caf0,"pelayanan Alfamart nya parah, pesen jam 5 sore pengiriman instant baru dikirim besok, padahal ada pesan bahan pokok, dan galon mineral suruh nunggu besok, males bgt Alfamart nya. terus buat apa pengiriman instan",2026-02-20 12:59:56,playstore
51e25e2f-a891-42da-9c58-b209326b3857,pengiriman lambat!!! pesen kapan diantar kapan 👎🏻,2026-02-20 12:05:02,playstore
26d826fd-4a55-4f1b-971a-fa209584fe99,"sangat membantu sekali, terutama untuk anak kost yang jarang banget megang cash, dan males untuk keluar ke alfa",2026-02-20 11:18:59,playstore
44645766-d1fa-4347-aaa7-9e848097e7b8,"pelanan lama banget, pesan barang udah 5 jam tidak datang, kalau barang habis mending tidak bilamg agar pesanan dibatalkan saja dari pada menunggu lama-lama",2026-02-20 10:38:08,playstore
dd5b361f-e8a4-45a0-a932-d22ab8e099ec,eror 70007 http injector terdeteksi padahal apk nya ga ada aneh,2026-02-20 10:30:56,playstore
78820ea6-5de7-4a30-9ee1-adf29101b99d,"ga bisa buka live,pencet live malah keluar lagi",2026-02-20 10:18:40,playstore
4d1ac7af-3ed7-495a-890b-ad71498e2772,jadi mudah berbelanja wlopun di rumah aja ga perlu keluar jalan jauh 😍,2026-02-20 08:12:43,playstore
ab0684c3-b1a0-4266-9db2-17d8d1fd0688,"udah 7 hari galon vit isi ulang gak tersedia, tapi di platfrom nya masih tersedia. konyol",2026-02-20 07:56:50,playstore
715afee7-6e4e-4d66-a027-ebda2e80e6d8,aku pengguna baru,2026-02-20 07:12:13,playstore
90db2832-1bb3-40ed-b8dd-289053772168,sya sagat senang berbelanja di alfagif,2026-02-20 05:54:50,playstore
ccc00be9-7219-43cb-a0e2-2c063e113863,"tolong dong ini kurir nya kadang ngasih barang yang mau exp, cacat, rusak jadi males pake nya.",2026-02-20 05:53:03,playstore
3361f698-272e-4e71-a065-b06de6c98c97,"banyak promonya, suka belanja di alfamart dan alfagift, tapi kasirnya ngeselin, kasir sragi depan bri pake kacamata, setidaknya kalau gak bisa nolongin lagi buat hotspot bicaranya yang sopan santun, masa custemer dikatain ntar tuman , dibelajari lagi sopan santun kasirnya . seumur umur jadi custemer gak pernah ngriwehin kasir . langsung makjleb dikatain gitu. contoh bilange *maaf buk gak bisa hotspot lagi, lain kali isi kuata hpnya*. eh malah dikatain ntar tuman. bahasa macap apa itu",2026-02-20 05:32:36,playstore
646d2185-ca38-4e6e-b7d4-ed0f74a01ee2,gak tega lagi pakai alfagift. kurir nya dari toko jarak 6 km padahal dekat rumah banyak banget alfamart. kasian abang kurir nya,2026-02-20 03:48:12,playstore
34034d01-0d29-4a87-95ae-70b91040932f,"Hallo kak, saya udh langganan belanja di aplikasi alfagift, praktis, suka ada promo dan pengirimannya jga cepet tapi udah 3 hari ini aku udh mau CO semua belanjaan kok loading lama di metode pembayaran ya kak, aku biasa pake sistem COD. jadi tiap buka aplikasi lg belanjaan yang udh di list hilang. ini gmna ya kak? bisa bantu ga? soalnya udh di upgrade aplikasinya jga masih loading gtu di metode pembayaran padahal seneng bgt belanja disini mohon bantuannya kak, Terimakasih🙏",2026-02-20 03:35:17,playstore
45e2d3a7-90c1-43d4-b0b0-fc76fd260811,"pengiriman produk online nya ga jelas. sudah seminggu tunggu ga sampai2,",2026-02-20 00:48:27,playstore
eef100d1-f106-47de-a8dd-5c7260913895,"lama pengiriman ditunda sampe ber jam"" masa saya disuruh nunggu beras sampe jam 11 malem. katanya sesuai antrian. halah",2026-02-19 15:47:07,playstore
516b12eb-dbbb-4685-8dd7-254f3a303f89,saya batalkan. ribet. gak jadi daftar lah. males.,2026-02-19 15:16:21,playstore
c8bf3250-fb69-4d17-8f99-3e0ac5d36099,"saya pesan dari jam 18.24 galon Aqua, datang jam 11 malam. bayangkan.",2026-02-19 15:11:32,playstore
321e6f02-0951-45ee-9629-8a62e843af37,"kadang pesanan kurang, kadang terlambat nya ga ngotak hadeuh",2026-02-19 13:39:07,playstore
cff2f24c-21f1-4f70-9b7b-9f159943e1cb,"pelayanan nya jelek , lama , yang di warungkiara sukabumi. anak saya sakit panas order kompres demam ama yg lain2 ga di kirim2. gausah pake alfagift ga guna.",2026-02-19 12:47:03,playstore
37157044-a27f-4691-bde5-cab1d6bd05af,"plislah alfagiftttt, notif pesan dari tokonya pasti ga masuk. sedangkan driver toko akhir2 ini sering menghubungi lewat aplikasi, bukan lewat wa. notif pemberitahuan pesanan diproses selalu masuk, tpi kenapa yang toko enggaaaa. saya selalu diprotes sama driver karena ga ada respon, ga mungkin saya selalu buka aplikasi alfagift terus2an. jaringan juga oke ga ada masalah, ga ada pembatasan notifikasi. tolong diperbaiki",2026-02-19 12:35:16,playstore
8d1cadbf-21d8-4c0c-bda7-4c11e57f4a0e,Bagus,2026-02-19 12:17:42,playstore
64f937e0-1d68-43f6-a5b4-7f7118ff1e93,"pesenan saya lama bvt di kirimnya, pesen dari jam 16.00 smpe skrg jam 19.45 blom juga di kirim padahal pake pengiriman maksimal smpe 1jam terus jugaa di chat gda balasan apa apa. tolong dong di percepat gatau apa butuh. msna kalo pengajuan dana lama bgt lgi nunggu nya smpe semingu lebih, jadinya saya bingung nih mau nunggu berapa lama . mohon tu di tindak kurirnya sialan",2026-02-19 11:47:04,playstore
01f96720-4257-4a92-8f5c-24951583d39b,tidak bisa donload,2026-02-19 08:58:16,playstore
33126f96-8438-45c3-9976-168928e927b5,"aplikasi terlalu berat, lebih enteng klik indomaret, saya mau belanja bukan main game GTA VI",2026-02-19 08:50:01,playstore
1849cf09-0858-4cfb-8d62-4b9c2b0995d4,"pengiriman lama, oadahal saya pesen pemesanan instant maksimal 1 jam pengiriman tapi sudah hampir 3 jam belum di kirim2 alfagif daerah palembang sukabangun 1-2",2026-02-19 08:04:44,playstore
ebf0713a-682c-4c24-b7f5-4cec6c961f08,pengiriman lelet barang udh lunas dua hari blm d kirim juga alasan barang numpuk,2026-02-19 07:15:33,playstore
b0244e78-f28e-43f6-b0d9-49fb31aaeb53,"gila ya ini apk saya pesen dari pg sampe sekarang ga di kirim"" terus di cht ga di respon lelet gausa deh pake apk ini ,gatau ya itu barang mau di pake kesell😠😠😠😠😠",2026-02-19 07:08:16,playstore
1f1fec1b-c7a1-45a6-b5b8-4e77df42f76e,"kenapa lelet bgt ini kerjanya yaa Allah,,saya harus nunggu 24 jam lebih belum juga terkirim barang .udh gtu cs nya pke nanya an siapa ,emnk gaa BS keliatan history chat nya .males scroll atau ga bisa kerjaa.tolong yaa DS kemangsari Bekasi kota ,kerjaa donk JANGAN lemooott lelet .ini sy mo ksih parcel puasa buat sodara kl nunggu itu sembako dr Alfa keburu pingsan orang nya gilaaa yaaaa",2026-02-19 06:39:59,playstore
73a7af6f-e468-4161-9fa0-dd5bb0403262,pelayanan pengantarannya sangat buruk. mengubah aturan pengiriman tanpa konfirmasi,2026-02-19 06:31:57,playstore
e027483b-817c-4277-b179-cc7d7531c0e0,senang belanja di sini gratis ongkir dan ada diskon harga,2026-02-19 05:38:01,playstore
bf0e2d51-5e3f-4dd9-a11a-d43dbc4d24c2,Untungya saldo A point nya udah balik lagi,2026-02-19 05:36:57,playstore
28a587f4-c04c-4ddb-86b3-93d008e0871e,"Ribet banget ya mau daftar alfagift, baru 3 kali kirim otp harus balik besok lagi. kapan bisa daftar kalau caranya begini, beda app sebelah lebih gampang. Payah",2026-02-19 05:35:53,playstore
d8d211eb-1fa9-462f-bfe4-17c629387fea,"tidak sesuai dengan sop yang tercantum saya sudah bayar sudah 2 jam pesanan saya tidak juga di kirim dan saya sudah chat outlet nya lewat aplikasi tidak ada respon sama sekali,kecewa si",2026-02-19 05:31:39,playstore
6b7af804-bfa0-4661-a6bd-8cb79d26c095,lol banyak error nya,2026-02-19 05:28:24,playstore
0ae0bc5a-b7e1-4835-b78c-4528892775f4,"Pelayanan sangan buruk , proses pengiriman sangat"" lama dan buruk. pesan dari jam set 9 pagi dan di antar jam 9 malam. aplikasi ini tidak layak untuk pembelanjaan secara online, mempunyai pilihan pengiriman instan namun juga ga ada gunanya pilihan tersebut..",2026-02-19 05:25:23,playstore
698a9cb3-c3ed-411f-ba3c-adcaa45305c3,"stamp saya tidak masuk padahal belanja 400 ribu, laporan juga tidak di tanggapi tolong ya segera tanggapi keluhan saya",2026-02-19 04:50:37,playstore
2d318047-8171-4685-b6c2-9e8a03ee7e14,apakah karyawan alfa yg tidak ada beanspot nya wajib membantu penjualan dengan cara disuruh untuk membeli kopi beanspot setiap hari rabu??? Kalo wajib dengan alasan apa dan apakah peraturan dari pendiri beanspot sendiri atau atasan alfa ?,2026-02-18 22:58:54,playstore
00963e75-fe69-42fc-b3bc-826c3fcbae98,ngisi e wallet aja gak bisa bisa payah,2026-02-18 21:50:41,playstore
611ebf15-2928-4c3f-b84a-589740536052,bug apa gimana si??? mau top up saldo aja gabisa sama sekali heran,2026-02-18 19:30:07,playstore
53f442d3-58a6-44d1-8900-ba8f4c75b735,"saya mesen barang dari jam 2 siang sampai jam 1 malem belum dateng"" astaghfirullah, uangnya juga ga bisa di balikin. kalo ga niat bikin apk mending apus aja ka pliss ini mah",2026-02-18 17:21:57,playstore
5541b857-3559-44e2-b8c9-6d5190ab091f,"sumpahhhhhhhh ngeselin banget alfamart Teras citra, ngasih infonya ngak jelas, ini saya di chat untuk kedua kalinya bahwa mereka telah melakukan return,dan 2 kali juga disuruh nunggu karena barang akan segera di antarkan, mana sudah nunggu dari jam 12:36-21:00 infonya ngak jelas mulu, ya kalau return di return aja, ngapain di infoin barang akan segera dikirim kan😡",2026-02-18 15:30:40,playstore
728ed377-4026-40c2-beac-ac8c18e0911e,"lama, ga lagi beli",2026-02-18 14:53:41,playstore
6754c979-09e6-49ca-ac13-4ab591943f02,Krn saya beli jajanan sampai sekarang blm nyampe dan respon nya lambat bgt parah maaf alfa,2026-02-18 14:20:26,playstore
adf50fc4-71d8-4431-8e70-7104ec89ac34,suka mengambil keputusan sendiri gak bagus layanannya,2026-02-18 13:43:42,playstore
99b7570b-9333-4a1c-b838-a8ab7125448a,bnyak promo,2026-02-18 13:40:06,playstore
b41b8de4-10eb-404f-a23e-4afd2defe2a2,"LAMA!!!! PESEN PAGI NYAMPE BESOKNYA, KALAU GADA KURIR GAUSAH SEDIAIN SISTEM ONLINE",2026-02-18 13:16:47,playstore
cfab76ee-6765-49d5-bc49-d87a62a8f6e3,pesanan dicancel sepihak dari toko dengan alasan diluar coverage. padahal saya pesan online secara otomatis masuk ke toko area itu. tapi refund susah banget.,2026-02-18 13:08:06,playstore
374a8386-f402-43c0-b8a7-6c4dd321c951,"SUMPAH GA BAGUS BGT INI APLIKASI,, PESANAN TIBA"" DI TUNDA,, PESANAN KURANG UDAH GTU PACKINGNYA ASAL... GA LGI"" DEH PAKE APLIKASI INI...",2026-02-18 12:18:24,playstore
caf7c7aa-f952-409c-ba50-62fb7a0b17df,pengantaran lama sekali. bisa 3jam setelah pesan Bru di antar,2026-02-18 11:35:34,playstore
11eb01b9-319e-4c4b-836e-e561976f65cc,membantu bgt ada apk ini. ada diskonnya terus bisa dianter lagi buat kaum mager wkwkwkwk,2026-02-18 11:15:01,playstore
b16e2136-d90b-412a-9b06-c0f7274aca22,"pelayanan nya lama,hari ini aku nyoba bayar wifi pake alfagift karna emang kondisi lagi ga bisa keluar,tpi ternyata gagal di karenakan sedang gangguan, saya coba ajukan pengembalian dana tpi lama banget, duit saya belom kembali juga,tolong dong cepet di balikin duit nya krna emang itu buat bayar wifi lagi.trimakasih.",2026-02-18 10:18:00,playstore
6deee73a-66a8-43f8-ab67-8cc53aa7de50,"Minta tolong y!! ini sudah seminggu lebih lho, tp pengembalian dananya belum masuk2, ini gimana solusinya,",2026-02-18 10:10:39,playstore
c0039e4c-a06f-4e5d-aa80-8da099888fcb,Hari sabtu tanggal 14 Februari 2026 saya ada transaksi di aplikasi alfagift dg nomor pesanan O-260214-AGXWMRP. Namun sampai hari ini poin belum di terima. sudah email dan tanya cs tidak ada jawaban. Tolong dong kalau bikin aplikasi yg jelas !,2026-02-18 10:02:31,playstore
f03e2dbe-75ea-4ea9-80c0-7273eac4de47,"respon pengembalian dana lambat pengiriman lambat, banyak alesan. bukanya mempermudah malah memperburuk suasana.",2026-02-18 09:12:00,playstore
18a18ea4-8f48-4aae-a18c-0cbe2da91b7f,"stock selalu sering kosong, respond dari toko alfa nya juga cuek.",2026-02-18 08:35:07,playstore
7aec8904-1746-4664-afb4-afc47ef21418,setelah di update kok malah gk bisa ya. tiap mau buka alfagift malah lgsg mati hp ku,2026-02-18 07:17:49,playstore
089b5e5d-435c-4978-95d0-19dec0e23198,"tolong banget ini alfagift kenapa pelayanan lama banget, pesan dari jam 11 dikirim jam 3.. menyebalkan sekali",2026-02-18 06:51:12,playstore
bd8304a9-7ccb-43de-9f89-c91aad6cce50,"kurir ga jelas, kmrn saya pesan untuk hari ini jam 7, di kirim jam 11 malam, masih mending yang di pesan barang padat saya pesan es krim, ya mencair lah saya baru menyadari saat pagi, sudah saya bilang lgsg taruh di kulkas, btw saya anak kost, malah di taruh di gantungan motor, bad banget lahh pokoknya, tolong sistemnya bisa di perbaiki kembali, kali seperti ini kan saya yang rugi, dan tolong di beri fitur rating untuk kurir yang mengirim, terima kasih🙏",2026-02-18 06:01:32,playstore
a81bd168-6e0f-4071-98ed-7124a342349a,sangat senang berbelanja di alfamart,2026-02-18 05:58:14,playstore
cb27bf8f-2c8f-456c-9d58-546c59bb8eff,"saya mesen bahan pokok dan jajanan untuk sodara di rembang,tapi pas sampe katanya plastik untuk bawa bahan"" tersebut bau,kenapa ngga dikasi plastik baru?plastiknya bau pengiriman juga lama banget,eskrim"" sampe mencair,ditambah bau plastik bekas sesuatu, ntah bekas apa.gimana? pihak Alfa?",2026-02-18 05:35:31,playstore
f9fdef22-a350-47c4-a3e5-de4e70d9d2db,pengiriman Lama bangett gak sesuai etimasi.. bikin kesel bae,2026-02-18 05:24:42,playstore
3abf4b65-db66-4a44-aeae-7ba9dc5cd38e,"semenjak punya aplikasi alfagift hidup jadi tambah simple gak repot kalo mau belanja,sangat membantu banget untuk sy yg punya todler 2 yg males keluar",2026-02-18 04:29:53,playstore
1f8a40b9-cb24-4bf7-a5a9-ded9790dbcc4,"klo ga siap dalam delivery ga ush pake layanan antar segala, sy pesen jam 20.00 eh driver kurir pake ngedumel mepet jam malam, bukanya bersyukur dibeli dan dikasih pekerjaan malah ngedumell... rekrutlah pegawai yg ikhlas dalam pelayanan...",2026-02-18 02:16:38,playstore
86045f73-87dc-414d-bef6-7298817c68b8,lama betul proses pengembalian dana,2026-02-17 16:20:47,playstore
6048afbe-9602-4ed6-be24-c5060b60514e,"Semakin lama, pelayanan kurang memuaskan banyak pesanan yang kurang, padahal kita sudah membayar full, jujur kecewa",2026-02-17 14:24:05,playstore
c3d0a9b5-7186-40b2-a5f5-e6d653b7cac3,pelayanan pengantaran lama sekali 2/3 jam baru di antar,2026-02-17 14:10:06,playstore
5e15bcb2-99b9-4301-bb7f-77dd8a696a81,"aplikasi busuuuuuk pesen instan 3 jam nunggu kaga nyampe nyampe, gk usah ngadain aplikasi siap antar kalo emg gak sanggup",2026-02-17 13:57:12,playstore
0627ba42-4e7c-4127-88f8-de4fe877d638,KALAU ADA SEPARUH BINTANG SAYA KASIH TU SEPARUH BJNTANG. SAYA 2 KALI PESAN DATANGNYA LUAMA. PADAHAL SUDAH NULIS DI PERMINTAAN 1 JAM MAKS SETELAH PEMBAYARAN DI KIRIM TAPI MALAH SAMPAI HAMPIR SETENGAH HARI GAK DI KIRIM KIRIM. MANA YG PERTAMA PESAN SUFOR ANAK KEHABISAN. KEDUA PESAN GALON AQUA KARENA AIR HABIS. MALAH DATANGNYA LUAMA. APLIKASI LNGSUNG SAYA HAPUS. GAK JELAS!!!!!!!!!,2026-02-17 13:31:58,playstore
2cd67f0e-a587-425b-b629-3633905ddb46,hari ke 10 nunggu pengembalian dana dari tanggal 7february sampai 17 februari masih gada respon,2026-02-17 13:18:07,playstore
83f7d2a4-248d-406d-bb29-6d5de8ff65ea,"baru nyoba, hasilnya memuaskan jadi saya kasih lima",2026-02-17 12:02:18,playstore
3915f59a-ede4-42b2-a5ab-5d8f765cc1c8,"Udah 2x ini saya merasa tidak nyaman 1x Waktu di aplikasi jam operasional maksimal jam 21.00 dikirim sampai jam 23.00 2x Gunanya Cantumkan No Hp Itu Apa? Saya Tidak Respon 5 Menit Aja Udah di batalkan gitu aja pelayanan nya ga ada yang benar untuk aplikasi nya emang bagus & menarik, Untuk point bisa ditukarkan & Voucher Bisa bermanfaat",2026-02-17 11:34:40,playstore
e25bb3a5-b3e1-4bf7-8ccb-904f3ced89cf,"pengiriman tidak sesuai pilihan jM yg tersedia, pilih yg 1 jam setelah pemesanan tapi tidak tepat waktu tidak bisa cancel ataupun opsi lainya. merugikan pengguna aplikasi",2026-02-17 11:19:46,playstore
0902fb00-fe7c-4aac-ab86-88c11867a11e,"tidak bisa menggunakan BSI, minimum cod 50000",2026-02-17 11:18:39,playstore
69c28619-f77d-4f9f-80c5-e0cb73f473fb,pengiriman lamaa males gw ada notif pengiriman di tunda setiap pesen,2026-02-17 11:17:24,playstore
efe100b8-9e73-4c16-ab2b-5e86e5d45773,suka aja belanja disini,2026-02-17 10:25:28,playstore
ec8198a1-c108-47d5-b141-2dfbbe994089,alfagift tolong banget pengiriman dari toko terdekat kaya dulu bukan dari toko sepi yang jauh,2026-02-17 09:47:48,playstore
9265dd04-7e8d-4b45-9df2-260cb98ba40e,awal nya saya senang pke alfa gift tapi mkin k sini kurir nya mkin aneh bnyak order ngeluh jarak orderan jauh cancel pesanan.lalu buat apa alfa gift. setidak nya klo g mau antar g usah bilang yg aneh aneh,2026-02-17 09:46:53,playstore
0bd8316d-20ad-47a2-89c3-ab6cf7ebe6ca,Pengiriman lama bgt.Pilih yg 1 jam tapi udh mau 2 jam dikirim pun belum.Gak akan lagi pake aplikasi ini.Mending pake ojol bayar tapi datengnya gak ngaret.,2026-02-17 07:16:33,playstore
b66e40fa-9afd-4e32-bc6a-932d21033e15,Oke,2026-02-17 07:01:36,playstore
64a2f714-2d1d-4ecb-9071-597c3af97748,Saya edit bintang 1 pesan dari pagi jam 8.22 sampai jam set 2 siang gak ada antaran nyantumin nomor toko tapi gak aktif hubungin customer service nya gak kesambung sambung,2026-02-17 06:36:57,playstore
ac05c906-eb14-42b6-9fd4-c4b7e1d27c61,asem barang yg dateng salah udah lah lama barang nyampenya salah lagi,2026-02-17 05:54:43,playstore
e6530f92-9bd7-44fb-8757-b2ba250705ae,"pelayanannya lama pilihan maksimal 1 jam tapi dikirim 1 hari, banyak alasan",2026-02-17 05:08:28,playstore
f1df52d8-c115-423d-93d5-43915288e5dc,rugi 100.000 saya padahal saya sudah bayar uang pas,2026-02-17 05:02:15,playstore
cf1a9ead-9845-4ba2-ab2d-6f806c022f8b,alfagift jangan Kya Indomaret yaa kaga jelas sistemnya,2026-02-17 04:14:02,playstore
eb9448f9-97a0-4f28-9256-fe7faa4451db,"pertama kali beli di alfagift kecewa banget sih, pengiriman nya lama banget sampai tengah malam belum juga sampai, ngga coba coba lagi deh beli di alfagift",2026-02-16 14:03:49,playstore
6cef7a12-c2a3-4296-8d00-43a065bf09c2,"harga nya berubah2 gak jelas, di gerai promo di kasir gak ada.",2026-02-16 13:06:22,playstore
9f497212-03b1-450d-ad3f-4dd2e7a94407,"Tolong Adain fitur search dari harga termurah sampai termahal supaya dapat memudahkan pembeli, kaya aplikasi sebelah fitur nya udah ada dari lama, Tolong secepatnya di tambahkan",2026-02-16 12:09:03,playstore
3ee41f77-1e67-44cf-a329-bf533b7e0e66,2 kali orderan di tolak alasan diluar zona padahal aplikasinya sendiri yg nentuin tempat. GK lagi pake makasih,2026-02-16 11:28:50,playstore
f1a05152-a664-49e3-aa58-40850290952d,"saya tidak bisa login, notif gagal memuat halaman, muat ulang",2026-02-16 11:19:44,playstore
2493490b-6e0d-4397-938a-90477ec5d1f0,males sama alfagift pesanan di batalin sepihak alasan kendala jam oprasional padahal gue order jam 20 udah gitu pengembalian dana sampai 7 hari gila gak,2026-02-16 10:24:36,playstore
4a743eb4-a4bf-49aa-aaa2-761a3f164821,"lama sekali pengirimannya, padahal saya selalu pakai aplikasi ini, di chat tidak di respon!!",2026-02-16 10:13:29,playstore
2a5a23be-7765-4b2b-8e55-4cfa666b8ac2,kayaknya better ditambahin maps gitu pas kurirnya lagi ngaterin biar bisa diliat udah sampai mana jadi memudahkan customer juga kan,2026-02-16 09:22:57,playstore
7b9840a2-0dac-4fef-8976-18cb6f7a96da,"bagus banget,kalau bisa ditambahin fitur buat pelacaknya kayak di grab,atau shopefood gitu biar kita tau udah sampe mana si drivernya ke tempat yang di tuju",2026-02-16 08:19:39,playstore
2b65b053-440b-4295-9b60-8bdfa5ff5a80,pelayanan di cabang nya sangat buruk sekali. kenapa karyawannya tidak di pilih yang bener2 untuk di pekerjakan ya.. toko cabang nya harus di benahi lagi untuk pelayanan terhadap customer nya..,2026-02-16 08:06:03,playstore
e9a366fa-3a0a-42ab-b6cc-05e4e2694591,namun aktir2 ini sangat lama sekali waktu pengiriman nya .masa jam 7pagi yg untuk estimasi 1jam udh penuh trus pilih jam2 berikut nya jg sama pengiriman nya lama bgt. kadang labis 6jam bahkan 12jam.alfamart ujung aspal Depok,2026-02-16 07:31:59,playstore
0f1ec23a-37ab-4ea0-9103-b30d6b1e6cb8,"pas dianter barang kurang 1, ga di anter lagi parah sih",2026-02-16 05:25:43,playstore
27efc8c4-77b4-4257-a112-27deacc78dfc,"konsistensi yaa alfagift, sangat praktis sekali belanja online disiniii emm tapi kadang masih lemot untuk masuk ke aplikasinya dan kalo mau main game kadang macet gitu",2026-02-16 05:09:35,playstore
0a2c0ed4-deae-4b7f-9e65-b948aaf44f1d,mendadak tidak bisa login dengan nomor hp dengan alasan yang aneh,2026-02-16 04:11:56,playstore
d4c8e8b8-df8d-4a68-9aa9-ba00a1f336cd,jelek banget pelayanannya pesen kapan sampai hari ini belum datang juga,2026-02-16 03:52:27,playstore
e2ce4b35-4887-444d-bac5-05daee49c221,Kadang-kadang tidak sesuai deskripsi.. Malassss kalo pesan slelau telat. telatnya Tidk main2. tidak pernah sesuai permintaan wAktu. percuma masukkan pilihan waktu. atau sekalian aplikasinya ditutup saja.,2026-02-16 03:25:58,playstore
96c30934-3d60-48d3-a57c-e2264819a9b1,percuma d Adain cod d Alfa gif Lengkong Sukabumi jawa barat Ari d batasi mah mending tak usah ikut bikin kurir cod,2026-02-16 03:10:07,playstore
49d54082-1034-40f8-8c50-624a1ad54df0,sangat buruk pelayanan nya saya suda bayar tetapi barang saya blum dirimkan suda lebih 3 hari sangat tidak rekomendit sekali,2026-02-15 18:47:30,playstore
165297f8-5402-41f1-a8c0-09e2c9c82457,terimakasih 👍👍,2026-02-15 16:34:38,playstore
db6023f0-2f82-4d09-a3da-fc5dbfb4db74,"Udah 2x belanja di alfagift pengrimannya lama bgt sihh,, padahal ekspektasinya klo di alfagifr bisa cepet sampe ini mah udah 2,5 jam lebih ga sampe sampe,, ga pernah ga telat gitu ngirimnyaa Update penilaian tdi bintang 3 jadi bintang 1.. parah bgt sih co dro tgl 7 april smpe tgl 6 mei belom dtg juga.. truss layanan cs nya gabisa mulu update lagi nih yaa tgl 15 feb 2025 kalo ga niat bikin aplikasi ga usah bikin ngapa. gw kira mah udah diperbaiki sistemnya beda banget sm shopee instant",2026-02-15 15:46:18,playstore
24493e77-9a9f-4589-a0a5-d10f4b7d1e9b,"pesen dari jam 8 sampe jam 10 malem gini belum ada kabar sama sekali,di chat di apk sama lewat wa ga ada balesan sama sekali",2026-02-15 15:14:20,playstore
22a5ac01-ac9c-4d0c-a971-4559b8d329ed,"aplikasi buat gw ngoding ama tes jaringan dibilang aplikasi illegal, dikit"" aplikasi ilegal suruh hapus blabla, lu gapercaya ama sistem lu? hapus ae dr google play, gw pake indomart juga tetep bisa, emang aplikasi lu ae dasarannya diolah anak lulusan smk",2026-02-15 13:22:41,playstore
31095d6e-e728-4412-b2e1-6b6c4698b81d,"mau topup dana 100k gaada, bener bener mempersulit saja. memang pantas dikasih bintang 1",2026-02-15 12:50:49,playstore
0931996c-b120-4fd2-9091-6019a7c1ec52,"indomilk kental manis tgl 15 feb 2026 di alfa gift Rp 12.900, saya langsung ke toko alfamart beli 6 pcs pas selesai bayar ternyata per 1 pc Rp 13.600, kalo tau gitu beli di alfa gift aja",2026-02-15 11:55:03,playstore
ea6444b1-6047-4476-8e6c-5634090f690c,"aplikasi ini membantu, untuk belanja terutama untuk menghindari dari jukir liar, saran dari saya tolong hapus atau larang jukir liar apa apaan coba minta uang lima ribu buat parkir doang ngotot lagi mintanya, masih mending dikasi tolong direspon untuk penghapusan jukir liar!!!",2026-02-15 11:37:13,playstore
792f9078-8556-43be-92e4-d0e0979ed740,2 jam belom dikirim juga. Alfamart DS Andara,2026-02-15 11:21:46,playstore
2b02b7a3-4ea2-4aa0-8c93-25f7b0f31355,"pengirimannya sangat lama dikarenakan toko pengirimannya sangat jauh. padahal sebelumnya dikirimkan dari toko alfamart terdekat, tapi sekarang dikirim dari DS, jadi gak heran pesan pagi dikirimnya baru nanti malem.",2026-02-15 10:42:18,playstore
bf2aa915-6624-4291-a694-1987f1dea887,bagus,2026-02-15 10:31:45,playstore
8048ea13-3603-44a0-b7c4-ffffc9cc99e9,"bisa di order jam 8 malam di antar jam 2 siang, aplikasi aneh dan nggak berguna",2026-02-15 08:34:52,playstore
9ed83202-4b6f-4fd0-952b-d881e5c960b9,"sudah 2x belanja lewat alfagift dan pengiriman pilih yg max 1 jam setelah pembayaran tapi tidak dikirim"" , mending opsi pilihan tsb dihilangkan",2026-02-15 07:46:50,playstore
95982699-02aa-4f20-9239-0f08af10a526,"pengiriman lambat, tidak ada respon sama sekali",2026-02-15 07:30:58,playstore
82293ff6-2496-4acb-b123-e5630a9bc27b,pengirimannya lama banget padahal pesen pagi nyampenya malem mana kurirnya slow respon lagi,2026-02-15 07:25:04,playstore
82a17571-16a1-4e74-ad70-527e9317966c,ga usah ada kirim2 lah. lelet kurir lu semua. ga sekali dua kali kaya gini ya.,2026-02-15 07:13:05,playstore
9248345b-1cef-4481-be8a-3d81e6a6e794,ini aplikasi Parah.. aplikasi Siap. pengiriman istans doang nama tapi lelet nya minta ampun tidak ada menu pembatalan harus Approve dari kantor via email.. estimasi 7hr pengbalian dana... aplikasi parah kacau.. menu pengembalian data tidak ada buang2 uang barang ga di kirim uang ga balik parah aplikasi reting 0 besar .. Tutup aja aplikasi nya bukan untuk mempermudah tp mempersulit... klo belum siap apk pengiriman instan dan kurang SDM driver mending tidk usah di adakan.. apk sebelah sat set..,2026-02-15 06:54:04,playstore
ba9f68bd-0bc5-409f-9654-40cdd4ea1706,kalo barang nya gda mnding gaush diganti yg lain kan simpel,2026-02-15 05:43:43,playstore
28200aa3-23d7-40a7-8da4-7ef5e9e03c77,saya top up gopay bagaimana cara pengembalian dananya karena saldo tidak masuk2 . biasanya lancar kenapa sekarang pending lama bener,2026-02-15 04:29:11,playstore
d1b328c6-6a1b-4c23-aaf0-dfc3027776f2,transaksi cepat mudah,2026-02-15 00:25:52,playstore
49eae93c-f743-4740-bf98-3eb803cc168f,"Gimana ini, mau belanja galon sama gas selalu stok kosong tulisannya di aplikasi padahal di toko itu ada barangnya. Ini sih karyawannya aja yang males nganterin, tolong dibenahi.",2026-02-15 00:11:33,playstore
8be42401-998e-4d68-a279-78cc823b3bff,belanja jadi lebih mudah dan bnyak promo menarik,2026-02-14 21:41:01,playstore
3fe2de9c-711b-4dff-a0df-1281b0c4311f,"Pesen jam 20:21, udah dapet notif bakal dikirim. Eh tau tau jam 22:00 malah ngomong gajadi katanya kirimannya overtime. padahal jarak rumah ke alfanya ga jauh banget, 15menit doang. Apaan banget sih. Padahal ditungguin",2026-02-14 15:08:40,playstore
80b9bb19-f4d7-4cb7-afce-a427d789b7fa,lama pesennya baru dateng setelah 2 jam an,2026-02-14 14:05:15,playstore
88126ca1-6439-4f43-9498-da7eb3ea519d,"untuk pembelian aplikasi melalui alfagift masih kurang matang dan perlu banyak perbaikan, saya mencoba membeli melalui aplikasi dengan status sedang dikirim namun sampai dengan waktu yang sangat lama. seharusnya dapat segera diperbaiki beberapa fitur seperti 1. fitur memilih pengiriman dari toko yang masih buka. 2. fitur lokasi perjalanan seperti Grab atau gojek supaya dapat dilihat lokasi si pengirim dimana. untuk menghindari karyawan nakal yang dengan senagaja mengirim lama.",2026-02-14 13:47:21,playstore
5a4d6b83-4d33-4c3e-8a22-604a8163fabd,"kalau kondisi tidak memungkinkan untuk ""pengiriman 1 jam setelah pembayaran"", mending di nonaktifkan. sudah lama ditunggu diantarnya malah besoknya",2026-02-14 11:34:50,playstore
a0243353-4a18-49e1-98a5-a514827206bc,"barang sering kurang kalo ngirim. ini minyak saya 6 pouch, handsaplast, botan, dll. gag dikirim...",2026-02-14 11:29:10,playstore
c0902b47-5ba2-4ba4-a23a-612522cc0072,"aplikasi nya sangat membantu di saat ada keperluan mendesak, dan tidak bisa keluar rumah, cuman untuk pengiriman lelet banget di keterangan ada pilihan maksimal pengiriman 1 jam setelah barang di pesan, tapi nyatanya pesanan hari ini di kirim besok, gk cuman sekali tapi berkali kali setiap saya pesan.",2026-02-14 10:22:17,playstore
dd625be9-e2a6-4ea8-9b5f-2414047b650a,pengiriman saangat lambat. terpaksa ambil sendiri di kantorx 👎👎👎 klo tdk bisa ditingkatkan layananx mending bubar aja apk nya,2026-02-14 10:20:03,playstore
648789b3-d405-4810-80d7-7d2f60f92433,"pengiriman lambat , tidak ada respon , kecewa banget padahal udah sering belanja",2026-02-14 09:30:04,playstore
ce4e3663-370a-433a-8f6a-f145dc52ad3e,"apk nya ok tp sistem dan managemennya bobrok, anti kritik, komplen yg nanggepin bot, ga komit katanya kirim maks 1 jam ini udh 6 jam belum sampe, chat di read, pengaduan yg bales bot semua, alfa ini baru mau naik tp ga ada managemen resiko , ga disiapin di awal, kalau hectic gimana, masih worth beli di astro walaupun agak mahal dikit, customer butuh pelayanan baik , mending study banding deh sama astro",2026-02-14 09:12:15,playstore
d5c7ac00-d9bc-46e8-ae2d-6488d3eef8f8,"ini pesanan saya tiba tiba di cancel gitu aja sama pihak alfa nya, terus katanya mau di balikin dana tapi sampe 4 jam gaada respon apapun chat saya hanya di read ini alfa yang di alfa cikarang pusat. tolong dong ditangani dengan benar masa duit saya melayang gitu aja.",2026-02-14 08:48:51,playstore
e999c06b-ba4d-47f0-bda3-12248040d7a6,"Pesanan ga sampe-sampe, padahal udah 24 jam lebih nungguin, pihak alfamartnya gaada respon sama sekali, gabisa melakukan refund, kecewa gw sama nih delivery, ga ada tanggung jawabnya sama sekali dari para karyawannya.",2026-02-14 07:09:57,playstore
08d8cb69-48ed-4a79-99c4-c522da15b61e,"benci bgtttttt, pengiriman lama bgttt setiap mesen alfa gift bisa 4-5 jam dari estimasi yang dikasih",2026-02-14 06:54:11,playstore
cbe1123c-bf2d-4490-85f0-7942313c3512,"beri notifikasi kalau pesanan sudah tiba, jangan tiba tiba tidak ketemu pembeli lalu pesanan ditunda, untuk admin yang pegang pesan ga ada respon",2026-02-14 05:27:54,playstore
53f32624-98ec-4ca3-a022-b8fbab2a224e,aplikasi benerin dong lemot parah,2026-02-14 05:10:19,playstore
e95787b4-e1ab-4c51-822e-7a038719abcb,"kalo gak siap bikin aplikasi pengiriman mending gak usah, pengiriman lelet banget, tengah-tengah pengiriman udah lewat 30mnt tiba-tiba di tunda, terus telatnya sampe 1 jam hampir 2 jam, kalo emang gak siap buat layanan pengiriman mending gak usah sekalian.",2026-02-14 05:02:09,playstore
765d02d8-78d1-49e5-8836-f14292bc534d,"mohon untuk pengiriman nya di percepat, saya udah sering pakai aplikasi ini tapi pengiriman nya sangat lama saya pesen nya pagi jam 7 Dateng nya selalu siang ntah orang udah kelaparan atau gimana kan... coba aja kyk gojek atau shoppefood gak sampai 1 Jak pengiriman",2026-02-14 04:37:06,playstore
e0f31abe-8c37-4e1a-a0d8-5cffa5807c05,"saya ada pesan galon isi ulang dan barang lainnya. tapi saat diantar isi ulangnya tidak dibawa dengan alasan banyak barang. nanti disusulkan. saya tunggu lebih dari 2 jam tapi barang masih belum diantar, saya chat katanya besok. ini sudah 1x24 jam. saya chat ulang lagi tidak tersampaikan, dan tidak bisa dipilih opsi pengembalian dana. tolong ditindaklanjuti untuk outlet dan kurir yang bermain curang. outlet Alfamart Sapta Marga 2 palembang",2026-02-14 04:26:20,playstore
732c010b-3732-402e-8854-47be0a2b07f2,"apus aja ini apk gk guna, kelamaan nunggu, bnyak php, chat bot juga gk guna",2026-02-14 02:51:24,playstore
e26b324e-8975-44f3-bc27-ab63141a13e8,"awal pake apk ini bermanfaat sekali, lama lama belanja disini bikin emosi.. kadang barang ada yg kurang jdi hrus ambil ke tokonya sendiri krena tdak ada respon. pengiriman luama poll, udah klik maks 1 jam pembayaran, dianternya 5-6 jam kemudian. buat apa ada pilihan waktu",2026-02-14 01:32:26,playstore
a6dbec64-7473-4852-84cd-9fa375ad00a7,"aku beli SQ kupu-kupu di alfagift cibeureum, cisarua, bogor. tapi produknya rusak, sobek, kek udah ke lipat gituu padahal itu buat kado, sakit hati😭",2026-02-14 01:27:57,playstore
e3ee814a-c734-4fb4-8b3f-377fa619766f,susah daftar nya gatau knp Ada tulisan sudah lama TDK ada aktifitas diruangan ini silahkan coba lagi di pendaftaran TPI diulang2 ttp ad tulisan gitu,2026-02-13 21:31:02,playstore
746d3e63-7b0b-498e-a5a8-b097fdb6625b,mantap,2026-02-13 18:15:03,playstore
9b3813a2-b200-44d8-922e-6e24c3a12c35,saya pesan jam 19.17 sampai sekarang ga ada sampai. ga ada konfirmasi by chat. ini emang yg Alfamart Margonda Beji ga bagus kah manajemennya? lama lama malas mesan klo gini. mending astro jelas,2026-02-13 15:39:11,playstore
e8d06605-827c-44a6-9206-b2db585b69ee,"Tolong perhatiannya, saya pesan barang di bawah jam 9 dan barangnya penting untuk besok pagi, kenapa dikirimnya besok, sedangkan pemesanan dibawah jam 9, alasannya apa dikirim besok?",2026-02-13 15:37:43,playstore
69ad2bd2-b756-4f19-960a-cbe9fbba6abd,"tulisane 1 jam setelah pembayaran y kirimen maks 1 jam setelah pembayaran rek, nek kurang sdm y tambahono nek g yo gausa mok tulis 1 jam setelah pembayaran. bikin org betmut ngerti g",2026-02-13 15:23:15,playstore
fd2b54b5-5bc1-4ffe-943a-83516e690c39,"Ini sistem nya gimana sih? ga jelas banget. tolong dong kirim nya jangan lelet padahal udah pilih jadwal, gue ekspetasi nya ya sesuai jadwal. ini DM alfagift Alfamart malah dibalas sama Chat bot, gaa membantu sama sekali",2026-02-13 15:17:31,playstore
fc6402d2-faf6-44cf-9b29-45ffa679dfe4,"pengirimann LELETT BANGETT, DUA HARI BARU NYAMPEEEEE. LELETT.",2026-02-13 15:11:54,playstore
c8c116ae-bb06-4878-ab96-02896fa4f7af,pengiriman lelet banget,2026-02-13 14:41:39,playstore
47b33a0f-ed02-4a3f-a947-2aeb3b7b24dc,"harganya tidak sesuai sama di aplikasi, di aplikasi promo pas di scan ditoko harganya normal. . selisihnya lumayan jauh 👎",2026-02-13 13:21:03,playstore
4f7f8182-37a6-4342-a08e-cfe2778d00ce,"tolong dong waktu pengirimannya diperhatikan, masa iya nunggu sampe berjam jam",2026-02-13 12:58:53,playstore
4e9e3240-aaa3-41b4-9258-ed47793793b5,"Tolong tambahkan dukungan Google Wallet, toko sebelah saja sudah mulai mendukung nya, kenapa Anda tidak?",2026-02-13 12:57:36,playstore
666514c6-6d6e-452e-b1d4-0bcaa4eac5f2,"kualitas pelayanannya sangat menurun.. biasanya pilih yang 1jam sampai itu sudah diterima sebelum 1jam.. ini sekarang sudah 2x pilih yang 1jam tapi sampainya yang pertama 2jam (barang kosong ditukar tapi gak konfirmasi) & yang ke-2 itu 3,5jam (barang kurang 2 jadi harus menunggu lagi. Total menunggu 4,5jam lebih)..",2026-02-13 12:14:48,playstore
68eaca12-d4b0-4f32-ac91-3ff2ed8071b4,"terimakasih alfagift, aku jadi bisa tukar voucher TADA, untuk beli paket data, sebelumnya aku belanja secara offline ke Alfamart, trus bayar pakai e voucher TADA, pas di klik 'gunakan', loadingny lama bgt. akumau cancel, transaksinya tapi ga' bisa dicancel"", 😔kata kasirnya. ya udah akhirnya terpaksa bayar pakai uang cash. knp ya Alfamart. harusnya lebih fleksibel kalo ada kasus sperti itu, saya batalkan, barang tidak saya bawa kabur.",2026-02-13 12:09:10,playstore
067542d5-2319-4ad7-b650-5df3d6036804,"kalau urgent jangan pakai ini, pesen pagi dpt slot 2 siang, sampainya jam 7 malam.. wkwkwkkw",2026-02-13 11:11:51,playstore
057868f3-a803-40ab-9dc8-75d1b16f81a6,"pengiriman nya bener bener lama banget pesen dari jam 7 pagi sampe jam 11 malem yang bener aja. 1, 2 kali si ga masalah ini aku udah berkali kali dan berharap bakal ada kemajuan ternyata sama aja mending di i***m***t cepet lebih mudah. dan aku chat tu Alfamart nya gaada respon sama sekali najis. sumpah ini udah keteraluan bgt lama nya aku kesel uninstall sekarangg!!!!",2026-02-13 11:03:02,playstore
e9378413-a597-4c66-be4e-451229082fde,"Pengiriman lelet lebih dari 2-3 jam hampir tiap pesan begitu, minta minuman dingin di kasih ga dingin. Gjls",2026-02-13 10:31:50,playstore
6bdde8d5-c852-48da-8b8d-41b54989c586,Respon lambat,2026-02-13 09:37:48,playstore
a39f8a12-4aa1-47ff-8159-24ca9567a37a,"Order pake jadwal pengiriman 1 jam setelah pembayaran, udah 2 jam lebih masih diproses juga. Sering banget terkendala pengiriman tanpa alasan yg jelas (""lainnya"").",2026-02-13 09:23:32,playstore
a5d8a9a3-128d-4d77-b8a6-5926855a8180,"kurir alfagift bintang 10, baru nyobak aplikasi langsung puas sama pelayanan kurir nya ramah, meskipun hujan mood mereka tetep bagus",2026-02-13 08:18:11,playstore
e82095be-22df-476c-9ed7-8fef50355d02,"dari sisi pelayanan karyawan slow respon banget,pengiriman super lelet sudah nunggu lebih dari 5 jam alfamartnya atang sanjaya 2 tolong diperbaiki lagi SOP nya kalau ada kendala bilang aja jangan slow respon sudah dichat juga",2026-02-13 07:52:37,playstore
52be8397-f0c2-49ec-ad9f-32761c1650d9,asu sering salah kirim rugi jadinya,2026-02-13 06:39:59,playstore
3b99865e-c885-4447-86f4-bda8d08ccb0b,"Sekarang Poin belanjanya makin dikit, padahal salah satu tujuan punya member biar bisa tukar poin,belum lagi kadang gk masuk ke alfagift struknya,alhasil gk ada tambahan poin hadehhh",2026-02-13 06:12:10,playstore
600bb361-3bb8-4e56-9150-d6d015251fea,sebelumnya bagus bagus aja ni aplikasi tp semenjak td sy kecewa sih nada voucher yg gak bisa dipake padahal masa aktif nya masih jauh.,2026-02-13 04:59:11,playstore
3d3f4841-a358-4428-bf6c-d3c3e1e8f758,sangat membantu,2026-02-13 03:19:19,playstore
86f56b31-25f1-453e-8089-456a90acdde2,gak bisa beli beras jumlah banyak padahal mau berbagi rejeki maksimal cuma 2 dak stocknya juga ada yg klik bait di klik ternyata habis,2026-02-13 02:46:46,playstore
c1427db4-cfd9-41c5-817b-95b70bd65e22,"untuk yg ambil kurang dari 30 menit, SELALU LAMA",2026-02-13 01:59:53,playstore
50d5e6e5-d336-4d8b-97be-8096460452b2,"Ini tuh sebenernya diminta masukkan nomor aktif digunakan saat pemesanan gunanya apasihh? Untuk mempermudah mencari alamat atau apa? Kenapa kurir paketnya tidak mau menghubungi pembeli terlebih dahulu dan lebih memilih mengirimkan pesanan ke alamat yang bahkan pembeli tidak tahu pemilik alamat. Dikasih nomor hp ga dihubungi dan lebih memilih menginformasikan melalui aplikasi yang notifikasi kadang masuk kadang ngga, pemesanan dilakukan 14:45 WIB dan baru sampai 20:21. Dibatalkan juga ga bisa",2026-02-13 01:56:48,playstore
71708cf6-4382-4cbb-8a84-153b71681063,"ganti pengiriman sendiri, pdhl sebelumnya bisa bisa aj dikirim ke rumah. malah berubah alfagift dan ga bisa dikirim ke rumah, aneh bgt",2026-02-13 01:06:20,playstore
e2feb937-4f30-481b-9346-4a74ee8baad8,tidak bisa login,2026-02-12 12:28:28,playstore
88e66f26-00eb-43cc-af8c-5874cca87593,udh 3 taun pake alfagif baru kli ini ada kurir gak ramah..,2026-02-12 11:58:51,playstore
f6d48939-f20e-414f-b4e0-16a9f5b8ed2d,"mohon aplikasinya di perbaiki ya kak, soalnya via chat ridernya eror dari kemarin. al hasil saya harus ngcht tokonya dan ngcht rider via wa...🙏🏻",2026-02-12 11:18:52,playstore
1ba45e6c-d7be-4acb-8ab4-f7e88d9a2b10,"pengantaran sangat lama, beli aqua dari jam 3 sore ngga nyampe² padahal ini udah jam 7 malam",2026-02-12 11:17:25,playstore
aeecd4f0-0be5-4fdc-86b2-5bec948c09b1,Bagus si tapi lama bgt pengirmn nya.,2026-02-12 11:10:15,playstore
2f41f6ce-6b4e-4286-93a7-4123c2ac29cd,"Sudah yang ke 4 kali, pesanan lebih dari 3 jam masih belum sampai Alfamart cemara asri medan",2026-02-12 10:56:52,playstore
ebc261e9-d4c5-4370-9dc8-d15528ca1f9e,"Percuma ada pilihan antar max 1 jam. Faktanya pesanan aku diantar sampai 2 jam 30 mnt. Dan parahnya ditinggal di depan pintu rolling door. Itu aja harus aku samperin dulu ke toko Alfamartnya Krn di apk info nya SUDAH TERKIRIM dlm waktu 30 mnt sejak aku bayar. Benar2 kecewa.. Krn aku ada beli Yakult yg harus selalu dingin,ini yakultnya sampai sudah ga terasa dingin sama sekali... akhirnya ke buang Yakult 5 pcs. Krn pas ditinggal di depan pintu, aku sdg ke dktr gigi... Pelayanan sangat buruk!!!!!",2026-02-12 10:50:51,playstore
fa660352-1e7e-4323-b792-ecd9bfbfe9c8,"𝗦𝗮𝗿𝗮𝗻 𝘀𝗮𝗷𝗮 𝘀𝗲𝗺𝗼𝗴𝗮 𝗮𝗱𝗮 𝘁𝗶𝗻𝗱𝗮𝗸𝗮𝗻 𝗱𝗮𝗿𝗶 𝗱𝗲𝘃𝗲𝗹𝗼𝗽𝗲𝗿. Di aplikasi ada menu SELF SERVICE, tapi di gerai alfa madih banyak yang gak ada barcode untuk self service nya... mohon untuk di tiadakan sekalian di aplikasinya atau di lengkapi di gerai alfanya. terimakasih",2026-02-12 10:42:34,playstore
a66a2d3f-7bd5-4596-a186-8c4d2dffde00,beli roti tanggal 7 dikasih yang expired nya tanggal 9 :),2026-02-12 09:37:54,playstore
1f893d88-d276-49d8-951b-2ef76e6c094f,"Pengiriman nya lama banget padahal pesen yg maksimal 1 jam, giliran minta dibatalin refund nya lama banget juga, tolong diperbaiki lagi",2026-02-12 08:51:48,playstore
f3c15668-fdb8-4853-a305-06837eb689ac,pembelanjaan saya kurang 1 pcs . sudah saya kirim bukti foto nya . dan tidak ada pengiriman kembali barang yg kurang . info dari chat nya akan di kirim tetapi tidak di kirim sampai from chat nya tertutup otomatis karna pesenan telah selesai . padhal saya tidak meng klik pesanan selesai . mengecewakan !,2026-02-12 07:13:58,playstore
473ae069-120f-4987-b82b-c58dbddbf077,pelayanan di Alfaberkoh bagus dan tepat waktu namun barangnya aja yg masih belum lengkap di aplikasi kalau bisa aktifin lagi tebus murah yg 1Rp,2026-02-12 06:43:30,playstore
01667767-ccff-4338-ab09-4d6f266ac87e,"HARUS NUNGGU BERAPA LAMA LAGI INI BUAT DIKIRIM??? SEGALA TERTUNDA-TUNDA, EMOSIII!!!",2026-02-12 06:27:40,playstore
c76f81b7-5a83-409d-92d2-7d4e2f531c19,"respon lambat, pengiriman lamaaaaa, selalu tertunda, saya co dari jam setengah 10 pagi, sampe skrg jam 1 juhur status pengiriman masih tertunda juga, saya ajukan pengembalian dana lama tidak ada respon juga.di chat tidak direspon² padahal aktif. padahal jarak dari tokonya ke rumah saya dekat. ayolah perbaiki lagi pelayanannya",2026-02-12 05:48:46,playstore
95ab55a4-7d91-4c85-bd4d-5c4ae97fa355,LELET NAJIS.,2026-02-12 05:03:24,playstore
aea06d80-407b-4bee-b11f-19655d273a74,"aplikasi nya bagus,,cm saya kecewa dgn pelayanan nya kasir pda judes kurir klau ngirim barang kdang ada yg kurang dan tdak sesuai ( alfa cijengkol subang)",2026-02-12 04:55:12,playstore
f3440daa-75b2-4679-8f7e-e66c70d94450,kecewa padahal itu kelalaian karyawan soalnya uang saya sudah tf tidak lama di cancel alasan barangnya udah kadaluwarsa dan di janji kn uang kembali 1-3hari tapi ini udah lewat 3 hari yg di janjikan dan serta di chek ternyata ajuan pengembalian dana saya di tolak terus ini gimana uang saja nominalnya banyak,2026-02-12 03:56:27,playstore
93d35392-5d09-4993-81f8-13bbb1ea7f08,"Praktis dan cepat. Tapi beda toko beda pelayanan, ada toko yg kurirnya asal simpan barang pesanan tanpa konfirmasi. Alhamdulillah toko langganan saya gak seperti itu.",2026-02-12 03:26:51,playstore
047d0daa-1325-4182-83dd-e1f750017fde,"aplikasi belanja paling lebay, sekelas M-BCA saja tidak masalah terpasang app cloner dll. ini malah gamau dibuka.",2026-02-12 01:54:11,playstore
17c395dc-535d-4b57-80ee-d9c01f5f1567,"pertama kali mau pesen, tinggal bayar. tp nomor va/rekeningnya tidak terdeteksi alias ngga ketemu. berulang kali coba ttp ngga bisa TF . udah aku kontak di WhatsApp & di email ngga ada tanggapan sama sekali. ngga dikasi solusi.",2026-02-11 17:05:30,playstore
e3f801f3-bfe0-4153-8656-29bbd11ee78f,"sangat tidak di rekomendasikan, kurir tidak mengirim sesuai alamat hanya sampai parkiran ojol. saya pesan dan set alamatnya sudah jelas. kalo tidak bisa kirim ke alamat tidak perlu ada delivery. admin bad attitude cara handle complaint sangat dibawah standar perlu di training lagi. kurir bahasanya bad banget. over all sangat kecewa dengan order terakhir saya. Tempat DS Alam sutera. Admin Nurzihad.Terimakasih.",2026-02-11 15:41:29,playstore
99d48e72-544c-4630-9424-f4ebbe0eba70,"pelayanan alfagiftnya lama, waktu itu ditunggu dari pagi dateng malem. abis tuh berubah jdi cuma nunggu 1 jam, sekarang malah balik lagi ke setelan awal. mana pernah lagi beli barang ga dateng semua padahal udah bayar dengan harga full. buat aplikasinya sering banget log out sendiri. notifikasinya kalo gadiliat satu-satu gabisa dihapus, ganggu pemandangan.",2026-02-11 14:58:45,playstore
8e49feb9-ad88-46db-9ece-4ceb8da1a1e4,"sangat sangattttt lambat pengirimannya, bikin kecewa pelanggan. sebelumnya di chat Otw, setelah di tunggu beberapa jam kurir tidak datang2, sampai berhari-hari saya tunggu yang katanya otw sampai dengan sekarang pesanan saya belum juga di antar, saya chat hari ini lusa baru di balas, padahal di jam kerja juga. sampai dengan sekarang barang saya belum di antarkan jga.",2026-02-11 13:51:48,playstore
a0d3bf86-6462-47f5-9e5b-41ccccb1daba,"mau tukerin point harus download aplikasi ,,udh download kasih barcode kudu masukin pin ,udh ga pernah tuker point tiba"" di mnta pin ya bingung,di tambah ngantri di belakang !",2026-02-11 11:36:03,playstore
af877984-6ad6-4b70-be70-6ffaf250961c,tiba GK bisa masuk lagi no member sudah udah pernah dipakai harus ganti nomer lain...point masih 72000rb pula,2026-02-11 10:39:02,playstore
093f2ff0-807e-46c3-a34b-e253e3d584d6,jangan ketipu. pesanan tidak pernah dikirim!!!!,2026-02-11 07:53:10,playstore
dc2251af-8ac1-4f43-96d2-373dc5857309,ini pengiriman nya semakin lama semakin lambat padahal suka belanja di alfa gift,2026-02-11 06:30:19,playstore
bafecd25-fa2f-4f13-ac71-3b207631da43,"order online lambat sekali respont, di chat sengaja tidak menjawab. padahal saya bicara baik. ditelp direject. GA REKOMEND.",2026-02-11 05:45:20,playstore
9369f204-1e89-4edd-8423-f68bc1294c71,"belanja leawt alfagif pembayaran tranfer udah sukses,,tapi barang tidak sampai,,",2026-02-11 04:32:18,playstore
34bdef1e-9e79-4547-9d82-bf70a0e8dd3c,tolong perbaiki aplikasi susah di akses,2026-02-11 04:20:19,playstore
11e0dd0c-9970-45a0-a8bf-db4adf3fdf78,"Kenapa sih suka ngelag? Pop up homescreen terus terusan, udah force close masih aja begitu. mau ngecek transaksi jadi susaaaah ih. gemes banget. padahal aplikasi juga udah yang paling ter-update. tolong lah bug-nya dibenerin tim development-nya. kesel lama-lama ngadepin bug-nya, pengen uninstall rasanyaaaa 😤",2026-02-11 03:13:26,playstore
f9eed60b-9362-4078-a0ae-1167d1f7c3be,kok akun ny tidak bisa dibuka mau belanja jadi ny susah kenapa jdi ribet,2026-02-11 02:31:32,playstore
1f1c04a4-815c-4e1a-9b3c-c8cf00ccbf7f,"lelet bgt. dikit dikit pengiriman tertunda, dan itu hampir selalu tiap pesen. paraaahhhhh",2026-02-11 02:04:21,playstore
3dc2e078-35f8-4b95-8122-325384b8bf48,"kecewaa ga sesuai, di apk dapat bonus tapi yg dikirim gaada bonusnya.. padahal udah langganan",2026-02-11 00:11:15,playstore
7f314210-0ded-4c27-b030-f2c6250728f1,"bagus sih ini apknya.... sangat"" membantu sekali buat kaum"" yng mager an buat keluar..... saran dong min tambah in buat metode pembayaran nya tuh pakek qris min biar yang nggk punya bank mandiri tuh tetep bisa gitu TF tanpa admin",2026-02-10 22:54:42,playstore
94341f3f-ff54-4569-929d-3237511a9b76,Sudah berkali kali pesanan selalu terlambat 2 jam padahal sudah memakai pengiriman 1 jam. Mungkin lebih dipercepat untuk pengiriman,2026-02-10 14:00:51,playstore
ca4b692f-f149-4240-977f-0af875957599,jelekkkk masa dikasih mie udah robek,2026-02-10 11:51:15,playstore
a36f95eb-b146-4b51-8ce1-5d5f0419ec3f,"maaf kak izin bertanya ini aku di banned dari alfamart terdekat atau gimana ya, kok makin hari order alfamart yang di order makin jauh harusnya kan cari yang terdekat?.",2026-02-10 11:28:07,playstore
0b4b3a38-0452-41b3-a432-21060e3522b8,"Saya mengharapkan ada pembaruan aplikasi Alfagift, pada pengaturan aplikasi ini tolong sertakan pengaturan mode gelap agar mata lebih nyaman ketika menggunakan aplikasi ini. Tentunya mode gelap akan membuat mata penglihatan pasien low vision menjadi lebih nyaman.",2026-02-10 11:08:02,playstore
6deab150-1f21-44c7-b22c-40e55116c43a,"males kasih rating bagus, apknya Gk bisa dibuka karena aku install tolls di hp ku kayak sikuzu, promo juga Gk semuah olshop",2026-02-10 10:30:53,playstore
246c6d49-192f-4551-b944-698f676adcc6,"woy niat gk sih bikin aplikasi kode OTP gk muncul-muncul giliran request setelah 3x, di block dan suruh nyoba besoknya",2026-02-10 09:49:28,playstore
738097a7-c41d-4d0a-9924-21f06d1e2ecf,kurang..,2026-02-10 09:20:45,playstore
ee565e1e-b065-46bf-a136-455ad5e4841c,amplikasi nya ribet.....mau belanja aja kok repot bener akun nya salah pin 3 kali mau email lah mau tunggu satu jam lah....kita disini mau beli bukan mau ngutang....kalau m banking harap maklum kayak gitu....karena nyimpan tabungan...ini di Alfagift udah kayak mau buka mobile banking.....,2026-02-10 07:31:43,playstore
2a9d1be1-a10e-410d-94df-addff7f7b0b2,"JELEK BANGET SERING BANGET BELI DI ALFAGIFT PASTI DUA JAM LEBIH, BAHKAN PERNAH SAMPE EMPAT JAM,PELAYANANNYA BURUUK BANGET, SLOW RESPON BANGET, NGGAK NIAT MENGHARGAI KONSUMEN PAYAH LAH POKOKNYA",2026-02-10 05:47:27,playstore
6bcbb17f-0934-45cc-81cd-6030a5ac52e7,"puas banget. makasih banyak ya Alfamart udah bikin Alfagift bener bener menolong banget di saat kesulitan, sedikit cerita keuangan tinggal mepet saldo ga bisa di tarik karna cuma ada 29 ribu. cek grabmart buat sekedar beli mie instan mahal banget ongkir nya kena biaya lain juga, mana lagi g ada motor. pas cek Alfagift ya ampun bener bener harga normal seperti tempat offline, gratis ongkir juga. aku langsung beli sarden dua kaleng dan bihun. cukup buat 3 hari itu ya ampun makasih ya",2026-02-10 05:19:38,playstore
f3abddc0-6472-46fb-b81d-1920e9606401,pilihan nominal top up E-wallet nya hanya terbuka di nominal terkecil. sudah di konfirmasi ke cs untuk membuka nominal yang lebih besar tidak ada di perbaiki,2026-02-10 05:00:59,playstore
137aa932-898a-40ba-97c0-3b9c8b565933,masuk ke alfagif tidak bisa lihat menu alias foto yg digambar itu patah jadi tidak melihat semua dgn jelas entahlah aneh awal gak kek gini tapi setelah di update dan cek data wifi lancar ternyata emng runyam gambar nya jadi tolong deh di perbaiki.,2026-02-10 04:54:43,playstore
8988fbea-8a70-4c8a-a6c2-de662efb92bf,"BURUK pengiriman lama, udah lama barang ketinggalan pula, tambah lama lagi nganternya duh gimana yah ini alfagift, server online di chat ga bales2",2026-02-10 04:37:59,playstore
cbb9497a-73c0-4468-8a24-57a08508a8d1,Tolong Tambahkan Fitur dapatkan Pemberitahuan/Notifikasi pada suatu produk apabila sudah re-stok kembali di toko alfamart terpilih,2026-02-10 01:06:04,playstore
6c3d5b70-c5ab-4230-9899-24892513aa21,"kecewa sama pelayanannya, udah 3x lebih dibikin kecewa mulai dari pesanan salah antar, barang dikirim kurang/beda, kesalahan kurir di libatkan ke CS juga, eh terakhir dikirim ga dapat bonus padahal pas sebelum co jelas jelas ada bonusnya..",2026-02-09 23:45:17,playstore
a5e4e370-f39c-48bc-9fae-2006117dc1c7,"saya gak puas sama pelayanan ini, masa pesen jam 1 siang tanggal 9 februari sampe tanggal 10 februari masih belom di kirim juga, chat gak di balas telpon gak aktif.",2026-02-09 23:24:16,playstore
ade67d3a-7120-42c0-8044-6d8eb0848331,kapok. pke alfgif. psanan saya 2 gaq dkirim. truz dana juga gaq di balikin,2026-02-09 22:20:14,playstore
ebdbc365-6306-485f-a250-df287a3c0ff8,kenapa untuk wilayah idi Rayeuk aceh Timur tidak tersedia lagi belanja via Alfagift Atau aplikasi.. (mohon maaf kak bla bla bla,2026-02-09 18:58:28,playstore
9985f682-1cc9-4fc9-840e-0ec441e84697,"ter the best app belanja mudah, hemat, cepat tanpa perlu keluar rumah, banyak promo dan program star menarik. alhamdulillah udah tuker star berkali-kali dr alfagift",2026-02-09 15:32:42,playstore
221e22f1-6129-4c6e-aaea-c51c25c5a2db,"gila sih pengirimannya super duper ngaret melebihiiii segariiiiiiii, mana ga ada fitur lacak driver ckckck cukup sekali aja belanja di alfa gift mending beli di klik indonaret segari atau astro lebih cepet dan yang bikin bingung ga ada fitur cancellllll hufttt",2026-02-09 13:59:58,playstore
8d5effca-c0d2-4d06-9290-d06936f7d874,memuas kan,2026-02-09 13:50:06,playstore
a468c46d-a2ba-40c5-b42f-8c63795aaaa7,"pelayanannya buruk. gk pernah ada kejelasan pesanan akan di kirim jam berapa. toko di chat hanya di baca tidak membalas. tidak ramah, terkesan cuek!!",2026-02-09 12:11:42,playstore
f5dbe376-22dc-420c-84c5-c1c18fdfe84f,tolong dong Alfa kasir kaga bener masa setiap beli pulsa kaga sampe terus nih saya bayar dua kali refund lama bgt.. saya bilangin keatasan lebih dari 7 hari blm dibalikkin .. gmna nih kasir palagan moh.kahfi 1 kasir main2 kaya ga ikhlas kerja nipu,2026-02-09 11:44:50,playstore
a4bf22fd-9114-4b77-8a7e-223f657b61b9,"semenjak update, pencarian produk yang biasanya dibeli kebanyakan ga ada. anehnya, kalau beli lagi dari transaksi berhasil sebelumnya malah ada produknya. sangat aneh.",2026-02-09 08:09:33,playstore
d2c6f7c2-c2cd-4c9b-b782-3e29610caddb,"setiap belanja selalu menggunakan nomor yang sama dengan member, tapi pas install aplikasi tidak bisa masuk. sudah email dan DM Instagram, jawabannya tidak memuaskan..",2026-02-09 06:49:56,playstore
4fbe12a2-61fe-4883-bdce-c7248d9df0ec,Tambahkan fitur di setiap struk agar konsumen dapat memberikan ulasan dan penilaian,2026-02-09 05:24:27,playstore
2cc42117-5b35-4c0d-972e-bf76482eb73c,aplikasi ga guna..niat donlot biar praktis malah nyusahin. ga usah ada fitur antar pesanan kalo belum siap..berjam2 pesanan ga di antar. padahal udh chat toko tapi cuma di baca tidak dibalas apalagi langsung dikirim..di telfon ga di angkat.beli pampers newborn biar ga usah keluar tapi ujung2nya nyusulin ke toko nya sambil bawa newborn. nyusahin emang !! uninstal aja ga berguna !!,2026-02-08 15:07:36,playstore
c7e7eb6e-9833-43cc-a6a0-ec41d312335a,gak lagi lagi gw pake alfagift,2026-02-08 14:52:57,playstore
f0d39e91-1de7-4d76-a5a6-2d1089c4cd59,"gak niat bikin aplikasi gak usah bikin coyy, baru pertama kali daftar langsung aktifitas mencurigakan apalahhh",2026-02-08 14:28:52,playstore
c1b219c5-38be-4fd2-ae1d-9c7e03ae4df4,"lama banget proses pengantarannya, saya nunggu 1 jam lebih belum di anter2 padahal kalo ke lokasi cuman 6 menitan, berhubung lagi sakit jadi gk bisa k sana",2026-02-08 14:25:13,playstore
b3c60dac-c8ee-45cf-8919-abb2ccb14bdb,"alfagift kok makin lama ya pengirimannya, sering ke tunda juga. Padahal sebelumnya sesuai jadwal. Masa sekarang sudah menunggu 2 jam dari waktu ditunda masih belum sampai juga pesanan saya, padahal biasanya 30-45 menit, sekarang makin lama ya",2026-02-08 13:28:16,playstore
6e8e11a6-1751-449a-bc3c-a624515f8577,"sudah gonta ganti daftar pakai nomor lain tapi ttp aja gagal login dengan alasan nomor sudah tidak aktif, gimana sh min,tolong cepat diperbaiki dong👎",2026-02-08 12:52:53,playstore
a3037fbf-008f-4ec2-8b8d-0fe896c77e04,"estimasi 1 jam, tapi hampir 5 jam baru, terkirim. kaga niat, maaf ya developer gw bingung ngasih rate kemana. overall aplikasi bagus",2026-02-08 12:15:25,playstore
ee6626d2-b8d4-43ec-b3c2-434498de5904,slow respon gjls,2026-02-08 12:06:06,playstore
709c0a3f-be78-46f6-9de2-328f4bfcddd4,"kurir alfagif cijeruk bogor ga ada ramah2 nya. antr barang tanpa salam,senyum,sapa. dan taro barang dpn pintu dibanting pula. kamvret",2026-02-08 11:50:40,playstore
321df7dc-3d55-4b92-811e-59839731158e,pengiriman lama statusnya sudah di kirim tapi tiba tiba tertunda sudah 3 jam an gimana sih ah,2026-02-08 08:05:58,playstore
50f2cca5-82a7-4c79-ba40-dcd7cd57cb5d,parah. saya pesan dan sudah membayar. pengiriman yang saya pilih maksimal 1 jam setelah pembayaran. tapi malah akan dikirim 4 jam sampai 5 jam kemudian.. paraahhh,2026-02-08 07:37:16,playstore
5116dd5c-9a54-40ed-b4cf-ff6027409c48,"tiap chat lama bener responnya, bisa set jam lebih, pengiriman kdg diluar estimasi, buruk bgt pelayanannya",2026-02-08 07:02:44,playstore
a99d2eed-b80b-41b0-808c-dd9871022fc6,"lama bgt sumpah oengiriman nya 2 jam lebih, ga ada attitude sama sekali stress, mndng beli lngsg, tpi apa guna nya apk ini klo gtu",2026-02-08 06:37:00,playstore
c5cc32b7-e9da-471b-a1e8-13f6488cb117,"pelayanan buruk, jika di chat di tanya apakah pesanan sudah di kirim tidak di balas, jika di balas pun balasanya kurang mengenakkan. sudah di pilih untuk antar maksimal 1 jam pengiriman bisa sampe nunggu 2 jam an. di perbaiki lagi pelayanannya, buruk sangat buruk",2026-02-08 04:19:52,playstore
3c0967db-486c-42c1-967c-d27ba23e6f06,KL tidak bisa kirim selama 1jam buat apa ada menu pilihan kiriman 1jam setelah pembayaran.gak sekali dua kali tapi berkali2.barang sudah ditggu mau keluar kota malah tidak dtg2,2026-02-08 02:18:13,playstore
b917a8ae-00b1-4fe8-bada-55e79ca9d615,aplikasi berguna untuk mendapatkan banyak gift🤩,2026-02-08 01:22:27,playstore
c4b3c4e6-ba18-4f7c-b882-3f036ac4fb26,"sistem COD diperbaiki lagi,percuma milih uang tunai yang pas atau lebihan kalo nggk disiapkan kembaliannya,kek dipaksa ""udh ikhlasin aja kembaliannya"",kek nggk masuk diakal aja loh,padahal udh di chat juga lewat apk nya,kek nya emang sengaja tuh.",2026-02-07 14:21:58,playstore
65082698-fc41-4d1c-b4c5-5c58976f2c2f,klw order maksimal pengiriman 1 jam setelah pesanan tapi diantarkan lama sampe berjamjam menunggu,2026-02-07 13:40:56,playstore
f6e2dcb2-d7ea-4dc2-b3bf-6fbb8a8287b4,"kenapa belum bisa di buka? complain udah melalui email, telpon, tapi belum bisa juga",2026-02-07 11:45:44,playstore
7c7b5cb2-8705-4ec2-9c26-1399b8f0a4d4,apk yg ngebantu banget untuk yg lagi mager belanja ditambah lagi layanan yg selalu gratis ongkir tanpa minimum belanja,2026-02-07 10:55:08,playstore
e870a77e-0224-4ad4-8172-bd848dc0d72e,"pengiriman melebihi estimasi pada aplikasi, max 1jam setelah pemesanan, actual pengiriman melebihi 3 jam, sangat buruk",2026-02-07 08:37:07,playstore
2c854c49-c136-4096-91c1-85a2b419b715,Sabtu 07 feb 2026 belanja di alfa abg3 no pengiriman s-260207-AGBFLDS transaksi pembelian jam 12:09 sampai jam 15:18 belum ada pengiriman. tidak sesuai dengan maximal pengiriman yang hanya 1 jam mengecewakan.,2026-02-07 08:20:05,playstore
340e9c58-4ac0-481c-8dc1-841944d3b27b,ok,2026-02-07 07:01:17,playstore
aad6c6f8-580a-4cb6-8fdf-2e7fb245567e,"Aplikasinya aman, tapi pelayanannya lemot. lelet.",2026-02-07 05:31:29,playstore
0593aca3-1616-4471-af9a-45e9b9d7ed09,"masa mau cancel aja nunggu 3 hari dana balik, mending pake shopee",2026-02-07 02:55:44,playstore
c4228c72-337e-467e-b5c3-1b8156b6d4d0,bagus sih tapi tiap mau beli air galon kosong trus di aplikasi udah 1 bulan. agak kecewa sih,2026-02-06 22:50:49,playstore
411be759-944e-44c4-a8ed-f574492f101a,"akun di log out, tapi gak bisa login lagi. alasannya login dari device berbeda, dari awal daftar juga ini hpnya beda gimananya? verifikasi WA gak bisa juga. padahal sudah lama pakai alfagift.",2026-02-06 22:10:04,playstore
342242a8-7807-4022-85c0-9c4964d0369c,"brosur ""promo"" seringkali tdk berlaku. misalnya popok merries M32 tercantum sebagai promo di harga 55.900, di toko ternyata harga 76.900 EMG plg bener belanja popok di shopee, 53.000 udh nyampek rumah.",2026-02-06 21:53:56,playstore
5cbd2523-1abf-432d-b4b3-aa732a23e8a9,"lagi daftar masukin email Tapi ngga bisa terus katanya sudah ada yang menggunakan padahal belum loh 3 email saya tetap nggak bisa daftar, kacau",2026-02-06 15:39:17,playstore
94ebf725-7aca-4558-9b9d-446007e7114e,"sedikit masukan untuk apk alfagift, mungkin bisa ditambah fitur batalkan pesanan juga",2026-02-06 15:22:04,playstore
9dce3c4a-2600-4e75-a487-42679a7df138,AGAK MENDINGAN INI DARIPADA YG KLIK KLIK ITU TUH,2026-02-06 15:14:45,playstore
754abeaf-5642-48a8-8ae2-071c89d061e8,"pesen online, jam 8 malem, itu kan masih jam kerja ya, tapi ga dianter anter sampe tengah malem, dichat gada respon juga, setidaknya kalo diantar keesokkan harinya dikasih info lwat chat juga, ini udah ngirim chat ga dibales bales padahal chat yg saya kirim pakai bahasa yg saya pasti bisa dipahami manusia normal, hhh kecewa kecewa",2026-02-06 15:12:49,playstore
671efdb3-b997-4bac-b5bc-b7ee9e68e8c4,terimakasih alfagift.. the best,2026-02-06 11:07:25,playstore
d0720815-e685-4401-9618-a027812f3e7d,"Knp klo cod utk pembayaran nya malah dibulatkan nya lebih, pd hal kan saya sudah siapkan uang pas dan termasuk saya bulatkan sendiri nominal nya. Tp sama kurir alfa nya malah dibulatkan lebih dan jadi nya saya harus melebihi lg utk pembayaran cod nya",2026-02-06 10:52:55,playstore
e3498f57-12b5-49c7-8674-29da3e30c216,"pengiriman lama, scam maksimal 1 jam dari pembayaran",2026-02-06 09:28:57,playstore
683ee4c2-cef7-417d-8ca7-47c7c08d2bab,apk aneh gjls mempersulit orang,2026-02-06 09:08:24,playstore
93a91300-7728-4d8c-841e-40a91e08d07f,"beli 4 sosis, yg datang cuman 3, alfamart samping jalan setia, bidara cina, jatinegara, jakarta timur.",2026-02-06 08:22:57,playstore
45db199c-9841-4937-8cb4-581e5ba9f357,"Membuat promo pada suatu produk, ternyata produknya sudah kadaluarsa. Di saat mengajukan refund malah error layanan customer servicenya.",2026-02-06 07:10:23,playstore
e11e8a58-6afe-49cf-9f5d-3cddf9cb4199,nggak mudeng aku pake APK ini udah jelas des. jambu tapi karang kemiri emang des. jambu cuma di karang kemiri aja hah!,2026-02-06 07:09:50,playstore
16f00c1c-b16b-4366-a713-3a42950838e3,"tolong perbaiki pilih produknya di top up e wallet,gak ada melulu",2026-02-06 06:35:01,playstore
5231c5f7-9e34-4421-9900-85c71528036a,ok,2026-02-06 05:41:07,playstore
464fa66e-468e-4514-a7bf-ed5ee22c6d93,"Halo admin Saya mau info Pengembalian dana saya belum di refund Pembelian Pulsa di aplikasi Dana Disuruh tunggu 2x24 Jam,Masi belum kembali dananya. Disuruh tunggu lagi 7x24 Jam. Masi belum juga ada refund Dana *Chat IG official tidak membantu *CHAT aplikasi bolak balik balesan pesannya sama,dan sangat tidak membantu. TLP CS tidak bisa JADI BAGAIMAN INI,KENDALA REFUND DANA SAYA.",2026-02-06 03:36:43,playstore
94403669-a1eb-4437-8120-48a3f98a2b59,"sekarang harga di aplikasi udah gak sama dengan harga pas CO, pas lgsg ke toko juga harga beda",2026-02-06 02:58:25,playstore
c7e54c82-99f8-4f77-8b07-03341b2d290a,"pengalaman alfagift suka telat dan tidak konfirmasi ke saya,beda sama klik indomaret,klo pun terlambat di kirim di konfirmasi,tetap the best klik indomaret",2026-02-06 02:41:27,playstore
b41ecfda-a0f2-480b-b95f-25e5764b739f,jelek pelayanannya,2026-02-06 02:33:09,playstore
10852b56-07bf-41e2-9de5-c5a6995c8169,gak bisa bayar cod lagi,2026-02-06 01:57:13,playstore
8f13c0c8-f578-45be-a700-22d54447906f,Alfagift Emang Keren Mantap Sukses Selalu👍,2026-02-05 21:18:21,playstore
80334be3-d4a3-4321-ab52-edbf16e87ea9,sering error,2026-02-05 15:17:22,playstore
9b0d25d8-e4b8-4289-a9bb-f8c891932886,"pengirimannya lelet banget, order pagi buat dikirim siang, tapi sering bgt pengirimannya telat bisa jam 10malem/set 12 malem waktu nya orang istirahat. kalo cuma sekali 2x ok bisa dimaklumi. ini berkali2. bodohnya saya malah beli lagi di alfagift. padahal klik Indomaret lebih cepet, dan lebih respon kalo ada kendala. chatbot Alfa ga guna, tidak mau menerima kritik & saran. Terlihat tidak ada keinginan memperbaiki pelayanan yang buruk.",2026-02-05 14:12:45,playstore
4489449e-97ed-45d6-8645-d4c7435bcc0b,"Di daerahku toko buat pesanan online cuman 1 untuk pesanan 1 kota. jadinya barang yg harusnya gk nyampe sejam udah di anter ini malah smpe 2 jam lebih. tolong di tambah toko onlinenya biar pesanan gk harus nunggu berjam"" buat dianter",2026-02-05 13:58:38,playstore
871e3d84-39ed-446c-8ac8-a59a70a0354f,mohon maaf kak... saya punya pengalaman tidak baik dengan salah satu pelayanan di alfagift. saya sudah bertanya dengan baik dan sopan tp saya di respon dengan tidak baik. bahkan saya sudah menegur dan mengingatkan dengan baik tp di respon di luar dugaan saya. terimakasih sebelumnya tp mohon maaf saya akan memberikan rating ini tp tolong perbaiki pelayanan selagi pelanggannya masih bertanya dan menegur dengan baik kak tolong sekali,2026-02-05 13:03:05,playstore
ffcde3f5-f613-43cf-a4f5-004e60ee4253,"kenapa produk Nuvo wipes, Alfamart tissue dihilangkan dari Alfa Gift?? dulu ada loh?? kecewa banget, kalau udah dibenerin lagi nanti saya kasih 🌟 5",2026-02-05 12:48:48,playstore
1455dbcd-4418-4c8f-94fb-93c3ff1a203c,"mantap Alfa, harga mendingan dari pada si itu",2026-02-05 12:33:56,playstore
3bf74376-5593-4319-8b7d-75beec36fa7e,"saya udah lebih dri 3 pengiriman lebih lm dari estimasi, harusnya sejam malah 3-4 jam lebih",2026-02-05 12:15:33,playstore
3a29b9de-56a3-4ee3-b2a3-ba44f64dd32d,mohon untuk menambahkan metode pembayaran menggunakan QRIS.,2026-02-05 11:55:27,playstore
6b87034b-95f0-4af0-b5f7-4eab01439d07,Baikk praktis dan cepat,2026-02-05 11:46:02,playstore
43c62844-194d-4aac-8e8a-67a795f64187,makin kesini makin kacau sya pesen jam 7 tapi sampe. jam 11 belum sampai juga harus nunggu berapa jam mening blnja keluar sendiiri,2026-02-05 11:42:32,playstore
b80069d8-1c86-4874-be15-ce0d91590553,"Untuk layanan pengiriman prosesnya lama banget, kalo belum bisa melayani pengiriman sebenarnya gak usah buat fitur pengiriman Di chat cuma di baca aja",2026-02-05 08:05:52,playstore
9634474a-b961-43fe-8d2e-29617b1df038,"pengajuan refund dana sangat dipersulit udah jelas jelas orderan di cancel malah refund ditolak , ya terus itu uang kita bagaimana ? harusnya ada sistem otomatis kalau orderan batal otomatis dana kembali ke apk pembayaran digunakan ini malah disuruh nunggu 7x 24 jam dengan tidak jelas refund ditolak , benar benar mengeceewakan , uang nggak jelas hilang kemana barang pun nggak ada",2026-02-05 07:41:04,playstore
b6e2b8e5-86fb-41c1-a442-1f2874fee485,"pengembalian dana sangat ribet, masa cancel orderan dana refund dipersulit",2026-02-05 07:10:17,playstore
e12bfda8-f3dd-4d69-bf99-acf1336b706b,Gabisa lebih lama lagi nganternya?,2026-02-05 05:38:53,playstore
13affaf9-c054-44ef-bd71-e9441fadbb56,aplkasi oke,2026-02-05 04:14:57,playstore
0b9b8c91-8ace-4b8f-b9bb-2f7be4bca9f5,gud,2026-02-05 03:52:15,playstore
b2ecec41-d89d-477f-a65e-8de19dec01ba,kurirnya selalu salah alamat padahal alamatnya sudah ditulis lengkap. setiap beli pasti nyasar ke rumah tetangga. notes di aplikasi tidak dibaca sama sekali.,2026-02-05 02:59:39,playstore
c7d245dc-1a4c-4380-8d12-eb597d4547ae,bagus,2026-02-05 02:59:26,playstore
7a796075-0170-432a-abc5-85ff051b3781,Pakai Blu kok sekarang gak bisa dihubungkan ya kak?,2026-02-05 02:44:17,playstore
ef6e6bd4-8999-4bff-a880-e7bdeb4ecd76,tidak bisa aktivasi kerena puzel tidak bisa digerakkan.,2026-02-05 02:39:28,playstore
3706dc9c-0000-4a57-9566-5a3d259002d9,lemot min,2026-02-05 01:59:26,playstore
713340f8-395f-4036-8b80-54b8e77922c7,App jelekkk login gabisa bikin akun baru gabisa hubungi gabisa anehhhhhhhh,2026-02-05 01:27:53,playstore
07a5bb39-9a84-4292-a2f8-06ffe52ed180,sangat bagus,2026-02-04 23:19:12,playstore
96b020f0-94a1-4f49-92be-a2af96e75f60,"Aokk lah, tadinya saya kasih binatang 5 di Alfagift soalnya biar mudah saya beli kebutuhan pokok buat keluarga dari perantauan buat emak saya, tapi setelah sering belanja di sini eeh ada aja barang yg ketinggalan lah kurang barangnya saat sampai rumah lah salah kirim ke alamat lah ntah ini pegawai nya gimana ada aja tiap belanja kendalanya, heran.",2026-02-04 23:05:03,playstore
5cfe3d66-1039-4fdd-a4c9-2023220caa90,"gimana sih pesen telur di alfagift pas nyampe pecah, tolong kalau nganter barang periksa dulu kalau semisal ada barang yang mudah pecah kayak telur nganter nya hati-hati!",2026-02-04 22:43:13,playstore
28c0ff83-3ffc-4cb4-8730-62f456d497b7,"LEBIH BAIK PAKAI ALFAGIFT DARIPADA KLIK INDOMARET, SAYA SEBAGAI KONSUMEN APLIKASI ALFAGIFT LEBIH MENGUNTUNGKAN UNTUK BELANJA DARIPADA KLIK INDOMARET YANG TIDAK RAMAH KEPADA KONSUMEN MAUPUN KARYAWAN ITU SENDIRI",2026-02-04 16:26:50,playstore
28f0a5ed-c768-4219-b6b2-a6f24e67876e,buruk pelayanannya,2026-02-04 16:16:12,playstore
e47a8d2d-43ae-40cf-996e-add309d6f868,PENGIRIMAN SUPER LAMBAT. SAMPE 3 JAM LEBIH!!!!!!! PEGAWAINYA JG GA SABARAN. CM NUNGGU 9 MENIT AJA LANGSUNG DITINGGAL. PADAHAL SAYA UDH NUNGGU 3 JAM BUAT PRODUCT DATENG!!!,2026-02-04 16:07:39,playstore
15f98e7f-8dcb-4348-8842-4eaa573bd61d,"aplikasi nya jelek, respon nya lama, di apk ada pilihan pengiriman 1 jam setelah pembayaran, tpi ternyata udh lebih dari 2 jam gk ada proses padahal udh bayar, dan di tanya pun respon nya jelek banget, lemot, lelet. dan ini kejadian bukan 1 kali dua kali, tpi udh sering banget. saran aja mending gk ush di kasih pilihan pengiriman 1 jam setelah pembayaran jika tiba-tiba di tunda, tiba tiba gk ada respon pas di tanya, percuma kalau di masih di kasih pilihan tpi tetep aja kayak gini",2026-02-04 14:36:35,playstore
28861e5c-8920-4974-8110-5428bd39df06,"kurir di alfagift makamhaji solo kaya ga pernah sekolah. tiap anter paket ga pernah nyapa ga pernah senyum dan sama sekali ga noleh. klo terpaksa kerja mending berhenti aja. kita belanja bukannya minta. dan setiap barang yg dikirim selalu ada penyoknya dan kadang malah kotor kaya kena pasir, entah itu air mineral galon, susu uht ataupun minuman kaleng, kaya habis dibanting2. terus suka ganti barang sendiri klo item yg dipilih habis tanpa konfirmasi dichat. kalian harus belajar dr indomaret sih.",2026-02-04 14:24:12,playstore
24674b69-d825-415e-983a-b57b654dafe4,harganya beda pengantaran lebihh dari 3 jam nyesel pakenya,2026-02-04 13:53:32,playstore
ba2e0fb1-a39f-4c68-bac9-8b8b0e77fc73,"kok tiba2 bulan ini segala macam produk bean ga ada stock sama sekali? bahkan produk di toko udh habis dan ga bisa beli lg di rumah ortu di Jateng, ini karena toko ga update apa emang aplikasi udh ga bisa dipake?",2026-02-04 11:04:51,playstore
d20a0cdf-1fab-4f57-bfd8-e33e7283c878,aplikasi yang sangat sangat berguna untuk kaum mageran hihii,2026-02-04 10:22:45,playstore
33aabd65-7aab-4a3d-8ac3-bdd9700b3d06,diperbaiki lagi komunikasinya kalau barang rusak konfirmasi diawal gak usah dikirim ke konsumen,2026-02-04 10:13:50,playstore
bc96558a-738b-4b7f-be2b-108f6492c0f6,Aplikasinya sangat membantu dan banyak promonya. walaupun cuman pesen 1 barang ttp dikirim dan gratis ongkir,2026-02-04 10:12:56,playstore
28fab49e-c02e-478a-8eb3-f4203d03ad3e,aplikasinya bagus banget,2026-02-04 09:17:33,playstore
fcfeb92d-d354-4be1-81b9-f54b062dabb0,"TOLONG ALFAGIFT KALO ORANG PESEN JAM SEKIAN, ITU DIANTERNYA SESUAI JAM YA. JANGAN SELESAI BAYAR JAM 4SORE TRS JAM SET10 MALEM BARU DIANTER. OH IYA TRS JUGA TOLONG TAMBAHIN FITUR ""CATATAN"" DIBAGIAN SEBELUM PEMBAYARAN. APALAGI KALO ORANG PESEN KOPI/MAKANAN INSTANT.",2026-02-04 08:13:20,playstore
d4521c65-6697-4096-a347-565a2ddc018b,aplikasi gampang banget terus memudahkan belanja kita kalo males keluar,2026-02-04 07:41:38,playstore
10d2ef32-3bb2-467d-ba56-7a547b8d70ef,keren,2026-02-04 06:20:33,playstore
12196ae0-b444-4927-9db7-7db49d0680c4,"aplikasi membantu namun perlu diperbaiki, stok toko dan stok di sistem alfagift tidak sinkron, dan ini terulang terus menerus, jika sudah siap aplikasi seharusnya data di app sudah sinkron dengan database stok toko. tolong diperbaiki. thanks",2026-02-04 05:22:43,playstore
dac65003-519b-403b-bf0c-dfbaf70627ef,"aplikasi dengan pembuatnya sama² goblog susah banget buat masuk ke aplikasi alfamart padahal jaringan/sinyal normal² aja, kadang kalo begitu biasanya apk alfa nya mau update, update berkali² buat apa kalo apk belum bisa stabil + lancar. gw kasi tau apk indomart itu lebih stabil + lancar + filter pencariannya lebih bervariasi dibanding apk alfamart, dongo update terus² san buat ganti tema apk ama tampilan apk doang?? mending stabilin + lancarin + variatifin (kolom) pencarian apk alfa aja dongo",2026-02-04 05:20:23,playstore
250e6270-7f81-4d81-b061-627a50de3f5b,sipp belanja mudah,2026-02-03 23:59:44,playstore
869b24a4-17a0-4924-a4ae-b5e46a519f0e,uda ga ada pengantaran wilayah ke rumah,2026-02-03 23:51:40,playstore
32f6ec76-deda-4438-9697-19658f912bbc,ini aplikasi kenapa sih? tiap barang masuk keranjang HARGA LANGSUNG BERUBAH JD LEBIH MAHAL DAN TANPA DISKON. tolong perbaiki bugs nya,2026-02-03 23:26:40,playstore
bea7e31c-069d-4d11-b3fa-dafcc4d034e9,"tolong dong, jangan recommend stand yang emang rating alfagiftnya jelek masa pengiriman dibatalkan tapi belum dikembalikan dananya",2026-02-03 19:20:20,playstore
1c628a4c-d53c-4ac2-808b-cf8fd570fc99,"ini yang kedua kali saya dikecewakan. Pesaan jam 7 malam, baru sampai hampir tengah malam. ini no. pesanan 0-260203-AGHRYFD TOKO PENGIRIM XA71-CIPAYUNG. MAAF SAYA BERUSAHA UNTUK SABAR. TAPI UNTUK KALI INI RASANYA SAYA SANGAT KECEWA. SAYA COBA CHAT UNTUK MENANYAKAN PESANAN SAYA, JAWABAN NYA SANGAT TIDAK PROFESIONAL. (BISA CHECK RIWAYAT CHAT SAYA DENGAN PIHAK ALFAGIFT) TOLONG PIHAK ALFA UNTUK DITINDAK LANJUTI.",2026-02-03 16:15:33,playstore
eef8ec45-2598-4c5e-927d-f494f0631cfb,"Top, tapi ada juga struk atau receipt gak di kirim ke akun Alfagif saya setelah saya belanja, tolong di perbaiki lagi dan setiap belanja struk atau receipt harus masuk dong, saya coba minta receipt dari customer service di akun Alfagif dan saya nunggu sampai 24 jam juga gak di kirim2 tuh receipt, tolong di perbaiki lagi pelayanannya ya, terima kasih.",2026-02-03 15:21:02,playstore
c3cfa4a0-6fb5-4d43-8a89-b4e8b8282857,pelayanan di lapangannya mengecewakan,2026-02-03 15:20:18,playstore
95d741ab-ec15-42d1-8566-f50e767213c9,"Maaf ya untuk layanan antar nya nggak banget... chat nggak direspond...Udah 2 jam lebih sampai malem barang belum juga datang..Zzz.Mana we beli eskrim juga...pasti lelehnya dongo.Kalua emang banyak yang pesen, seharusnya staffnya ditambahin dong..harus intropeksi nih pelayanan nya😮‍💨.Maaf ya we uninstall",2026-02-03 15:15:44,playstore
2d59632b-f022-4eca-8024-75deca28b1ce,kenapa akun saya di blokir??? saya member aktif alfa? tolong beri penjelasan dan aktiifkan kembali akun saya,2026-02-03 13:30:54,playstore
cc795736-5e92-4a22-b02d-d9b70a1d61fe,sudah bagus sangat membantu. tapi lebih bagus lagi pengiriman ny tepat waktu. jika 1 jam dr pembayaran hrus nya ada waktu untuk hal lain slama 1 jam. jgn membuat customer menunggu. kita sdh klik yg 1 jam dr pembayaran. trimakasih,2026-02-03 12:44:18,playstore
bf4fa51f-4f64-45b4-b535-f16a4fa01d04,parah paling ga buka beberapa hari mlah langsung di non aktifkan nomernya,2026-02-03 12:30:28,playstore
6f7bd1ea-edb6-4990-9c22-317b76719abb,Sekarang jelek ga pernah update barang di online jadi mau belanja susah harus ke toko dulu. kan bisa tinggal bayar di online ke toko tinggal ambil barang lebih simpel cepet lagi.,2026-02-03 12:27:22,playstore
a186fe6f-ea66-425d-906c-2754e9df5dcc,"pesanan saya ga sampai sampai sy chat ga ada respon, ini pengaduan kmna pesanan udah dibayar",2026-02-03 12:27:00,playstore
749b76ba-851d-423f-b03c-a6bff465c57b,pengiriman lama sekali padahal pengantaran yang dipilih sejam setelah pesanan,2026-02-03 12:02:26,playstore
4810c84a-de23-4a42-878a-294396d0014c,pengiriman sangat mengecewakan...lama & tanpa ada tanggapan.,2026-02-03 11:44:50,playstore
7612ac2a-8c11-46a4-888a-3b3efabb0745,"Sudah berlangganan lama ... Dulu terbaik... Tapi skrng TERBURUK... Pesan jam 8 pagi... Jam 9 berubah menjadi di kirim... selang 20 menit menjadi tertunda sampai jam 11 siang... Minta Tlng Di perbaiki, Saya pesan di area malang , Gresik, Surabaya sama kejadian nya... Sangat Mengecewakan... Kurir saat di tanya jawabnya juga gak pernah enak, Untuk kurir nya, Ya kalau gk mau kirim gak usah di bukain layanan bisa kirim , dari pada mengecewakan orang... Minta tolong di perbaiki...",2026-02-03 11:40:53,playstore
e3cddb4f-f997-464c-99e8-8829e29a922d,good,2026-02-03 11:20:16,playstore
ef69c50b-1216-43c0-810f-4e908c0d8f5f,awalnya bagus kok diantar kerumah dengan baik.tp 2 kali terakhir ini gk mau diantar karena masuk kealfamart yg jaraknya diluar batas pengiriman.tolong yah minimal dikasih peringatan kepembeli pesananannya masuk kealfamart mana biar mereka gk bingung harus gimana..pengembalian dana terutama shoope butuh waktu lama 3 harian.gmn kalau uangnya kepepet emang lg butuh bareng itu dihari itu juga.udh 2 kali yah saya kecewa berat.saya loh yang mempromosikan apk ini kekeluarga.sampai keluarga saya langgan,2026-02-03 08:20:29,playstore
cfda111e-b608-4d49-b526-d59e422d40db,kecewa dgn pengiriman yg sangat lambat melebihi estimasi,2026-02-03 08:18:16,playstore
a3e52c11-eed3-4dae-a6ab-fe2fc1e43be1,"promo, harga, memang bagus. Cuman sayang nya point yg masuk ke aplikasi ini hanya yg nomor telp nya di sebutkan saja, kalau scan barcode itu enggak sama sekali. baru kemarin tanggal 2-2-2026 belanja terus nunjukin Barcode keanggotaan member Alfa, di Scan sama pegawai nya, kirain saya beneran sudah masuk tapi pas saya chek sekarang ternyata tidak. Ntah dari Barcode aplikasinya salah / tidak di scan dengan benar oleh para pekerja (cukup formalitas saja). Jujur kecewa.",2026-02-03 07:56:29,playstore
1318a5c7-494e-4d8f-8339-67ad6b3c00e2,"Sangat sangat kecewa, pesen padahal deket jaraknya bisa sampe 3 jam lebih, bahkan sampe skrg belum sampe, kurir udh di depan katanya tapi sama sekali ga manggil padahal banyak orang di depan malah langsung balik lagi, kacau emang",2026-02-03 07:06:44,playstore
753af7e0-9b1a-403c-a335-7e76c180340a,"makin lama pengiriman makin lwemmottt,, sering kali pengiriman sudah terkirim tpi barang belum sampai,, update lagi dong alfagift masak nunggu sejam lebih gak nyampk²",2026-02-03 04:08:50,playstore
0262db28-7941-47f7-ad45-b980af663413,"pengiriman nya sekarang lama banget, tidak sesuai dengan jam nunggu sampaj berjam²",2026-02-03 03:27:42,playstore
4a1e72be-4e16-479d-b692-5be28e188749,"proses refund nya lama bangt, samsek ga mndukung MENGECEWAKAN",2026-02-03 03:18:28,playstore
652dcf3e-a3b3-4a91-913a-82d89bfbf275,mempermudah untuk berbelanja dan menghabiskan uang haha,2026-02-03 02:59:36,playstore
43d61727-6211-4620-9ec8-81ccac6e671f,"belanja di alfagift bagus banget, banyak promo dan bisa dianterin langsung, transaksi di toko tanpa antri juga bisa🤩",2026-02-03 02:51:53,playstore
cc226c29-50f4-4021-a604-78b953cd60a4,"gatau yang mana yg bermasalah, pas acc pembayaran pake spaylater malah ngulang mulu..di shopee udah dikonfirmasi ulang"" pun tetep ga kepotong"", jadinya dialfagift pun pembayaran ga terkonfirmasi. mohon dikelola permasalahan ini yaa.. kenapa pembayaran SPaylater ga bisa"".. semenjak udh update ada aja masalahny:(",2026-02-02 20:33:40,playstore
0fe3c8e3-9fbf-4dbf-a39a-fe8dcba98dea,sering keluar sendiri,2026-02-02 16:27:06,playstore
9a8590dc-0408-4ac6-b237-ee68feab1b6f,kecewa sih suka di tunda tunda tanpa konfirmasi jadinya kan nunggu sampe gatau di kirim nya kapan,2026-02-02 14:55:26,playstore
db0e6d5c-fde0-4856-a5d6-9f3129691c56,dikirimnya selalu telat...order jam 8 kurang dikirim baru jam 10 malam..yg nunggu sdh ngantuk,2026-02-02 14:53:16,playstore
1fb5b05b-9e73-4c85-b332-f4ca679d6c37,"untuk pencariannya kurang tepat,cari ini keluarnya itu, cari itu keluarnya ini, gmna ini, untuk pengiriman,satu jam setelah pembayaran, ternyata Berjam² padahal dekat, terkadang si pengirim kurang nyaman di lihatnya",2026-02-02 14:34:54,playstore
0e7ea6a7-a987-4f47-906a-532fb86402aa,"pelayanan antar alamat, nihil",2026-02-02 14:17:14,playstore
a62fab05-02ac-4668-bf6e-09c6808e54fc,lebih di tingkat kan lagi pengecekan barang untuk yang belanja lewat apk alfagift. tiap belanja ada bae yang kurang dah,2026-02-02 13:42:42,playstore
fb312b2c-907f-4ab6-8629-301242c41582,Bermanfaat tapi pelayanannya kurang baik.. terlalu sering pengiriman ditunda.. di chat juga tidak pernah direspon 😌😌,2026-02-02 13:19:45,playstore
15b528c6-a8f2-4169-a4b5-d4715e5a4ab6,setiap belanja harus nunggu 2 jam lebih itu pun karena saya tanya di chat padahal sudah dipilih waktu pengiriman paling lama 1 jam setelah pemesanan/pembayaran. ini terjadi berulang dan bukan cuma dijam jam sibuk,2026-02-02 13:06:09,playstore
1ce6bb39-58a6-4532-b3ba-5f8ae0655510,Belanja hemat harga pas,2026-02-02 13:04:46,playstore
4cb0b765-c3d3-47e6-9346-0506be8cdfc6,"halo aku mau batalin pesanan dengan no pesanan S-260202-AGDXFCC karena salah alamat, bantu aku",2026-02-02 12:57:58,playstore
452f7a70-3a9a-4879-9056-b5136cd5b4c8,"APLIKASI TERGAJELAS, ANEH SAYA UDAH BELANJA DAN SUDAH BAYAR KNPA TIBA TIBA PAS MAU MASUK APLIKASI LAGI MALAH DIBLOKIR!!!!!!!!!!",2026-02-02 11:35:13,playstore
56004c82-1b69-405e-a4db-2557c97cf5c4,percuma ada promo udah co pas mau di ambil barang di kasihkan konsumen lain yg blom transaksi curiga itu istri karyawanY atau kluargaY parah ni Alfa Samadikun Cirebon,2026-02-02 09:49:49,playstore
c5c30d92-ecfb-47b1-8be7-182995205b36,"tutup fitur online cabang Samadikun Cirebon,percuma saya udah co giliran ambil barang mau di cancel karena barang ada di keranjang konsumen. barang ambil di cabang lain untuk saya, percuma saya udah pulang males buat ambil eeehh di aplikasi pesanan selesai😅 beginikah pelayananY🤣🤣🤣",2026-02-02 08:59:52,playstore
fe2a3f52-aa1c-4ea8-a951-46b3b4473630,"tgl 2 feb sayaa ambil orderan di toko mau di cancel dengan alasan barang sudah ada di keranjang konsumen lain yg masih liat2 barang dan belom transaksi pembayaran tutup fitur online samadikun Cirebon kalo caraY begitu sampe detik ini sore ga ada perkataan maaf dri mereka begoY knp saya yg dsuruh nunggu klo barang di ambil dri toko lain, harusY klo mau ambil cabang lain itu barang kasih ke saya yg sudah bayar nah bilang ke konsumen itu barangY tunggu d ambil di cabang lain barang blom saya ambil",2026-02-02 08:39:02,playstore
adc2432b-7fdb-42f4-8417-a6003d1d94ed,"tidak bisa memilih toko, saat pesan selalu dikasih toko yang jauh sehingga pesanan harus dibatalkan oleh toko, semoga dapat di upgrade lagi aplikasinya",2026-02-02 07:59:13,playstore
c5988085-5f03-48c0-8c24-a185af4b7177,"pertama kali pake dan udah dibikin kecewa katanya barang masih di gudang estimasi 3harian, terus katanya direfund aja soalnya barang nya rusak dari gudang, disuruh kirim rekening udah dikirim tapi dana gak masuk masuk, sedang kan pesanan keterangan masih di proses cuma udah seminggu masih di proses aja giliran ditanya gak ada jawaban. barang gak sampe dana juga gak masuk.",2026-02-02 07:15:04,playstore
9f6f2902-4a32-4363-b52b-90cbce5b850f,"makasih a, nuhun, tiis ya",2026-02-02 06:34:29,playstore
b5bdbb61-2a19-4775-849d-8a62666607ea,bonus pembelian hilang saat beli online,2026-02-02 04:56:11,playstore
2c95790f-c09a-48c3-bcee-8235e75f0469,"aneh banget sekarang, harga tertera pas di checkout berubah. Voucher sudah sesuai ketentuan tapi ketika co tidak bisa digunakan. Padahal terkadang otomatis terpasang voucher dari rekomendasi ketika mau klik bayar tidak bisa. Aneh sekarang aplikasinya suka error",2026-02-02 02:47:13,playstore
cd1f1896-6ca4-4473-8e88-6f30e2795cad,jelek aplikasi ny. server bermasalah mulu,2026-02-02 02:34:15,playstore
05bede8b-2eb9-466c-971a-d04d6c7f9a8e,"tuh mau belanja kopi bean udah hari rabu jam 1 pagi masih aja 15rb ,promo senin rabu jumat nya 10rb tadi masih 15rb , gak sesuai promosi lu , update promo di percepat sesuai lu promosikan , gw pernah pesen kopi 5bj , jam 1 pagi, pas mau bayar di mintai 15k sm pegawai nya ktanya blm update , di mintai nota ktanya di alfagift ,ternyata kopi nya di input jam 7 pagi dengan harga 10rb ,, benerin noh karyawan jng suka korup",2026-02-01 20:11:53,playstore
7dc9cac6-dd85-4ade-8a49-7e8d03fec2f2,selalu bikin kesall.. pengantarannya lamaaaaaa,2026-02-01 15:39:16,playstore
58e4f462-facd-4fd6-9943-bfadb883704e,"keren, beli berapa pun bisa dianter gratis nyampe ke rumah, bisa nentuin jam juga",2026-02-01 12:48:34,playstore
c96a2d06-fcc5-42f7-abdc-be7023550b4c,"aneh banget tiba-tiba keluar apk nya, terus pas mau masuk bacaan nya ""nomor tidak aktif dan di hapus sesuai permintaan"" padahal ga ngapa ngapain. pake nomor baru juga tetep sama",2026-02-01 11:12:44,playstore
7a007be1-6dd1-4957-86d9-f12d71f6fc53,"aplikasi nya sudah baik, namun tolong ditambahkan fitur penilaian sehabis pembelian untuk mengetahui kinerja karyawan. saya ada case dimana pembelian dilakukan pukul 14:30 dikirim 17:30. Terimakasih untuk tanggapannya",2026-02-01 10:42:00,playstore
94233d60-1a0d-4a31-b073-c700c3f0ac11,"Aplikasi nya bagus dan murah banget,tapi sayangnya pengiriman nya lambat banget,kalau pengiriman nya cepat baru saya kasi bintang 5",2026-02-01 10:30:32,playstore
c1e3b33b-3a96-4c1b-8194-e30af63b8669,"alfa sebelah rumah, tp belanja via alfagift mantab bgt apk nya worth it",2026-02-01 10:02:21,playstore
409887dc-d089-4e6c-9b81-d2adafe1efd9,untuk semuanya ok cuma tolong di perbaiki pelayannya masa orang mau topup EWALET harus nunggu pergantian shift padahal jm 15:05 harus nunggu sampe jam 16:00 masa kalah sama sebelah engga ada nunggu pergantian shift atau yang lain lokasi alfamart depan modern golf club,2026-02-01 08:25:55,playstore
87a864ca-26e3-4d19-bfe9-a3134b07234f,"plis saya sering banget pesen Alfagift tapi udah bbrp kali ini di kecewain, masa pesen barang dari jam 5 subuh milih antar jam 8-10 sampai jam setengah tiga belum datang tu barang",2026-02-01 07:20:39,playstore
834a8f78-753e-45e5-9fc1-1134fb9c498b,kedua kalinya kecewa banget sama Alfamart apalagi Alfamart Karanganyar Tegal pesan jam 10.23 jam 2 baru sampe alasannya pengirimnya cuma 1 lah buset mana ada kompensasi pengganti keterlambatan lagi kecewa ga mau lagi pake alfagift lah mending Indomaret,2026-02-01 07:17:41,playstore
e3b25e0b-0c39-4aa6-9ee7-e65ae36b88ee,"kecewa bnget saya order trus bayarny transfer, barangnya GK dikirim uangnypun GK dibalikin..sekelas Alfamart nipu",2026-02-01 06:06:57,playstore
caeff96b-fd02-4b73-95be-d02711bc4267,harga di aplikasi dan di toko beda 👎,2026-02-01 05:31:00,playstore
d13f1a90-72c6-4022-a60c-fee86cc1bd1c,kenapa sekarang tidak bisa di pesan?? kecewa,2026-02-01 04:51:48,playstore
42d5c8e1-d736-4424-8646-f6325427a7c7,"tolong perbaiki lagi, ini pesanan saya 24 jam blm ada perubahan, kalau bisa kami pengguna bisa memfilter toko paling dekat jika toko disarankan tidak bisa kirim karena overload, kecewa berat, saya tunggu konfirmasinya segera untuk perbaiki",2026-02-01 03:45:24,playstore
460a87b8-6ee1-476e-812e-774122bf7d4b,beli e wallet saldo udah ke potong tapi saldo dana nya gk masuk... lapor CS cuma di tanggapi robot.. apk gagal ini gk bakal belanja disini lagi.. !!!,2026-02-01 00:29:17,playstore
4a568422-bdea-4c8a-8756-436d0f3424f3,"membeli barang melalui alfagift, keterangan maksimal dikirim 1-3 hari tetapi sudah melewati batas waktu tidak ada informasi pengiriman dan tdk ada feedback waktu di konfirmasi melalui chat",2026-02-01 00:14:46,playstore
cc1b7a54-0a65-4ae4-91e5-cd47b7f2293e,"kok cuma bisa top up 75, kemari bagus udah 150 kok diturunin lagi",2026-01-31 17:29:28,playstore
edbed1d5-c3b3-4e7e-9d70-abca9ebf430c,pengirimannya lama bgt sudah chat ke pihaknya pun slow respon,2026-01-31 15:54:29,playstore
b9ae1d53-ff41-4c54-a6f0-219fa95d1475,"Dari 2023 belanja bulanan pasti di Alfagift. Minimal 1juta/bulan, belum termasuk yg beli langsung di toko. Tapi malem ini saya memutuskan utk nggak pake Alfagift lagi. Pelayanannya makin buruk. 2 hari lalu pesenan saya dikirim jam 11 malam dan pesenan saya DILEMPAR DARI BALIK PAGAR. Hari ini saya pesen lagi jam 15.00 dan baru dikirimin jam 10 lewat dengan alasan overload.",2026-01-31 15:46:19,playstore
d54e9255-cdde-40b4-83fd-ccb170485942,"dikemas lebih dari 1 jam dan di chat ngga ada respon, minta uang dikembalikan baru ada proses pengiriman tapii hampir 2 jam belum sampe barang juga belum sampe. serius jika dengan tingkat service kaya gini trus menerus mending ngga usah adaa layanan pengiriman, karena justru menjelekan brand yg udah dibangun",2026-01-31 13:01:58,playstore
68ed5838-a2e4-42d1-8ac8-abd9e32ef5ce,semoga membantu,2026-01-31 12:59:32,playstore
7b8697d2-a671-4ef9-a48a-7f90a24b007f,pengiriman lama,2026-01-31 12:14:44,playstore
1611ee9f-b209-4d1c-8a30-a27f76798dc7,penangan yg sangat lambat dan sangat mengecewakan masa nunggu pesanan sampai 3 jam..tolong buat Alfa lebih di perhatikan lagi jangan bikin orang kecewa,2026-01-31 11:12:38,playstore
6a39f65b-0dfb-43fa-84fb-c732b0af6884,tidak bisa login atau pun daftar baru mohon pencerahaanya,2026-01-31 10:44:26,playstore
e2d2fb71-43d8-4a27-b0b2-41c90558ab1c,"sat yang ampir tiap hari belanja online.karna saya gak sempet.dan gak bisa keluar.ada nya aplikasi memudahkan pengguna seperti saya.tapi pengantaran molor pesan pagi ampe sore"" gak sampe"".gimana cetitanya.kurir gak ada kabar.chat s3rvice gak ada respon.sumpah kecewa bgt sama alfa.",2026-01-31 09:28:12,playstore
ae3639ea-31cf-4c55-8d5a-f4162465a088,"Pengiriman selalu telat, padahal udah pake pengiriman yg maksimal 1 jam sampe. Gak lagi aku make ni aplikasi",2026-01-31 08:59:20,playstore
5a38120a-341e-4f91-aea9-ab6f9d68668d,"Sangat kecewa banget, Saya baru download aplikasi nya terus daftar menggunakan no member dan sudah terdaftar, tapi pas saya buka lagi aplikasi nya kok malah suruh masukin no hp atau no member lagi setelah masukkan no member lagi malah muncul nomor tidak bisa di gunakan karena sudah terdaftar dan sudah tidak aktif tolong bantu",2026-01-31 08:45:08,playstore
083398f1-b042-41e5-a6ba-2966cbe151f1,"min tambahin fitur centang yg dicheckout dong biar kalau mau check out nggk usah hapus whishlist yg di keranjang. sama pilihan banknya jga ditambah dong jangan cuma Mandiri & BCA, BRI BNI diajak kerja sma gitu",2026-01-31 08:40:31,playstore
e2b26177-686d-4e6b-bdf3-688f3ead207a,bukan andelan di saat diperlukan malh jdi beban buat nunggu berjam jam,2026-01-31 07:23:35,playstore
550143ad-2d61-408d-b68e-7b4d793946e5,"sudah beberapa kali saya memesan dengan max pengiriman 1 jam. namun saya harus menunggu lebih dari 1 jam, tanpa ada konfirmasi dari toko terkait orderan saya. giliran mau refund, malah dibilang barang sudah dikirim. tolong konfirmasikan jika ada keterlambatan dalam mengirimkan pesanan. pas mau batal dan refund malah tidak dikembalikan uang saya. kecewa sekali pakai alfagift.",2026-01-31 06:44:17,playstore
e884afb1-6861-4a56-9f4a-09649738d7e8,"app nya bagus sangat menguntungkan cuma cs nya lama masak 1x24 jam baru di balas, bisa di perbaiki lagi untuk live chat nya .",2026-01-31 05:17:06,playstore
d416bacd-52db-4ce4-b2ab-488122be6333,lokasi tidak jauh dari rumah tetapi pesan antar barangnya sampai 2 jam lebih. kecewa,2026-01-31 04:53:31,playstore
618dfffb-319e-4327-bf99-497eb7316d20,"lemottt, install ulang diarahkan verif email, tapi dari email ga bisa diteruskan, segede Alfa, aplikasinya macam begini?",2026-01-31 04:45:07,playstore
eb7a229c-afd1-433b-ab4a-8ed5dd86d7a0,halo alfagift dari tahun lalu saya selalu pakai tp kenapa hari ini tiba2 pengantaran ke alamat saya jadi tidak tercover yaa hehe,2026-01-31 02:26:00,playstore
ef423d3f-db48-44c7-be92-2599a1801dc3,pengiriman lama...pernah sampe besoknya...salah kirm uang gk balik walau udh pengajuan,2026-01-31 02:23:01,playstore
c41087b4-b5a9-4a00-bcd6-92d9ce367950,"Tolong aplikasinya jangan dibuat logout sendiri, agak susah login lagi jika lupa pasword. Tambah lagi reset pasword kode otpnya sudah tidak tersedia lewat email.",2026-01-31 02:02:47,playstore
cbff722c-f00e-46ea-bf8a-c18757f79510,"kalau ad promo.. status di alfagit selalu stok kosong, padahal waktu saya ke alfamart terdekat stok nya numpuk.. say jadi susah belanja nya, seolah mereka g rela kalau orang dapat harga promo.. jadi g di update stok di alfagift nya. ga amanah",2026-01-31 01:30:39,playstore
aef3b72f-01ca-4be6-94ec-3a66897e864c,ribet bgt repot,2026-01-31 00:01:02,playstore
ad598dcf-d4f0-4772-b4f6-c588de4cf573,cara dapet A-point sekarang gmna ya? udah belanja tp point ga nambah,2026-01-30 22:06:20,playstore
23f670dd-1abe-4b5c-af6d-acf283e4ecf6,mantap,2026-01-30 19:12:44,playstore
72ea050e-a04d-41dd-8032-b73c21033c5a,kecewa banget beli lewat alfagift barang dikirim tidak sesuai pesanan dan tidak ada komfirmasi sebelumnya jika stok barang kosong!,2026-01-30 18:14:00,playstore
a16560af-8cbc-4eac-8b1f-7405fc241c08,sangat bagus,2026-01-30 16:49:25,playstore
c94f17f3-ebab-4221-8a7b-a5fb1fda0676,males ah mau cod aja harus ada minimumnya mau beli mie aja susah banget,2026-01-30 14:17:52,playstore
f8fb5c09-e701-4fd3-8715-e9573690243f,belanja jadi mudah ♥️♥️♥️,2026-01-30 13:13:00,playstore
8e46a64a-9991-4b2a-80b4-178759442a14,lama banget pengirimannyaaa,2026-01-30 13:09:43,playstore
bdd7ecc3-9133-4693-a3a2-ab12143ab7c8,pokoknya bagus! tapi kekurangannya sangat disayangkan untuk voucher yang telah dipasang lalu tidak jadi belanja otomatis voucher hangus padahal tidak jadi digunakan,2026-01-30 11:39:27,playstore
da880673-c991-41cb-98f6-d61de75bd9b3,"Aplikasi busuk , stok toko dan di aplikasi tidak pernah sinkron terutama untuk yang promo , sering kali barang di klik dan sudah payment , waktu ambil ditoko stok kosong dan toko dibertanggung jawab atas barangnya kita. beda dengan aplikasi klik indomaret",2026-01-30 09:41:45,playstore
0d2b3077-ae43-4b09-b8a3-e0ed56e4f0b9,bagus banget,2026-01-30 05:29:19,playstore
d191c088-0323-4301-a227-5387e3298e54,sering sering ngabarin promo,2026-01-30 03:02:04,playstore
4a56c66f-9629-4ade-883f-929d6910cdda,"hati² belanja di Alfagift non cod pengalaman saya belanja pembayaran pakai spaylater,sudah berhasil namun pesanan di batalkan otomatis oleh aplikasi Alfagift. saldo saya terpotong dan tagihanpun sudah keluar barang pesanan tidak saya terima. saya komplain dr tanggal 28januari sampai skrg tidak ada respon baik dr pihak Alfa. padahal saya ada bukti pembayaran berhasil dr pihak shopee. saya sangat dirugikan",2026-01-30 02:57:24,playstore
57cf692a-ca04-4eec-8616-9c6b596efed6,"hati² belanja di Alfagift non cod pengalaman saya belanja pembayaran pakai spaylater,sudah berhasil namun pesanan di batalkan otomatis oleh aplikasi Alfagift. saldo saya terpotong dan tagihanpun sudah keluar barang pesanan tidak saya terima. saya komplain dr tanggal 28januari sampai skrg tidak ada respon baik dr pihak Alfa. padahal saya ada bukti pembayaran berhasil dr pihak shopee. saya sangat dirugikan maka dr itu saya beri bintang1 Krn pelayanan Alfagift sangat BURUK & bikin trauma belanja",2026-01-30 02:36:20,playstore
ad65d42c-4eaa-4370-bd37-b1efac22603e,tidak ada metode pembayaran qris,2026-01-30 00:21:11,playstore
5f572ba1-45aa-4a64-8db9-6ee01809e0ba,pas om tinggal pikir aja,2026-01-29 17:06:24,playstore
08c92940-1aae-4ee2-8ae0-d21680a9cf10,kecewa banget sih ini baru pertama kali dan juga pertama pesan di Alfagift ini yang di aplikasi sedang dikirim tetapi ada kendala dan terus dari pihak aplikasi Alfagift nya agak lama tapi ini udah lebih dari dua jam menunggu dan belum datang juga. tolong pihak Alfa agar memprioritaskan costumer offline ataupun yang online,2026-01-29 15:13:40,playstore
7898ab3e-c248-4160-823b-1b2497979281,tolong di perbaiki lagi untuk kurir nya dan kemasan untuk konsumsi dan masa beli bayar nya full malah di balikin saldo nya kurang . tolong jujur jangan curang saya udah 2x kecewa gini gak ada respon nya dari pihak punya alfa nya,2026-01-29 13:33:35,playstore
0f5dde33-165b-4cd0-b1ac-7cd123ee8ab7,"mudah banget pakenya simple praktis, buat yg ngoceh pengiriman lama yaelah secepet cepetnya kurang dari 1 jam selama lama nya juga 1 jam doang kalo pake fitur 1 jam setelah pembayaran, that simple bro jangan di pelintir! udah free ongkir juga wkwk belanja under 20k aja barang selamat sampe tujuan noh, sebelum komentar yg ngadi ngadi minimal diliat itu dikirim dari Alfamart cabang mana kocak, kecuali lu pake fitur cod terus udah pake fitur pengiriman max 1 jam dikirimnya lebih dari itu silahkannn",2026-01-29 12:45:47,playstore
f331d02e-409f-4ffa-86df-e496ea500b8e,"kacau sekrg , pesenan di tumpukin jadi satu lewat gudang . yg biasa sejam nyampe jdi ga bsaa , bagus kayak dulu aja sesuai toko terdekat, kalo urgent enakan toko terdekat . ini mah pesan pagi kebagian jam nya jam 4 sore itu pun lelet juga jam 6 magrib baru nyampe . anak gue keburu kejer nungguin susu .. balikin aja ke awal deh kalo bisa , ga efisien ,masa kalah sma indomaret dn astro . kacau deh kacau alfagift . kalo ada bintang setengah gue kasih setengah deh",2026-01-29 09:28:50,playstore
2ddc57e8-17f0-4b1e-aab4-fc6a47a1a162,"Tolong banget hadirkan cs manusia, bukan bot. kalau tidak bisa live di aplikasi, minimal WA atau sosmed. Aplikasi, WA, bahkan sosmed lainnya semuanya menggunakan bot dan itu sama sekali tidak membantu jika ada kendala. Fitur chat pada pesanan pun tidak membantu, karena toko tidak pernah membalas. Pengiriman tertunda, sudah hampir 2 jam pesanan belum sampai, tidak ada tempat bagi cust untuk follow up.",2026-01-29 08:53:51,playstore
43ff7ddb-5db3-48b5-a534-1bd861acbbbf,"buat alfamart yamansari tolong dong yah di perbaiki layanannya, saya udah langganan lama pake alfagift tapi gak sekali 2 kali loh di kecewain, pengiriman yg sangat lama, admin yg sangat slow respon, ada salah pengiriman juga lama banget konfirmasinya😒😒 mana gak ada permintaan maaf lagi, bad banget",2026-01-29 08:08:33,playstore
8cc215ea-6d00-4aa2-be6a-f1159ad508da,"saya pesan susu bayi dari jam 11 di anter jam 3 sore,anak saya sampe nangis kejer Alfa mart bakauheni Lampung selatan",2026-01-29 08:07:17,playstore
7b1e6a14-7428-4d39-bace-8ad24bab003d,lama pengiriman nya!!!!!!!!!!,2026-01-29 07:35:47,playstore
def260dd-0bdd-4bc0-ab11-f0f013e8d172,"Saat pembayaran aplikasi force close, pas buka ulang mau bayar malah statusnya sudah booking. Gabisa di klik dibayar harus nunggu cancel otomatis dulu, muncul pop-up (Pembayaran sedang diproses). Apanya yang diproses? kan force close, harusnya bisa dibuka ulang ke menu payment👎🏻",2026-01-29 07:25:28,playstore
c0dc5841-3479-4ba9-ab96-6e2525bbafa5,"akhir2 ini aplikasi alfagift betul2 sangat mengecewakan pengantara pesanan semakin lama karena dapat toko yang jauh dan full antrian ,mau dicancel juga tidak bisa karena tdk ada menu pilihan untuk cancel pesanan",2026-01-29 07:09:37,playstore
2820387f-9d06-493f-84b4-ac8239892258,"Sebenarnya aplikasinya bagus promonya juga bagus, tapi karena diri ini pekerjaannya dibidang IT terkadang perlu menginstall beberapa aplikasi untuk menunjang pekerjaan. Namun masalahnya alfagift tidak mau jalan kalau diri ini install itu aplikasi. Gila aja, tiap mau belanja harus uninstall dulu, terus selesai belanja install lagi. Lebih baik diri ini pindah ke sebelah yang enggak berlebihan. kepada developer : Emang tak yakin dengan keamanan sistem yang kau buat sampai paranoid seperti ini?",2026-01-29 07:01:55,playstore
21b52797-f427-4bca-be1c-aef499eb7854,kenapa setiap pesan barang lebih lama dari estimasi waktu bisa lebih 30-50menit dari waktu yg udah dipilih mlh kadang bisa melebihi waktu tersebut males mau ganti aplikasi aja,2026-01-29 04:50:14,playstore
093ac8ab-4152-48f9-b9a4-243968b02dcd,pesanan saya kurang dan gak ada respon dari tokonya di chat di toko segara makmur,2026-01-29 04:47:19,playstore
de469a75-6d6b-437e-90e9-bd17dcb5da57,"ga jelas anjir gua pesen air minum gua chat tokonya gada konfirmasi tar tiba tiba dateng ga konfirmasi cuman lewat chat di apk gada notif,ga chat di wa tar di chat lagi ga dijawab jawab susah banget emang",2026-01-29 03:54:51,playstore
2caa4016-833b-4bb0-be86-1266327aa441,"pendaftaran ribet, minta email baru yg belum pernah dipakai",2026-01-29 01:02:58,playstore
459b40f4-429f-4582-99d9-0f5a24166681,kecewa banget sama respon pelayanan CS mau d aplikasi mau d dm ig sama2 slowres smpe berhari2 ga ada solusi,2026-01-29 00:48:05,playstore
11407ef3-d53d-4679-852d-c60945f27ffc,"Dibatalkan sepihak oleh toko alfamart raflesia ( bekasi timur ) katanya jarak ke rumah saya kejauhan, yaa mana saya tau kalo jauh? kan saya gabisa milih toko juga udah otomatis dari aplikasinya, pas saya cek ulasan alfamart raflesia tersebut digoogle maps. Ternyata banyak yg ngalamin juga wkwk 🤣 saya ukur jarak juga cuma 2km udah kalo gamau nganter gausah adain alfagiftnya kocak 🤣 and then duit gua ditahan alfagift dong gara"" ini sampe harus nunggu 7 hari kerja, BYE OTW UNINSTALL!",2026-01-28 17:06:18,playstore
96467aea-ac56-43d8-882e-5361183b33bf,bukannya makin bagus malah makin parah pelayanan nya. dari yg awalnya bisa dianter dari Alfamart terdekat eh mulai 2025 malah kaga jelas cuma dari 1 Alfa doang. kan waktu kirimnya jadi lama kocak . fix beralih ke astro boy aja gw,2026-01-28 14:24:41,playstore
0e88aa11-9400-4fde-9837-f022be05f9f3,"Saya sangat kecewa dengan alafagift, kemarin2 pengantaran kerumah saya bisa, skrg malah ga bisa lgi dengan alasan ga jelas. semisal klw pun ada ongkir sedikit ga masalah, ni sama sekali ga ada pilihan kecuali ambil sendiri. Klw ambil semdiri mendingan beli diapotek krna seringan saya beli susu dan perlengakapan bayi lainnya krna harga lebih miring.",2026-01-28 13:24:47,playstore
2f0d911f-c850-4b11-9d0b-ff6b385c9218,pengiriman lama bgt sampe 2 jam mentang mentang belanja dikit. gila,2026-01-28 12:58:52,playstore
29a07c28-7c8a-465a-90b6-8b724a2aa226,sangat membantu,2026-01-28 12:47:45,playstore
b7fccb60-be39-47b7-ab6c-08e616c4107b,mantap,2026-01-28 12:22:03,playstore
40e656b8-3684-419c-89ae-ad94877ecf40,sangat membantu dalam memenuhi kebutuhan tampa ribet dah di kirimkan,2026-01-28 10:16:19,playstore
4f363881-aa61-4bd9-993e-53defe3798cc,"sekarang kalau pesan alfagift lama bgt, udah 1 jam dari payment juga masih belum dikirim. mendingan platform sebelah🙂",2026-01-28 09:52:55,playstore
f9caa6cb-26d4-4a4a-a329-98c1700708b3,"lama banget dianterin nya, padahal tadi udah di proses dalam pengantaran tiba tiba tertunda aneh bangett. tolong diperbaiki lagi sistem nya. bikin nunggu lama banget udah 2 jam ga sampe sampe",2026-01-28 09:31:33,playstore
93e884f5-96ab-410a-9180-b302923c4caf,"Tolong kasir pelayanannya sesuai antrian, ada orang serobot antrian tetap saja dilayani 👎🏼",2026-01-27 23:29:42,playstore
385ed228-ddaf-408a-9569-9cb0fa64896d,woiiii gabisa dibukaaa,2026-01-27 11:22:02,playstore
53b210a8-71c8-4a2b-9f3e-45576dab98d5,barang tidak dikirim,2026-01-27 09:32:43,playstore
fd7d1ddc-4da0-47f3-b3d8-2c49ea8e5882,sangat jelek. pengantaran ditaroh diluar kehujanan,2026-01-27 09:32:41,playstore
d1cbe2d3-dcad-41a0-bb48-0e3aa0c8af18,"saya kecewa mau top up di alfamar uwang yg kotor tidak diterima dengan alesan uwang tidak di Terima di mesin kan, apa kah bener klau uwang kotor gak bisa top up di alfamar",2026-01-27 09:14:01,playstore
06ffa444-e9ab-4603-adf4-16f8c7558816,"status pengiriman yang awalnya sedang dikirim tiba tiba jadi tertunda sampai berjam jam, dan ini terjadi bukan sekali dua kali. mungkin bisa lebih diperbaiki lagi",2026-01-27 07:42:44,playstore
c0fc559e-9c8d-4530-bdbf-959d883518da,"Tolong aktifkan lagi fitur hubungi pelanggan lewat Whatsapp agar mempermudah kurir dan pelanggan. kurir gak tau lokasi rumah (karena Toko Sapanya ganti), hubungi lewat alfagift dan tidak terbaca oleh saya.",2026-01-27 06:44:45,playstore
3a89126a-0d85-429d-8729-73e90047a6ff,ALFAGIFT DS PONDOK INDAH MAKIN KE SINI MAKIN BURUK PELAYANAN NYA.. PESAN YANG 1 JAM SAMPAI UDAH DUA JAM ENGGA SAMPE SAMPE ALASAN INI LAH ALASAN ITU LAH KALAH SAMA SEBELAH BARU PESAN LANGSUNG SAMPE. ALFA GIFT DS PONDOK INDAH PELAYANAN BURUK,2026-01-27 06:20:34,playstore
5ec5cdb1-a483-47a9-a9d6-f1dd70f0e709,"tolong ya, akunku kan sebelumnya ganti nomor ke nomor baru karena nomor lama sudah hangus, nah pas aku login lagi kok keterangannya akun tidak ditemukan padahal sebelumnya bisa tapi anehnya emailnya sudah terdaftar dan verifikasinya malah ke nomor lama bukan ke nomor baru",2026-01-27 06:15:32,playstore
6e8b0341-c917-4f38-a37b-86ce9a0f48f5,Ok,2026-01-27 05:57:55,playstore
57035c93-8394-44c7-bda5-cbd4bbcb71fb,"alpikasi bagus , tapi pelayanan lama. nunggu barang sampai 3 jam. paling cepat 2 jam.",2026-01-27 04:38:52,playstore
9e93c1f1-7d92-48de-8aae-e32662eb756e,"lelet bgt pengirimannya, niat beli krn pengen ngemil, eh keburu makan siang wkwk, mending ada ongkir dikit tapi bener, ini gratis tapi seenaknya",2026-01-27 04:31:29,playstore
73712781-610a-437f-b2c4-da2369491a65,update kalo lupa pasang voucher gak harus ilangin barang dulu gt. contoh kaya apk shopee pas kelupaan pasang voucher trs pencet back masih bisa dipasang,2026-01-27 02:50:37,playstore
fbf662bc-d279-4b15-8f87-3e0d37fad840,Good,2026-01-27 01:38:33,playstore
579a17b3-9e63-4f61-a662-70d40b2451f0,TERBAIK,2026-01-26 22:59:32,playstore
6ea083f3-7a89-4b8f-b8de-67f40a52e0d9,"pengiriman lambat padahal pilih 1 jam sampai, tidak bisa dibatalkan, sangat slowrespon padahal sedang sangat membutuhkan barangnya. akhirnya beli di tempat lain, eh setelah menunggu 8 jam diantar, jdi bikin double pengeluaran kan.",2026-01-26 16:14:15,playstore
14588550-821f-4a62-b237-95a94687a573,"jelek banget kualitasnya. saya order dari jam 7, eh malah sampai jam 10 malam nggak dikirim juga. padahal keterangannya kalau order jam 9 ke atas baru dikirim besoknya. benahin lagi deh sistemnya, makin ke sini makin ancur banget ini. nggak sesuai",2026-01-26 15:12:00,playstore
31ba6adc-1f1f-4c20-bc79-cc096fdd4e0b,saya pesen makanan tapi tidak di hantar padahal sudah di bayar,2026-01-26 15:09:04,playstore
863ea0fe-40f2-419a-955f-ad8312a40577,"bukan mempermudah malah mempersulit,",2026-01-26 14:48:51,playstore
9bc12482-2d2a-429c-b479-39bda29101b2,ada skincare yang palsu,2026-01-26 14:29:26,playstore
1f1713ff-0aea-4af4-b21a-8c8856567a13,pikirin keselamatan karyawan . Adain kurir kusus kayak Indomaret cerdas.,2026-01-26 13:10:27,playstore
7f44ee73-5956-4cc1-baf6-8797e4292c7f,pengiriman sering di tunda,2026-01-26 12:07:42,playstore
e9b9c9df-c147-43f2-a473-33a02bc8fa60,"padahal sebelumnya sudah sering belanja online, sekarang sudah tidak bisa lagi karena tiba-tiba alamat menjadi tidak tercover, bintang 1 dulu ya kak, soalnya ada penurunan kualitas pelayanan buat saya.",2026-01-26 11:00:59,playstore
483e49c1-3f2a-4c9a-9a1b-7041aefbe946,kenapa alamat saya sekarang sudah tidsk tercover ya?. padahal sudah sering belanja di kurir,2026-01-26 10:47:47,playstore
0a571184-7548-410b-86e0-99afb01fd334,"mau kasi masukan aja si kan di apk nya udh ada nampilin mau jam berapa di kirim, jam 15.30 katanya dalam pengiriman ku tungguin satu jam kok g dteng ² ku tinggal ke belakang bntr 5 menit e dteng udh di spam mungkin lain kali bisa di tampilkan waktu nya yg lebih spesifik di apk nya jadi customer tahu",2026-01-26 09:57:32,playstore
010c96f3-bde3-4302-826c-f3bd4c3721f8,refundnya ribet banget. jasa pesan antar juga kacau.,2026-01-26 09:01:14,playstore
f359d214-c2f8-4416-a7ad-cd7296082471,"respon dan pelayanan paling buruk, di cek rating toko yg buruk supaya jangan mengecewakan konsumen. respon pembatalan lambat sekali",2026-01-26 08:53:26,playstore
00381c81-393a-4509-807b-e6cadc686c2b,tidak bisa login nomer aktif dibilang tidak aktif gobIok,2026-01-26 08:13:21,playstore
44080676-bb99-4ec1-9381-32b0c460250a,sy order selalu tiap bulan rutin tp sdh 2x selalu ada yg kurang dan gak di kirim lagi,2026-01-26 07:05:12,playstore
486d7998-8a49-4048-a397-d6c5bcedc053,dari awal belanja lewat aplikasi pengiriman tidak pernah sesuai estimasi,2026-01-26 05:18:21,playstore
d2a24b7d-1bbc-41a2-ae4b-5864fb5ba650,"saya pertama kali jadi member di alfa tapi saat itu hanya diminta no telpon. setiap belanja pakai member alfa. tapi saat dowload app, dan memasukkan no hp, aplikasi tdk bisa dibuka, dgn alasan no hp sdh tidak digunakan. jelas jelas setiap belanja saya pakai no hp tsb dan dapat saya cek pointnya, knp saat daftar di app tdk bisa? dan saya merasa tdk mengganti/mengubah nomor tsb. tolong solusinya.",2026-01-26 03:44:21,playstore
7fa46b75-61e4-41c2-8ac7-882564dcf156,"FOTO PRODUKNYA PECAH, JADI GAK BISA LIHAT GAMBARNYA.... AGAK SUSAHHH SIHH KALAU NGGAK ADA GAMBARNYA TOLONG DIPERBAIKI GAMBARNYAAAAA",2026-01-26 03:41:29,playstore
06606b34-66cf-45e8-9223-dc05fbdd5bad,"gercep, pertahankan",2026-01-26 00:14:56,playstore
1d9900b6-8667-4109-8a77-c6209ff9c634,"aplikasinya sangat membantu,promo nya juga banyak setiap bulan sekali",2026-01-25 23:10:15,playstore
a35dccd9-12cd-4473-b9b7-fafbbb1ac756,di cancel karena alesan area tidak coverage mereka,2026-01-25 14:26:21,playstore
4dcd0a84-21e5-4192-810b-08c0665faf7d,"ga bsa mnggunakan aplikasi alfagift,ga bsa di tukar jg",2026-01-25 13:13:27,playstore
30cfc19d-d2e2-4eb7-8474-c2451bce6c1a,"pengiriman lama! pilih opsi pengiriman satu jam tapi 3-4 jam baru sampai, pesan eskrim selaluu meleleh",2026-01-25 12:47:17,playstore
7ca2d04c-9a0f-444c-8a48-be152b0b0a33,menjengklkan,2026-01-25 12:35:48,playstore
a859683a-b01a-401a-be51-8175c3e9364b,berangsur² mahal harga nya kupret bener,2026-01-25 12:13:36,playstore
0c38f8f6-30ec-4e34-966b-e41eae9cf7e5,Saat Barang dipesan tidak bisa tekan batalkan. Saat petugas Salah Pengiriman tidak ada tempat pengaduan,2026-01-25 11:45:52,playstore
90733790-f9c7-4bd1-95a6-2c5b2ac3f679,cuman karna orderan hari ini yg LAMA BANGET jd kasih bintang 1. jd salahin cabangmu yg ada di buduran Sidoarjo itu ya. lebih dr waktu estimasi dan gada kompensasi ataupun permintaan maaf NOL ATTITUDE. gada keterangan juga kenapa telat.,2026-01-25 11:21:09,playstore
ca23db6a-2d53-4087-a85f-f94150ed9bce,kalo bagus saya tambahin bintang ya,2026-01-25 10:36:17,playstore
5f8c8089-727c-4848-9a8a-89f0531f0711,"TERIMA KASIH ALFA, JANGAN SEPERTI TOKO TAWON YA GAK JELAS.",2026-01-25 09:21:18,playstore
1c64c3aa-54ea-4bae-9d4c-aaf767f8415f,"kenapa sekarang gak ada pemilihan pembayaran? kenapa pembayaran langsung menggunakan gopay, sedangkan saya gak punya aplikasi gopay. padahal biasanya pembayaran saya pake transfer bank. tolong diperbaiki sistemnya. MANA PENGIRIMAN PENUH SURUH NUNGGU SAMPE BESOK😌",2026-01-25 08:19:38,playstore
0d847269-d8ff-4f08-a877-da7c39b6c318,"pesen udah satu jam lebih ga di anter anter, percuma adain aplikasi",2026-01-25 07:27:53,playstore
3d663ae3-1f09-4566-a208-98c2f72e9720,pengirimannya lama banget saya milih opsi 1 jam setelaha pembayaran tpi lebij dari 1 jam sampe nyaa pas saya chat di balas pun ngga selalu pengiriman tertundaaa,2026-01-25 06:26:24,playstore
bd8c64bc-3942-4f36-b391-e144c607bcaf,Terdebest yaa cuma 1 kekurangannya kita ga bisa tracking driver udah sampe mana kaya aplikasi Astro,2026-01-25 05:29:13,playstore
120ee10e-f643-4e26-aa1f-99d20a89a4ea,pelayanan bagus. tapi jika satu jenis payment tidak bisa mau ganti payment lain harus nunggu gagal dulu,2026-01-25 05:22:06,playstore
eba3901e-9aa6-40d9-8585-f304b77294f3,belanja pulsa di toko Alfamart kima tidak di mintai no member dan hadiah beli pulsa tidak di berikan,2026-01-25 04:35:27,playstore
cff89de2-c998-4e71-9fb6-a7a49e671421,"lemot banget, kek berat gitu",2026-01-25 04:32:57,playstore
eeeaafbf-4487-476c-861d-083b0b332ef1,"pakai alfagift pertama kali, pengalaman yg tidak menyenangkan. order barang jm 3 sore, sudah melakukan pembayaran, tetapi sampai tengah malam tidak di kirim, alasannya adalah terlalu banyak orderan. dan ke esokan paginya pesanan saya di batalkan oleh toko, anehnya lagi, pengembalian dananya sampai sekarang belum di kembalikan. trimakasih alfa,",2026-01-25 04:27:15,playstore
bcf9b840-4710-43c9-9370-88b9275bc0d4,"saran untuk managemen alfa tolong di buat petugas pengantar di perhatikan upahnya, karna banyak saya beberapa kali beli untuk di antar pesanan tidak di respon bahkan sudah saya chat WA toko yg di system sampai saya telfon pura-pura gak tau akhirnya di batal system, jd tolong di perhatikan upah karyawan bagian pengantara agar sebuh semangat lagi, salam sukses selalu.",2026-01-25 04:12:15,playstore
c75a488b-b59d-428b-9a50-c96bce5ce0aa,aplikasinya makin berat dan jelek,2026-01-25 03:51:17,playstore
9b891167-ce82-46e6-b6c9-327dcff6c7d7,Mohon aplikasi segera diupdate agar dapat memilih belanja dari alfamart daerah terdekat lebih diakuratkan. supaya bisa berbelanja saat ini saya terkendala karena hal tersebut belanja di daerah B tapi lokasi alfamart berada di daerah A,2026-01-25 03:34:35,playstore
276aabaf-6824-40c8-8d29-3f6f6169b431,paan cuma bisa topup sampe 50 doang,2026-01-25 03:08:47,playstore
23be7cbe-d306-4162-a70d-42b702795951,"suka bgt belanja disini, tapi sayang kalo waktu pembayarannya habis transaksi gagal, tapi voucher nya ikutan hangus, pdhl lagi top up dlu buat bayar😭",2026-01-25 02:33:41,playstore
c5ce183b-7e1c-496d-8f0a-a34d007cd90e,"sebenarnya aplikasi sangat² membantu cmn yg jdi Msalah nya itu ada di tokonya, saya sering mendapatkan barang yg kadaluarsa, kadang barang nya kurang, malah yg paling parah saya pernah pesen tpi brang nya ga sampai dan riwayat transaksi nya di hapus jdi saya ga ada bukti klo saya pesan barang",2026-01-25 02:21:39,playstore
733d5012-44ca-4693-82b9-79603696d1c5,"Maaf kali ini saya terlanjur kecewa, saya bikin estimasi smpe jam 21.00 karna info karyawan emang lagi rame, saya maklumin. Saya cuman beli minuman aja 1 tok dari bean, saya chat berulang katanya udh mau dikirim jam 11, saya tungguin ga dtg2, saya ajukan refund, pas jam 12 malem staff chat saya mau dikirim atau ngga, tlg dipikirlah udh jam 12 malem ganggu orang tidur ga? Tolong ditingkatin lagi buat dc parung. Saya kira bakal bagus nih aplikasi, nyatanya staf lama banget",2026-01-24 23:22:34,playstore
0a59ae74-0ca1-451f-8c8e-d3c8c4d7ccb9,Aplikasi eror mulu. Mo payment gak bisa. mau pesen eh barangnya abis semua,2026-01-24 18:28:40,playstore
26cc4714-f2b6-41bd-b840-72ff2e461bea,"Mungkin ini gimana cabangnya, tapi pesen masih di jam pengiriman kok sampe tengah malem juga belum dianter? Udah itu statusnya dalam pengiriman, gimana bisa refund kalo udah diubah duluan, jalan engga, tepat waktu engga, amanah engga, gimana sih? Tolong perbaiki semua sistemnya. Barang fresh mau dipake aja jadi cuma angan-angan doang.",2026-01-24 17:14:44,playstore
98d61aba-a38e-4b2d-b624-4a46cb76cce7,Belanja dari jam setengah 3 sore sampai sekarang jam 10 malam gak dianter-anter!!! Mau dibatalin juga gak bisa.. nyesel banget beli online disini.. padahal butuh itu barang..,2026-01-24 15:03:43,playstore
4f785fbf-7a0d-44df-9376-7b5dc4ca80b8,"padahal dulu pelayanan online selalu gercep, makin kesini makin lelet. maksimal 1 jam, sekarang lebih dari 1 jam. parahnya ga ada fitur cancel. klo merasa overload 1 toko, kan bisa dibagi. cabang alfa ga sedikit, bos! tapi lelet banget.",2026-01-24 14:16:21,playstore
332e3b4e-387b-4005-85f4-e76d552635cc,pengiriman lama terus beda sama yg biru (ind*ma*t).. crew pengirim klo di chat jawaban cm template,2026-01-24 13:26:42,playstore
d1498a7d-7204-4744-af91-b025a7e4ec57,kalo pengembalian dana lama pdhl tertera 1x24 jam tp udh seharian gaada,2026-01-24 12:05:35,playstore
9a45867c-0235-4858-a11c-7c201f29b5db,"mau pesan brg online tp stok kosong, jgn pamer diskon besar tp di klik stok kosong, apa2an,",2026-01-24 11:37:27,playstore
e0c82cef-67ca-42be-9462-99d13d45868c,"awalnya bagus pelayanannya lama2 mengecewakan, pengiriman bisa sampai 3jam, bahkan pernah 7jam pesan jam 3sore datang jam 9malm orang uda mau tidur, pernah juga pesan banyak ice cream unk anak2 ditunggu 3jam baru datang taunya uda jd bubur ice cream nya.",2026-01-24 10:32:10,playstore
28a74af3-d40a-4ce8-8f2b-c267d8f6f934,"jelekkk, selalu ke logout sendiri gabisa login lagi, tulisan nya ""season berakhir"" udh puluhan nomor ku pake gara gara ke logout sndiri, gk bisa dipake lgi nomornya, jdi terpaksa stiap mau pesen slalu pke nomor baru!!",2026-01-24 09:09:17,playstore
4061988c-b375-419b-83be-a5a9c910bf97,"Belanja cepat,nyaman dan santai",2026-01-24 09:01:06,playstore
34e6d2a7-b552-4ebb-85ff-23c5a58415f1,"dulu selalu menggunakan alfgift Krn bs belanja utk keluarga walau beda jarak. tp bbrpa bulan ini ga bs dipakai. sdh di restart atau download lagu tetap ga bs. ga tau masalah dmna, tolong diperbaiki",2026-01-24 07:28:36,playstore
b8c98bd8-3d95-4503-b7ea-4d880e0cb8f4,"crew ngaco . dari pertama order sampe kemaren terakhir ngga pernah ada yg namanya ramah . yg parahnya lagiii , kemaren terakhir order lewat alfagift . rumah saya dmnaaaaa , naroh barangnya dmna . dan saya chat , kenapa ngga tanya sama orang . disitu banyak orang . kenapa harus taroh barang ngasal begitu . dan pas aku tegur lewat chat , dia malah jawab . "" maaf ka memang prosedurnya sudah seperti itu "" hemmm baru tau saya , kalo ada prosedur SOP seperti itu",2026-01-24 07:03:59,playstore
70e0372b-2c80-4f3d-825f-69f23b9b7253,"ribet banget aplikasinya njirr, perkara vpn aja harus dihapus.",2026-01-24 05:10:49,playstore
c53dc05c-cdf8-41ac-93a5-e565c2ce1166,"aplikasi ga jelas, tuker Alfa point aja gabisa",2026-01-24 04:59:00,playstore
1b30e548-8ee8-4ea1-a991-46507daac168,lelet apknya,2026-01-24 04:15:44,playstore
1e205621-7061-4db3-bef0-600fa539b640,setiap pembelian selalu memakai member tapi poin tidak masuk ke aplikasi saya,2026-01-24 03:39:58,playstore
1de1235d-9640-453a-a252-d1a970e6bfc3,pelayanan sangat buruk. 20-30 mnt bisa gak ada kabarnya jadi 2-4 jam. di chat tidak balas. gak rekomen utk belanja disini. kapok. pesanan sebelumnya juga pernah di taruh di pagar tanpa adanya telpon ke saya. masih jauh lebih baik ASTRO daripada ini.,2026-01-24 01:26:08,playstore
c72e9eed-3869-4462-b8ac-087df1f2bfb1,thank you so much 🙏🏻🙏🏻🙏🏻🙏🏻🙏🏻🙏🏻🙏🏻 BINTANG 100. BEST SERVICE,2026-01-24 00:34:12,playstore
f6e337ca-316a-4b12-8f3f-301eb84d454e,mantap,2026-01-24 00:21:19,playstore
1ec231cf-6b6e-41d0-989c-78fbd1d8c41d,mengecewakan,2026-01-23 16:23:52,playstore
1a9d68f3-e736-4c1e-991d-e2c6fec3d698,pelayanan Alfa gift bad ga respon ( PERINTIS KEMERDEKAAN ),2026-01-23 14:32:58,playstore
36464a17-0b59-46bc-8937-f48e1c3696ab,"beli telur 10 biji harganya 26, 2 biji nya busuk,apa maksudnya coba?satunya 2600 lagi,masih untung kalo 2000 ini 2600? busuk lagi,gk tau lagi",2026-01-23 12:24:50,playstore
a064715b-c4e5-4671-9fd5-3dec30591aba,"mesen beras pake alfagift, eh beras nya di ujan""in dong pas dianter. pas dibuka basah semua, mana beli 2 yang 5kg. yg 1 basah semua, 1 lagi selamat -+ 1/4 sisahnya basah kuyup. gak lagi lagi mesen dialfagift, kebuang tuh beras sia sia. niatnya memudahkan, eh malah dibikin susah.",2026-01-23 12:01:38,playstore
3e7322de-4705-4640-b19b-5e7c93c4b14c,sangat buruk pengantaran selalu lama bahkan diantar keesokan hari. kalo stok barang habis yaa dikosongin jangan pas kita udah bayar terua chat ke kita bilangnya kosong. terus ini produk fit me up kosong mulu sekali ada beberapa jam kemudian habis. pegawai lu yang beli yaaa???,2026-01-23 11:46:03,playstore
44dd3aae-d1ba-4c5d-b3e1-4a3c45b445cd,oke.. mantap dan mudah,2026-01-23 06:29:42,playstore
80e7021d-b43e-4d01-abbc-261e0e644830,sumpah dibanding sblh lbh cepet ini tp masih banyak cabang yg pengirimannya lama. pdhl udh ada ketentuan waktunya tp ttp bisa dipending pengirimannya. giliran mau dibatalin gabisa tulisannya udh dikirim manaada dikirim org kaga nyampe2. jdnya tuh org nunggu lama tau!!,2026-01-23 05:36:26,playstore
77e95347-8324-4dbc-8ddf-b48c99e3ec44,"Aplikasi buruk sekali, pesanan tidak dikirim sesuai batas estimasi dan sangat tidak responsif ketika di hubungi dan tidak memberi info jika pesanan ada kendala",2026-01-23 04:28:02,playstore
55c574fb-8e21-4af1-a93e-b741a7db1efa,"memudahkan...,bisa pesan di antar ,bisa jg ambil di toko,",2026-01-23 02:39:44,playstore
d6f413c3-6722-46e9-8488-5ed779ed0103,komplain saya dari tgl 7 ngga ada penyelesaian tiba² kalian balas email dengan keterangan solved bener² ngga rekomen buat d download karna ngga amanah percuma komplain ke email toh ngga bs bantu penyelesaian,2026-01-23 00:14:56,playstore
dbb7bca1-91c9-447c-9440-336eb9ad3036,"aplikasi bego, daftar akun saja tidak bisa. masa ia gak bisa load halaman syarat dan ketentuan",2026-01-22 23:10:48,playstore
e3714a2d-2c96-4f33-b646-93db085399b3,"stock seringkali kosong, sampe pernah 3 hari itupun karena saya desak terus untuk diantarkan kalo ga saya desak udah pasti ga diantar padahal pembayaran lewat online ga cod, tujuan aplikasi ini dibuat bukannya salah satunya itu untuk efisien waktu? tapi malah sebalik. beli kebutuhan sehari² malah disuruh nunggu berhari² kocakk. pernah ke alfa nya langsung saya malah diminta bayar yg saya gatau apa barang nya, di nota gajelas produk apaan, lawak lah pelayanan entah offline ataupun online",2026-01-22 20:57:01,playstore
7eb30a80-d3ab-42dc-80bc-69a64d89fbfa,berguna banget di tempat saya kurir nya tepat waktu kadang juga lama sih tapi gapapa pokoknya bagus deh 5 bintang,2026-01-22 19:11:36,playstore
e99212fe-3272-4bd4-9d43-7e96234c0d94,keren sih ini,2026-01-22 17:06:32,playstore
4b315e62-baa3-4044-b4da-32c60eeb017f,pusat bantuan ramah hanya sama masih sangat kurang efektif,2026-01-22 16:58:31,playstore
2c0a548e-dd29-4b63-9821-96aae03375ca,"apa coba, ini alfagift gbs di pake. kenapa? 1. verif nya kenapa ga ada? gmail? gmail GA penuh, harusnya ada dan harusnya pihak alfagift memberikan opsi lain untuk login. bete ah gabisa makan, benerin noh sistem lu, password bener tp gbs login, malah gabisa login dan harus nunggu SEJAM, kan ga satset.",2026-01-22 15:33:18,playstore
928e80b4-8357-4d88-afeb-3c1b1fd4026d,"pengiriman lambat lebih dari satu jam terus ga ada respon sama sekali di chat juga,tolong dong di perhatikan lagi untuk yang seperti ini,percuma dong ada aplikasi juga",2026-01-22 15:33:14,playstore
afe8a402-4357-4785-a376-9e2d10479b76,Gak tepat waktu,2026-01-22 15:02:07,playstore
6e47c25f-82cc-4288-adf0-1b41ae942b9b,parah pelayanan nya..sudah ke 2X order pembayaran nya pakai spaylater barangnya sama sekali tidak di kirim. makanan nya di embat...,2026-01-22 14:27:11,playstore
a7af0d2d-bd4a-47fb-b20a-e14e681f15d2,"nyusahin, pesen dri jam berapa lama nya minta ampun berjam jam mnding hapus aja deh ni aplikasi minimal adain ada opsi batalkan pesanan",2026-01-22 14:07:25,playstore
d274e2ba-bed2-4098-93ac-5deecb0391cd,sering terjadi penundaan pengiriman,2026-01-22 13:50:01,playstore
4d562973-51c4-4a12-9230-1aa6615ada63,"kapok, pengiriman lelet bener",2026-01-22 13:28:10,playstore
dfb48029-ee52-4a0a-ae57-d119d99daebe,Makin hari makin lambat Alfa gif,2026-01-22 11:30:51,playstore
81ddb296-72ed-4239-849c-5e3b213f2e84,"ampas , akun dibuat dari tahun 2019 skrg mau ganti nomor aja dipersulit . udh email bla2 proses lelet . udh hapus akun terus mau bkin baru aja , aktivitas mencurigakan. dah uninstall + tutup akun lebih baik .",2026-01-22 11:15:42,playstore
306323c0-0dad-416b-ace6-425f9d34efe4,"di akun saya tidak bisa fitur Delivery/COD atau dengan uang cash, padahal di Minggu2 kemarin bisa aduhh",2026-01-22 10:53:19,playstore
f4d19947-c875-48e1-ae58-887d8a33889f,Slfagift ini sangat rekomendasi sekali sangat membantu kita mempermudah kita berbelanja dr rumah Slfagift mantap,2026-01-22 10:13:17,playstore
